time,ms,wallet,name,side,slug,question,outcome,their_price,size,usd,delay_s,action,reason,our_price,premium_pct
2026-09-23 01:40:40,1790120440857,0xcd84d7f9262516865553555751609fb6f52abec6,Donkey14,BUY,mlb-mia-chc-2026-09-22-spread-home-1pt5,Spread: Chicago Cubs (-1.5),Miami Marlins,0.5500000002,205.288889,112.91,351,skipped,market ends in -1 min,,
2026-09-23 01:40:41,1790120441156,0xcd84d7f9262516865553555751609fb6f52abec6,Donkey14,BUY,mlb-hou-sea-2026-09-22-spread-home-1pt5,Spread: Seattle Mariners (-1.5),Seattle Mariners,0.37,7523.0,2783.51,274,copied,,0.38,2.7
2026-09-23 01:46:40,1790120800822,0xcd84d7f9262516865553555751609fb6f52abec6,Donkey14,BUY,mlb-nym-tex-2026-09-22-spread-home-1pt5,Spread: Texas Rangers (-1.5),New York Mets,0.64,228.0,145.92,442,skipped,market ends in 18 min,,
2026-09-23 01:46:41,1790120801072,0xcd84d7f9262516865553555751609fb6f52abec6,Donkey14,BUY,mlb-nym-tex-2026-09-22-spread-home-1pt5,Spread: Texas Rangers (-1.5),New York Mets,0.64,172.0,110.08,442,skipped,market ends in 18 min,,
2026-09-23 01:46:41,1790120801073,0xcd84d7f9262516865553555751609fb6f52abec6,Donkey14,BUY,mlb-nym-tex-2026-09-22-spread-home-1pt5,Spread: Texas Rangers (-1.5),New York Mets,0.64,139.0,88.96,442,skipped,market ends in 18 min,,
2026-09-23 01:46:41,1790120801073,0xcd84d7f9262516865553555751609fb6f52abec6,Donkey14,BUY,mlb-nym-tex-2026-09-22-spread-home-1pt5,Spread: Texas Rangers (-1.5),New York Mets,0.64,9622.22,6158.22,435,skipped,market ends in 18 min,,
2026-09-23 01:46:41,1790120801073,0xcd84d7f9262516865553555751609fb6f52abec6,Donkey14,BUY,mlb-nym-tex-2026-09-22-spread-home-1pt5,Spread: Texas Rangers (-1.5),New York Mets,0.64,40.0,25.6,319,skipped,their trade is only 26 USD,,
2026-09-23 01:46:41,1790120801073,0xcd84d7f9262516865553555751609fb6f52abec6,Donkey14,BUY,mlb-nym-tex-2026-09-22-spread-home-1pt5,Spread: Texas Rangers (-1.5),New York Mets,0.64,13.88,8.88,313,skipped,their trade is only 9 USD,,
2026-09-23 01:46:41,1790120801074,0xcd84d7f9262516865553555751609fb6f52abec6,Donkey14,BUY,mlb-hou-sea-2026-09-22-spread-home-1pt5,Spread: Seattle Mariners (-1.5),Seattle Mariners,0.3700000782,2.301586,0.85,262,skipped,their trade is only 1 USD,,
2026-09-23 01:52:40,1790121160843,0xcd84d7f9262516865553555751609fb6f52abec6,Donkey14,BUY,mlb-hou-sea-2026-09-22-spread-home-1pt5,Spread: Seattle Mariners (-1.5),Seattle Mariners,0.3700000236,6.349205,2.35,183,skipped,their trade is only 2 USD,,
2026-09-23 01:58:40,1790121520840,0xcd84d7f9262516865553555751609fb6f52abec6,Donkey14,BUY,mlb-nym-tex-2026-09-22-spread-home-1pt5,Spread: Texas Rangers (-1.5),New York Mets,0.64,52.0,33.28,180,skipped,their trade is only 33 USD,,
2026-09-23 01:58:40,1790121520840,0xcd84d7f9262516865553555751609fb6f52abec6,Donkey14,BUY,mlb-nym-tex-2026-09-22-spread-home-1pt5,Spread: Texas Rangers (-1.5),New York Mets,0.64,108.0,69.12,180,skipped,market ends in 6 min,,
2026-09-23 01:58:41,1790121521075,0xcd84d7f9262516865553555751609fb6f52abec6,Donkey14,BUY,mlb-nym-tex-2026-09-22-spread-home-1pt5,Spread: Texas Rangers (-1.5),New York Mets,0.64,23911.0,15303.04,178,skipped,market ends in 6 min,,
2026-09-23 01:58:41,1790121521076,0xcd84d7f9262516865553555751609fb6f52abec6,Donkey14,BUY,mlb-nym-tex-2026-09-22-spread-home-1pt5,Spread: Texas Rangers (-1.5),New York Mets,0.64,16.0,10.24,178,skipped,their trade is only 10 USD,,
2026-09-23 01:58:41,1790121521076,0xcd84d7f9262516865553555751609fb6f52abec6,Donkey14,BUY,mlb-nym-tex-2026-09-22-spread-home-1pt5,Spread: Texas Rangers (-1.5),New York Mets,0.64,26.0,16.64,178,skipped,their trade is only 17 USD,,
2026-09-23 01:58:41,1790121521076,0xcd84d7f9262516865553555751609fb6f52abec6,Donkey14,BUY,mlb-nym-tex-2026-09-22-spread-home-1pt5,Spread: Texas Rangers (-1.5),New York Mets,0.64,308.0,197.12,178,skipped,market ends in 6 min,,
2026-09-23 01:58:41,1790121521076,0xcd84d7f9262516865553555751609fb6f52abec6,Donkey14,BUY,mlb-nym-tex-2026-09-22-spread-home-1pt5,Spread: Texas Rangers (-1.5),New York Mets,0.6400000212,5.666667,3.63,174,skipped,their trade is only 4 USD,,
2026-09-23 02:16:40,1790122600715,0xcd84d7f9262516865553555751609fb6f52abec6,Donkey14,BUY,mlb-ari-col-2026-09-22-spread-away-1pt5,Spread: Arizona Diamondbacks (-1.5),Arizona Diamondbacks,0.53,212.0,112.36,195,skipped,market ends in 23 min,,
2026-09-23 02:16:40,1790122600935,0xcd84d7f9262516865553555751609fb6f52abec6,Donkey14,BUY,mlb-ari-col-2026-09-22-spread-away-1pt5,Spread: Arizona Diamondbacks (-1.5),Arizona Diamondbacks,0.53,5561.170213,2947.42,193,skipped,market ends in 23 min,,
2026-09-23 02:16:40,1790122600936,0xcd84d7f9262516865553555751609fb6f52abec6,Donkey14,BUY,mlb-ari-col-2026-09-22-spread-away-1pt5,Spread: Arizona Diamondbacks (-1.5),Arizona Diamondbacks,0.53,100.0,53.0,192,skipped,market ends in 23 min,,
2026-09-23 02:16:40,1790122600936,0xcd84d7f9262516865553555751609fb6f52abec6,Donkey14,BUY,mlb-ari-col-2026-09-22-spread-away-1pt5,Spread: Arizona Diamondbacks (-1.5),Arizona Diamondbacks,0.53,596.0,315.88,190,skipped,market ends in 23 min,,
2026-09-23 02:16:40,1790122600936,0xcd84d7f9262516865553555751609fb6f52abec6,Donkey14,BUY,mlb-ari-col-2026-09-22-spread-away-1pt5,Spread: Arizona Diamondbacks (-1.5),Arizona Diamondbacks,0.53,625.0,331.25,180,skipped,market ends in 23 min,,
2026-09-23 02:16:40,1790122600937,0xcd84d7f9262516865553555751609fb6f52abec6,Donkey14,BUY,mlb-ari-col-2026-09-22-spread-away-1pt5,Spread: Arizona Diamondbacks (-1.5),Arizona Diamondbacks,0.53,596.0,315.88,163,skipped,market ends in 23 min,,
2026-09-23 02:16:40,1790122600937,0xcd84d7f9262516865553555751609fb6f52abec6,Donkey14,BUY,mlb-ari-col-2026-09-22-spread-away-1pt5,Spread: Arizona Diamondbacks (-1.5),Arizona Diamondbacks,0.53,14.27,7.56,157,skipped,their trade is only 8 USD,,
2026-09-23 02:16:40,1790122600937,0xcd84d7f9262516865553555751609fb6f52abec6,Donkey14,BUY,mlb-ari-col-2026-09-22-spread-away-1pt5,Spread: Arizona Diamondbacks (-1.5),Arizona Diamondbacks,0.53,212.0,112.36,156,skipped,market ends in 23 min,,
2026-09-23 02:16:40,1790122600937,0xcd84d7f9262516865553555751609fb6f52abec6,Donkey14,BUY,mlb-ari-col-2026-09-22-spread-away-1pt5,Spread: Arizona Diamondbacks (-1.5),Arizona Diamondbacks,0.53,596.0,315.88,150,skipped,market ends in 23 min,,
2026-09-23 02:16:40,1790122600938,0xcd84d7f9262516865553555751609fb6f52abec6,Donkey14,BUY,mlb-ari-col-2026-09-22-spread-away-1pt5,Spread: Arizona Diamondbacks (-1.5),Arizona Diamondbacks,0.53,596.0,315.88,133,skipped,market ends in 23 min,,
2026-09-23 02:16:40,1790122600938,0xcd84d7f9262516865553555751609fb6f52abec6,Donkey14,BUY,mlb-ari-col-2026-09-22-spread-away-1pt5,Spread: Arizona Diamondbacks (-1.5),Arizona Diamondbacks,0.53,596.0,315.88,105,skipped,market ends in 23 min,,
2026-09-23 02:16:40,1790122600938,0xcd84d7f9262516865553555751609fb6f52abec6,Donkey14,BUY,mlb-ari-col-2026-09-22-spread-away-1pt5,Spread: Arizona Diamondbacks (-1.5),Arizona Diamondbacks,0.53,21.0,11.13,91,skipped,their trade is only 11 USD,,
2026-09-23 02:16:40,1790122600938,0xcd84d7f9262516865553555751609fb6f52abec6,Donkey14,BUY,mlb-ari-col-2026-09-22-spread-away-1pt5,Spread: Arizona Diamondbacks (-1.5),Arizona Diamondbacks,0.53,596.0,315.88,63,skipped,market ends in 23 min,,
2026-09-23 02:22:40,1790122960685,0xcd84d7f9262516865553555751609fb6f52abec6,Donkey14,BUY,mlb-ari-col-2026-09-22-spread-away-1pt5,Spread: Arizona Diamondbacks (-1.5),Arizona Diamondbacks,0.53,191.0,101.23,390,skipped,market ends in 17 min,,
2026-09-23 02:22:40,1790122960685,0xcd84d7f9262516865553555751609fb6f52abec6,Donkey14,BUY,mlb-ari-col-2026-09-22-spread-away-1pt5,Spread: Arizona Diamondbacks (-1.5),Arizona Diamondbacks,0.53,596.0,315.88,381,skipped,market ends in 17 min,,
2026-09-23 02:22:40,1790122960686,0xcd84d7f9262516865553555751609fb6f52abec6,Donkey14,BUY,mlb-ari-col-2026-09-22-spread-away-1pt5,Spread: Arizona Diamondbacks (-1.5),Arizona Diamondbacks,0.53,4.0,2.12,195,skipped,their trade is only 2 USD,,
2026-09-23 02:22:40,1790122960686,0xcd84d7f9262516865553555751609fb6f52abec6,Donkey14,BUY,mlb-ari-col-2026-09-22-spread-away-1pt5,Spread: Arizona Diamondbacks (-1.5),Arizona Diamondbacks,0.53,5.0,2.65,151,skipped,their trade is only 3 USD,,
2026-09-23 02:22:40,1790122960686,0xcd84d7f9262516865553555751609fb6f52abec6,Donkey14,BUY,mlb-ari-col-2026-09-22-spread-away-1pt5,Spread: Arizona Diamondbacks (-1.5),Arizona Diamondbacks,0.5300000056,79.787235,42.29,111,skipped,their trade is only 42 USD,,
2026-09-23 02:22:43,1790122963478,0x3dfb153c197d4c19d3b31c1ecd2c7b6860eeabaf,0x3DFb153c197D4C19D3B31c1ecD2c7B6860eeabAf-1722957908185,BUY,cfb-hawaii-wyom-2026-09-26-spread-away-3pt5,Spread: Hawai'i (-3.5),Wyoming,0.5500000036,83.333334,45.83,102,skipped,their trade is only 46 USD,,
2026-09-23 02:28:40,1790123320625,0xcd84d7f9262516865553555751609fb6f52abec6,Donkey14,BUY,mlb-ari-col-2026-09-22-spread-away-1pt5,Spread: Arizona Diamondbacks (-1.5),Arizona Diamondbacks,0.5300000675,3.553192,1.88,333,skipped,their trade is only 2 USD,,
2026-09-23 02:28:40,1790123320625,0xcd84d7f9262516865553555751609fb6f52abec6,Donkey14,BUY,mlb-ari-col-2026-09-22-spread-away-1pt5,Spread: Arizona Diamondbacks (-1.5),Arizona Diamondbacks,0.53,850.0,450.5,325,skipped,market ends in 11 min,,
2026-09-23 02:28:40,1790123320878,0xcd84d7f9262516865553555751609fb6f52abec6,Donkey14,BUY,mlb-ari-col-2026-09-22-spread-away-1pt5,Spread: Arizona Diamondbacks (-1.5),Arizona Diamondbacks,0.5300000154,22.723405,12.04,106,skipped,their trade is only 12 USD,,
2026-09-23 02:34:40,1790123680649,0xcd84d7f9262516865553555751609fb6f52abec6,Donkey14,BUY,mlb-ari-col-2026-09-22-spread-away-1pt5,Spread: Arizona Diamondbacks (-1.5),Arizona Diamondbacks,0.530000002,15.319149,8.12,384,skipped,their trade is only 8 USD,,
2026-09-23 02:34:40,1790123680650,0xcd84d7f9262516865553555751609fb6f52abec6,Donkey14,BUY,mlb-ari-col-2026-09-22-spread-away-1pt5,Spread: Arizona Diamondbacks (-1.5),Arizona Diamondbacks,0.53,250.0,132.5,376,skipped,market ends in 5 min,,
2026-09-23 02:34:40,1790123680651,0xcd84d7f9262516865553555751609fb6f52abec6,Donkey14,BUY,mlb-ari-col-2026-09-22-spread-away-1pt5,Spread: Arizona Diamondbacks (-1.5),Arizona Diamondbacks,0.530000002,10.212766,5.41,361,skipped,their trade is only 5 USD,,
2026-09-23 02:34:40,1790123680651,0xcd84d7f9262516865553555751609fb6f52abec6,Donkey14,BUY,mlb-ari-col-2026-09-22-spread-away-1pt5,Spread: Arizona Diamondbacks (-1.5),Arizona Diamondbacks,0.53,5.0,2.65,237,skipped,their trade is only 3 USD,,
2026-09-23 02:34:40,1790123680651,0xcd84d7f9262516865553555751609fb6f52abec6,Donkey14,BUY,mlb-ari-col-2026-09-22-spread-away-1pt5,Spread: Arizona Diamondbacks (-1.5),Arizona Diamondbacks,0.53,121.0,64.13,219,skipped,market ends in 5 min,,
2026-09-23 02:34:40,1790123680652,0xcd84d7f9262516865553555751609fb6f52abec6,Donkey14,BUY,mlb-hou-sea-2026-09-22-spread-home-1pt5,Spread: Seattle Mariners (-1.5),Seattle Mariners,0.370000042,5.238094,1.94,207,skipped,their trade is only 2 USD,,
2026-09-23 02:34:40,1790123680652,0xcd84d7f9262516865553555751609fb6f52abec6,Donkey14,BUY,mlb-ari-col-2026-09-22-spread-away-1pt5,Spread: Arizona Diamondbacks (-1.5),Arizona Diamondbacks,0.53,6.0,3.18,201,skipped,their trade is only 3 USD,,
2026-09-23 02:34:44,1790123684828,0x27f738fe203827445690339104aae35b20bc44b0,ic4cream,BUY,wnba-gsv-por-2026-09-22-spread-away-14pt5,Spread: Golden State Valkyries (-14.5),Golden State Valkyries,0.4900001785,1.960785,0.96,261,skipped,their trade is only 1 USD,,
2026-09-23 02:34:44,1790123684828,0x27f738fe203827445690339104aae35b20bc44b0,ic4cream,BUY,mlb-hou-sea-2026-09-22-total-7pt5,Houston Astros vs. Seattle Mariners: O/U 7.5,Under,0.5300000639,3.12766,1.66,139,skipped,their trade is only 2 USD,,
2026-09-23 02:40:40,1790124040628,0xcd84d7f9262516865553555751609fb6f52abec6,Donkey14,BUY,mlb-ari-col-2026-09-22-spread-away-1pt5,Spread: Arizona Diamondbacks (-1.5),Arizona Diamondbacks,0.53,20.0,10.6,477,skipped,their trade is only 11 USD,,
2026-09-23 02:40:40,1790124040628,0xcd84d7f9262516865553555751609fb6f52abec6,Donkey14,BUY,mlb-hou-sea-2026-09-22-spread-home-1pt5,Spread: Seattle Mariners (-1.5),Seattle Mariners,0.3700000315,1.904762,0.7,412,skipped,their trade is only 1 USD,,
2026-09-23 02:46:40,1790124400740,0xcd84d7f9262516865553555751609fb6f52abec6,Donkey14,BUY,mlb-hou-sea-2026-09-22-spread-home-1pt5,Spread: Seattle Mariners (-1.5),Seattle Mariners,0.370000005,7.936508,2.94,471,skipped,their trade is only 3 USD,,
2026-09-23 02:46:40,1790124400740,0xcd84d7f9262516865553555751609fb6f52abec6,Donkey14,BUY,mlb-hou-sea-2026-09-22-spread-home-1pt5,Spread: Seattle Mariners (-1.5),Seattle Mariners,0.3700000011,158.730159,58.73,306,skipped,already copied this position,,
2026-09-23 02:46:40,1790124400740,0xcd84d7f9262516865553555751609fb6f52abec6,Donkey14,BUY,mlb-hou-sea-2026-09-22-spread-home-1pt5,Spread: Seattle Mariners (-1.5),Seattle Mariners,0.370000005,15.873016,5.87,148,skipped,their trade is only 6 USD,,
2026-09-23 02:46:43,1790124403466,0x3dfb153c197d4c19d3b31c1ecd2c7b6860eeabaf,0x3DFb153c197D4C19D3B31c1ecD2c7B6860eeabAf-1722957908185,BUY,mlb-laa-oak-2026-09-22-total-9pt5,Los Angeles Angels vs. Athletics: O/U 9.5,Over,0.4800000208,7.692308,3.69,301,skipped,their trade is only 4 USD,,
2026-09-23 03:04:40,1790125480675,0xcd84d7f9262516865553555751609fb6f52abec6,Donkey14,BUY,mlb-laa-oak-2026-09-22,Los Angeles Angels vs. Athletics,Los Angeles Angels,0.5,69.58,34.79,337,skipped,their trade is only 35 USD,,
2026-09-23 03:04:43,1790125483499,0x3dfb153c197d4c19d3b31c1ecd2c7b6860eeabaf,0x3DFb153c197D4C19D3B31c1ecD2c7B6860eeabAf-1722957908185,BUY,mlb-laa-oak-2026-09-22-total-9pt5,Los Angeles Angels vs. Athletics: O/U 9.5,Over,0.4800000039,91.557693,43.95,312,skipped,their trade is only 44 USD,,
2026-09-23 03:04:43,1790125483500,0x3dfb153c197d4c19d3b31c1ecd2c7b6860eeabaf,0x3DFb153c197D4C19D3B31c1ecD2c7B6860eeabAf-1722957908185,BUY,mlb-min-sf-2026-09-22-total-7pt5,Minnesota Twins vs. San Francisco Giants: O/U 7.5,Under,0.5400000049,65.217392,35.22,214,skipped,their trade is only 35 USD,,
2026-09-23 03:04:43,1790125483500,0x3dfb153c197d4c19d3b31c1ecd2c7b6860eeabaf,0x3DFb153c197D4C19D3B31c1ecD2c7B6860eeabAf-1722957908185,BUY,mlb-min-sf-2026-09-22-total-7pt5,Minnesota Twins vs. San Francisco Giants: O/U 7.5,Under,0.5400000029,130.695653,70.58,73,skipped,market ends in 40 min,,
2026-09-23 03:04:43,1790125483726,0x3dfb153c197d4c19d3b31c1ecd2c7b6860eeabaf,0x3DFb153c197D4C19D3B31c1ecD2c7B6860eeabAf-1722957908185,BUY,mlb-min-sf-2026-09-22-total-7pt5,Minnesota Twins vs. San Francisco Giants: O/U 7.5,Under,0.5400000785,3.565218,1.93,30,skipped,their trade is only 2 USD,,
2026-09-23 03:04:45,1790125485184,0x27f738fe203827445690339104aae35b20bc44b0,ic4cream,BUY,wnba-gsv-por-2026-09-22-spread-away-14pt5,Spread: Golden State Valkyries (-14.5),Golden State Valkyries,0.49,6.0,2.94,352,skipped,their trade is only 3 USD,,
2026-09-23 03:04:45,1790125485185,0x27f738fe203827445690339104aae35b20bc44b0,ic4cream,BUY,wnba-gsv-por-2026-09-22-spread-away-14pt5,Spread: Golden State Valkyries (-14.5),Golden State Valkyries,0.49,377.0,184.73,352,skipped,market ends in 55 min,,
2026-09-23 03:04:45,1790125485471,0x27f738fe203827445690339104aae35b20bc44b0,ic4cream,BUY,wnba-gsv-por-2026-09-22-spread-away-14pt5,Spread: Golden State Valkyries (-14.5),Golden State Valkyries,0.49,271.0,132.79,352,skipped,market ends in 55 min,,
2026-09-23 03:04:45,1790125485471,0x27f738fe203827445690339104aae35b20bc44b0,ic4cream,BUY,wnba-gsv-por-2026-09-22-spread-away-14pt5,Spread: Golden State Valkyries (-14.5),Golden State Valkyries,0.49,363.0,177.87,352,skipped,market ends in 55 min,,
2026-09-23 03:04:45,1790125485472,0x27f738fe203827445690339104aae35b20bc44b0,ic4cream,BUY,wnba-gsv-por-2026-09-22-spread-away-14pt5,Spread: Golden State Valkyries (-14.5),Golden State Valkyries,0.49,22.0,10.78,352,skipped,their trade is only 11 USD,,
2026-09-23 03:04:45,1790125485472,0x27f738fe203827445690339104aae35b20bc44b0,ic4cream,BUY,wnba-gsv-por-2026-09-22-spread-away-14pt5,Spread: Golden State Valkyries (-14.5),Golden State Valkyries,0.49,604.0,295.96,352,skipped,market ends in 55 min,,
2026-09-23 03:04:45,1790125485472,0x27f738fe203827445690339104aae35b20bc44b0,ic4cream,BUY,wnba-gsv-por-2026-09-22-spread-away-14pt5,Spread: Golden State Valkyries (-14.5),Golden State Valkyries,0.49,99.22,48.62,352,skipped,their trade is only 49 USD,,
2026-09-23 03:10:40,1790125840674,0xcd84d7f9262516865553555751609fb6f52abec6,Donkey14,BUY,mlb-laa-oak-2026-09-22,Los Angeles Angels vs. Athletics,Los Angeles Angels,0.5,400.0,200.0,301,copied,,0.51,2.0
2026-09-23 03:10:41,1790125841395,0xcd84d7f9262516865553555751609fb6f52abec6,Donkey14,BUY,mlb-hou-sea-2026-09-22-spread-home-1pt5,Spread: Seattle Mariners (-1.5),Seattle Mariners,0.37,500.0,185.0,229,skipped,already copied this position,,
2026-09-23 03:10:41,1790125841395,0xcd84d7f9262516865553555751609fb6f52abec6,Donkey14,BUY,mlb-laa-oak-2026-09-22,Los Angeles Angels vs. Athletics,Los Angeles Angels,0.5,480.0,240.0,196,skipped,already copied this position,,
2026-09-23 03:10:41,1790125841395,0xcd84d7f9262516865553555751609fb6f52abec6,Donkey14,BUY,mlb-laa-oak-2026-09-22,Los Angeles Angels vs. Athletics,Los Angeles Angels,0.5,100.0,50.0,187,skipped,already copied this position,,
2026-09-23 03:16:40,1790126200731,0xcd84d7f9262516865553555751609fb6f52abec6,Donkey14,BUY,mlb-hou-sea-2026-09-22-spread-home-1pt5,Spread: Seattle Mariners (-1.5),Seattle Mariners,0.370000005,15.873016,5.87,121,skipped,their trade is only 6 USD,,
2026-09-23 03:22:40,1790126560659,0xcd84d7f9262516865553555751609fb6f52abec6,Donkey14,BUY,mlb-laa-oak-2026-09-22,Los Angeles Angels vs. Athletics,Los Angeles Angels,0.5,160.0,80.0,334,skipped,already copied this position,,
2026-09-23 03:22:40,1790126560660,0xcd84d7f9262516865553555751609fb6f52abec6,Donkey14,BUY,mlb-laa-oak-2026-09-22,Los Angeles Angels vs. Athletics,Los Angeles Angels,0.5,20.0,10.0,183,skipped,their trade is only 10 USD,,
2026-09-23 03:28:40,1790126920696,0xcd84d7f9262516865553555751609fb6f52abec6,Donkey14,BUY,mlb-hou-sea-2026-09-22-spread-home-1pt5,Spread: Seattle Mariners (-1.5),Seattle Mariners,0.3700001638,1.587302,0.59,385,skipped,their trade is only 1 USD,,
2026-09-23 03:28:40,1790126920697,0xcd84d7f9262516865553555751609fb6f52abec6,Donkey14,BUY,mlb-sd-lad-2026-09-22,San Diego Padres vs. Los Angeles Dodgers,Los Angeles Dodgers,0.5400000002,2079.293479,1122.82,273,copied,,0.55,1.85
2026-09-23 03:28:44,1790126924223,0x3dfb153c197d4c19d3b31c1ecd2c7b6860eeabaf,0x3DFb153c197D4C19D3B31c1ecD2c7B6860eeabAf-1722957908185,BUY,mlb-min-sf-2026-09-22-total-7pt5,Minnesota Twins vs. San Francisco Giants: O/U 7.5,Under,0.5400000003,867.391305,468.39,240,skipped,market ends in 16 min,,
2026-09-23 03:28:44,1790126924489,0x3dfb153c197d4c19d3b31c1ecd2c7b6860eeabaf,0x3DFb153c197D4C19D3B31c1ecD2c7B6860eeabAf-1722957908185,BUY,mlb-min-sf-2026-09-22-total-7pt5,Minnesota Twins vs. San Francisco Giants: O/U 7.5,Under,0.54,192.0,103.68,207,skipped,market ends in 16 min,,
2026-09-23 03:28:44,1790126924489,0x3dfb153c197d4c19d3b31c1ecd2c7b6860eeabaf,0x3DFb153c197D4C19D3B31c1ecD2c7B6860eeabAf-1722957908185,BUY,mlb-min-sf-2026-09-22-total-7pt5,Minnesota Twins vs. San Francisco Giants: O/U 7.5,Under,0.5400000003,1304.347827,704.35,16,skipped,market ends in 16 min,,
2026-09-23 03:28:45,1790126925983,0x27f738fe203827445690339104aae35b20bc44b0,ic4cream,BUY,mlb-hou-sea-2026-09-22-total-7pt5,Houston Astros vs. Seattle Mariners: O/U 7.5,Under,0.530000094,2.12766,1.13,288,skipped,their trade is only 1 USD,,
2026-09-23 03:28:45,1790126925983,0x27f738fe203827445690339104aae35b20bc44b0,ic4cream,BUY,mlb-hou-sea-2026-09-22-total-7pt5,Houston Astros vs. Seattle Mariners: O/U 7.5,Under,0.5300000012,212.765958,112.77,-5,skipped,market ends in 11 min,,
2026-09-23 03:34:40,1790127280753,0xcd84d7f9262516865553555751609fb6f52abec6,Donkey14,BUY,mlb-laa-oak-2026-09-22,Los Angeles Angels vs. Athletics,Los Angeles Angels,0.5,5.2,2.6,271,skipped,their trade is only 3 USD,,
2026-09-23 03:34:40,1790127280754,0xcd84d7f9262516865553555751609fb6f52abec6,Donkey14,BUY,mlb-laa-oak-2026-09-22,Los Angeles Angels vs. Athletics,Los Angeles Angels,0.5,200.0,100.0,247,skipped,already copied this position,,
2026-09-23 03:34:40,1790127280754,0xcd84d7f9262516865553555751609fb6f52abec6,Donkey14,BUY,mlb-laa-oak-2026-09-22,Los Angeles Angels vs. Athletics,Los Angeles Angels,0.5,10.0,5.0,174,skipped,their trade is only 5 USD,,
2026-09-23 03:34:40,1790127280754,0xcd84d7f9262516865553555751609fb6f52abec6,Donkey14,BUY,mlb-laa-oak-2026-09-22,Los Angeles Angels vs. Athletics,Los Angeles Angels,0.5,180.0,90.0,166,skipped,already copied this position,,
2026-09-23 03:34:43,1790127283534,0x3dfb153c197d4c19d3b31c1ecd2c7b6860eeabaf,0x3DFb153c197D4C19D3B31c1ecD2c7B6860eeabAf-1722957908185,BUY,mlb-min-sf-2026-09-22-total-7pt5,Minnesota Twins vs. San Francisco Giants: O/U 7.5,Under,0.5400000014,217.391305,117.39,309,skipped,market ends in 10 min,,
2026-09-23 03:34:45,1790127285092,0x27f738fe203827445690339104aae35b20bc44b0,ic4cream,BUY,mlb-hou-sea-2026-09-22-total-7pt5,Houston Astros vs. Seattle Mariners: O/U 7.5,Under,0.5300000187,3.744681,1.98,231,skipped,their trade is only 2 USD,,
2026-09-23 03:34:45,1790127285093,0x27f738fe203827445690339104aae35b20bc44b0,ic4cream,BUY,mlb-hou-sea-2026-09-22-total-7pt5,Houston Astros vs. Seattle Mariners: O/U 7.5,Under,0.530000002,127.659575,67.66,112,skipped,market ends in 5 min,,
2026-09-23 03:40:40,1790127640806,0xcd84d7f9262516865553555751609fb6f52abec6,Donkey14,BUY,mlb-laa-oak-2026-09-22,Los Angeles Angels vs. Athletics,Los Angeles Angels,0.5,20.48,10.24,349,skipped,their trade is only 10 USD,,
2026-09-23 03:40:40,1790127640807,0xcd84d7f9262516865553555751609fb6f52abec6,Donkey14,BUY,mlb-laa-oak-2026-09-22,Los Angeles Angels vs. Athletics,Athletics,0.49,498.31,244.17,349,copied,,0.51,4.08
2026-09-23 03:40:41,1790127641265,0xcd84d7f9262516865553555751609fb6f52abec6,Donkey14,BUY,mlb-laa-oak-2026-09-22,Los Angeles Angels vs. Athletics,Los Angeles Angels,0.5,20.0,10.0,333,skipped,their trade is only 10 USD,,
2026-09-23 03:40:44,1790127644118,0x3dfb153c197d4c19d3b31c1ecd2c7b6860eeabaf,0x3DFb153c197D4C19D3B31c1ecD2c7B6860eeabAf-1722957908185,BUY,mlb-hou-sea-2026-09-22-total-7pt5,Houston Astros vs. Seattle Mariners: O/U 7.5,Under,0.54,137073.58,74019.73,348,skipped,market ends in -1 min,,
2026-09-23 03:40:44,1790127644419,0x3dfb153c197d4c19d3b31c1ecd2c7b6860eeabaf,0x3DFb153c197D4C19D3B31c1ecD2c7B6860eeabAf-1722957908185,BUY,mlb-hou-sea-2026-09-22-total-7pt5,Houston Astros vs. Seattle Mariners: O/U 7.5,Under,0.54,1195.652174,645.65,295,skipped,market ends in -1 min,,
2026-09-23 03:40:44,1790127644420,0x3dfb153c197d4c19d3b31c1ecd2c7b6860eeabaf,0x3DFb153c197D4C19D3B31c1ecD2c7B6860eeabAf-1722957908185,BUY,mlb-hou-sea-2026-09-22-total-7pt5,Houston Astros vs. Seattle Mariners: O/U 7.5,Under,0.54,186.0,100.44,202,skipped,market ends in -1 min,,
2026-09-23 03:40:44,1790127644420,0x3dfb153c197d4c19d3b31c1ecd2c7b6860eeabaf,0x3DFb153c197D4C19D3B31c1ecD2c7B6860eeabAf-1722957908185,BUY,mlb-min-sf-2026-09-22-total-7pt5,Minnesota Twins vs. San Francisco Giants: O/U 7.5,Under,0.54,4376.5,2363.31,121,skipped,market ends in 4 min,,
2026-09-23 03:52:40,1790128360734,0xcd84d7f9262516865553555751609fb6f52abec6,Donkey14,BUY,mlb-sd-lad-2026-09-22,San Diego Padres vs. Los Angeles Dodgers,Los Angeles Dodgers,0.54,104.78,56.58,153,skipped,already copied this position,,
2026-09-23 03:52:40,1790128360734,0xcd84d7f9262516865553555751609fb6f52abec6,Donkey14,BUY,mlb-sd-lad-2026-09-22,San Diego Padres vs. Los Angeles Dodgers,Los Angeles Dodgers,0.54,52.39,28.29,150,skipped,their trade is only 28 USD,,
2026-09-23 03:52:40,1790128360735,0xcd84d7f9262516865553555751609fb6f52abec6,Donkey14,BUY,mlb-sd-lad-2026-09-22,San Diego Padres vs. Los Angeles Dodgers,Los Angeles Dodgers,0.54,20.15,10.88,150,skipped,their trade is only 11 USD,,
2026-09-23 03:52:40,1790128360735,0xcd84d7f9262516865553555751609fb6f52abec6,Donkey14,BUY,mlb-sd-lad-2026-09-22,San Diego Padres vs. Los Angeles Dodgers,Los Angeles Dodgers,0.54,51.38,27.75,147,skipped,their trade is only 28 USD,,
2026-09-23 03:52:40,1790128360735,0xcd84d7f9262516865553555751609fb6f52abec6,Donkey14,BUY,mlb-sd-lad-2026-09-22,San Diego Padres vs. Los Angeles Dodgers,Los Angeles Dodgers,0.54,210.56,113.7,135,skipped,already copied this position,,
2026-09-23 03:52:40,1790128360736,0xcd84d7f9262516865553555751609fb6f52abec6,Donkey14,BUY,mlb-sd-lad-2026-09-22,San Diego Padres vs. Los Angeles Dodgers,Los Angeles Dodgers,0.54,323.41,174.64,127,skipped,already copied this position,,
2026-09-23 03:52:40,1790128360736,0xcd84d7f9262516865553555751609fb6f52abec6,Donkey14,BUY,mlb-sd-lad-2026-09-22,San Diego Padres vs. Los Angeles Dodgers,Los Angeles Dodgers,0.54,20.15,10.88,126,skipped,their trade is only 11 USD,,
2026-09-23 03:52:40,1790128360736,0xcd84d7f9262516865553555751609fb6f52abec6,Donkey14,BUY,mlb-sd-lad-2026-09-22,San Diego Padres vs. Los Angeles Dodgers,Los Angeles Dodgers,0.54,52.39,28.29,126,skipped,their trade is only 28 USD,,
2026-09-23 03:52:40,1790128360736,0xcd84d7f9262516865553555751609fb6f52abec6,Donkey14,BUY,mlb-sd-lad-2026-09-22,San Diego Padres vs. Los Angeles Dodgers,Los Angeles Dodgers,0.54,6.04,3.26,124,skipped,their trade is only 3 USD,,
2026-09-23 03:52:40,1790128360737,0xcd84d7f9262516865553555751609fb6f52abec6,Donkey14,BUY,mlb-sd-lad-2026-09-22,San Diego Padres vs. Los Angeles Dodgers,Los Angeles Dodgers,0.54,106.79,57.67,123,skipped,already copied this position,,
2026-09-23 03:52:40,1790128360737,0xcd84d7f9262516865553555751609fb6f52abec6,Donkey14,BUY,mlb-sd-lad-2026-09-22,San Diego Padres vs. Los Angeles Dodgers,Los Angeles Dodgers,0.54,36.27,19.59,120,skipped,their trade is only 20 USD,,
2026-09-23 03:52:40,1790128360737,0xcd84d7f9262516865553555751609fb6f52abec6,Donkey14,BUY,mlb-sd-lad-2026-09-22,San Diego Padres vs. Los Angeles Dodgers,Los Angeles Dodgers,0.54,10.07,5.44,114,skipped,their trade is only 5 USD,,
2026-09-23 03:52:40,1790128360738,0xcd84d7f9262516865553555751609fb6f52abec6,Donkey14,BUY,mlb-sd-lad-2026-09-22,San Diego Padres vs. Los Angeles Dodgers,Los Angeles Dodgers,0.54,2988.26,1613.66,112,skipped,already copied this position,,
2026-09-23 03:52:40,1790128360738,0xcd84d7f9262516865553555751609fb6f52abec6,Donkey14,BUY,mlb-sd-lad-2026-09-22,San Diego Padres vs. Los Angeles Dodgers,Los Angeles Dodgers,0.54,20.15,10.88,111,skipped,their trade is only 11 USD,,
2026-09-23 03:52:40,1790128360738,0xcd84d7f9262516865553555751609fb6f52abec6,Donkey14,BUY,mlb-sd-lad-2026-09-22,San Diego Padres vs. Los Angeles Dodgers,Los Angeles Dodgers,0.54,17.12,9.24,109,skipped,their trade is only 9 USD,,
2026-09-23 03:52:40,1790128360739,0xcd84d7f9262516865553555751609fb6f52abec6,Donkey14,BUY,mlb-sd-lad-2026-09-22,San Diego Padres vs. Los Angeles Dodgers,Los Angeles Dodgers,0.54,20.15,10.88,105,skipped,their trade is only 11 USD,,
2026-09-23 03:52:40,1790128360739,0xcd84d7f9262516865553555751609fb6f52abec6,Donkey14,BUY,mlb-sd-lad-2026-09-22,San Diego Padres vs. Los Angeles Dodgers,Los Angeles Dodgers,0.54,286.13,154.51,102,skipped,already copied this position,,
2026-09-23 03:52:40,1790128360739,0xcd84d7f9262516865553555751609fb6f52abec6,Donkey14,BUY,mlb-sd-lad-2026-09-22,San Diego Padres vs. Los Angeles Dodgers,Los Angeles Dodgers,0.54,47.35,25.57,97,skipped,their trade is only 26 USD,,
2026-09-23 03:52:40,1790128360739,0xcd84d7f9262516865553555751609fb6f52abec6,Donkey14,BUY,mlb-sd-lad-2026-09-22,San Diego Padres vs. Los Angeles Dodgers,Los Angeles Dodgers,0.54,103.77,56.04,93,skipped,already copied this position,,
2026-09-23 03:52:40,1790128360739,0xcd84d7f9262516865553555751609fb6f52abec6,Donkey14,BUY,mlb-sd-lad-2026-09-22,San Diego Padres vs. Los Angeles Dodgers,Los Angeles Dodgers,0.54,51.38,27.75,91,skipped,their trade is only 28 USD,,
2026-09-23 03:52:40,1790128360740,0xcd84d7f9262516865553555751609fb6f52abec6,Donkey14,BUY,mlb-sd-lad-2026-09-22,San Diego Padres vs. Los Angeles Dodgers,Los Angeles Dodgers,0.54,573.27,309.57,91,skipped,already copied this position,,
2026-09-23 03:52:40,1790128360740,0xcd84d7f9262516865553555751609fb6f52abec6,Donkey14,BUY,mlb-sd-lad-2026-09-22,San Diego Padres vs. Los Angeles Dodgers,Los Angeles Dodgers,0.54,4.03,2.18,88,skipped,their trade is only 2 USD,,
2026-09-23 03:52:40,1790128360740,0xcd84d7f9262516865553555751609fb6f52abec6,Donkey14,BUY,mlb-sd-lad-2026-09-22,San Diego Padres vs. Los Angeles Dodgers,Los Angeles Dodgers,0.54,2082.51,1124.56,81,skipped,already copied this position,,
2026-09-23 03:52:40,1790128360741,0xcd84d7f9262516865553555751609fb6f52abec6,Donkey14,BUY,mlb-sd-lad-2026-09-22,San Diego Padres vs. Los Angeles Dodgers,Los Angeles Dodgers,0.54,10.07,5.44,76,skipped,their trade is only 5 USD,,
2026-09-23 03:52:40,1790128360741,0xcd84d7f9262516865553555751609fb6f52abec6,Donkey14,BUY,mlb-sd-lad-2026-09-22,San Diego Padres vs. Los Angeles Dodgers,Los Angeles Dodgers,0.54,52.39,28.29,75,skipped,their trade is only 28 USD,,
2026-09-23 03:52:40,1790128360741,0xcd84d7f9262516865553555751609fb6f52abec6,Donkey14,BUY,mlb-sd-lad-2026-09-22,San Diego Padres vs. Los Angeles Dodgers,Los Angeles Dodgers,0.54,10.07,5.44,72,skipped,their trade is only 5 USD,,
2026-09-23 03:52:40,1790128360741,0xcd84d7f9262516865553555751609fb6f52abec6,Donkey14,BUY,mlb-sd-lad-2026-09-22,San Diego Padres vs. Los Angeles Dodgers,Los Angeles Dodgers,0.54,20.15,10.88,72,skipped,their trade is only 11 USD,,
2026-09-23 03:52:40,1790128360742,0xcd84d7f9262516865553555751609fb6f52abec6,Donkey14,BUY,mlb-sd-lad-2026-09-22,San Diego Padres vs. Los Angeles Dodgers,San Diego Padres,0.450000055,3.636364,1.64,55,skipped,their trade is only 2 USD,,
2026-09-23 03:52:40,1790128360742,0xcd84d7f9262516865553555751609fb6f52abec6,Donkey14,BUY,mlb-sd-lad-2026-09-22,San Diego Padres vs. Los Angeles Dodgers,Los Angeles Dodgers,0.54,41.3,22.3,52,skipped,their trade is only 22 USD,,
2026-09-23 03:52:40,1790128360742,0xcd84d7f9262516865553555751609fb6f52abec6,Donkey14,BUY,mlb-sd-lad-2026-09-22,San Diego Padres vs. Los Angeles Dodgers,Los Angeles Dodgers,0.54,50.37,27.2,51,skipped,their trade is only 27 USD,,
2026-09-23 03:58:40,1790128720733,0xcd84d7f9262516865553555751609fb6f52abec6,Donkey14,BUY,mlb-sd-lad-2026-09-22,San Diego Padres vs. Los Angeles Dodgers,Los Angeles Dodgers,0.54,20.15,10.88,276,skipped,their trade is only 11 USD,,
2026-09-23 03:58:40,1790128720734,0xcd84d7f9262516865553555751609fb6f52abec6,Donkey14,BUY,mlb-sd-lad-2026-09-22,San Diego Padres vs. Los Angeles Dodgers,Los Angeles Dodgers,0.54,623.64,336.77,276,skipped,already copied this position,,
2026-09-23 03:58:40,1790128720734,0xcd84d7f9262516865553555751609fb6f52abec6,Donkey14,BUY,mlb-sd-lad-2026-09-22,San Diego Padres vs. Los Angeles Dodgers,Los Angeles Dodgers,0.54,31.23,16.86,273,skipped,their trade is only 17 USD,,
2026-09-23 03:58:40,1790128720734,0xcd84d7f9262516865553555751609fb6f52abec6,Donkey14,BUY,mlb-sd-lad-2026-09-22,San Diego Padres vs. Los Angeles Dodgers,Los Angeles Dodgers,0.54,115.86,62.56,271,skipped,already copied this position,,
2026-09-23 03:58:40,1790128720735,0xcd84d7f9262516865553555751609fb6f52abec6,Donkey14,BUY,mlb-sd-lad-2026-09-22,San Diego Padres vs. Los Angeles Dodgers,Los Angeles Dodgers,0.54,6.04,3.26,267,skipped,their trade is only 3 USD,,
2026-09-23 03:58:40,1790128720735,0xcd84d7f9262516865553555751609fb6f52abec6,Donkey14,BUY,mlb-sd-lad-2026-09-22,San Diego Padres vs. Los Angeles Dodgers,Los Angeles Dodgers,0.54,20.15,10.88,262,skipped,their trade is only 11 USD,,
2026-09-23 03:58:40,1790128720735,0xcd84d7f9262516865553555751609fb6f52abec6,Donkey14,BUY,mlb-sd-lad-2026-09-22,San Diego Padres vs. Los Angeles Dodgers,Los Angeles Dodgers,0.54,110.82,59.84,259,skipped,already copied this position,,
2026-09-23 03:58:40,1790128720736,0xcd84d7f9262516865553555751609fb6f52abec6,Donkey14,BUY,mlb-sd-lad-2026-09-22,San Diego Padres vs. Los Angeles Dodgers,Los Angeles Dodgers,0.54,168.25,90.86,256,skipped,already copied this position,,
2026-09-23 03:58:40,1790128720736,0xcd84d7f9262516865553555751609fb6f52abec6,Donkey14,BUY,mlb-sd-lad-2026-09-22,San Diego Padres vs. Los Angeles Dodgers,Los Angeles Dodgers,0.54,37.27,20.13,255,skipped,their trade is only 20 USD,,
2026-09-23 03:58:40,1790128720736,0xcd84d7f9262516865553555751609fb6f52abec6,Donkey14,BUY,mlb-sd-lad-2026-09-22,San Diego Padres vs. Los Angeles Dodgers,Los Angeles Dodgers,0.54,5616.85,3033.1,253,skipped,already copied this position,,
2026-09-23 03:58:40,1790128720736,0xcd84d7f9262516865553555751609fb6f52abec6,Donkey14,BUY,mlb-sd-lad-2026-09-22,San Diego Padres vs. Los Angeles Dodgers,Los Angeles Dodgers,0.54,304.26,164.3,246,skipped,already copied this position,,
2026-09-23 03:58:40,1790128720737,0xcd84d7f9262516865553555751609fb6f52abec6,Donkey14,BUY,mlb-sd-lad-2026-09-22,San Diego Padres vs. Los Angeles Dodgers,Los Angeles Dodgers,0.54,31.23,16.86,234,skipped,their trade is only 17 USD,,
2026-09-23 03:58:40,1790128720737,0xcd84d7f9262516865553555751609fb6f52abec6,Donkey14,BUY,mlb-sd-lad-2026-09-22,San Diego Padres vs. Los Angeles Dodgers,Los Angeles Dodgers,0.54,31.23,16.86,232,skipped,their trade is only 17 USD,,
2026-09-23 03:58:40,1790128720737,0xcd84d7f9262516865553555751609fb6f52abec6,Donkey14,BUY,mlb-sd-lad-2026-09-22,San Diego Padres vs. Los Angeles Dodgers,Los Angeles Dodgers,0.5400000347,3.456522,1.87,225,skipped,their trade is only 2 USD,,
2026-09-23 03:58:40,1790128720738,0xcd84d7f9262516865553555751609fb6f52abec6,Donkey14,BUY,mlb-sd-lad-2026-09-22,San Diego Padres vs. Los Angeles Dodgers,Los Angeles Dodgers,0.54,99.74,53.86,216,skipped,already copied this position,,
2026-09-23 03:58:40,1790128720738,0xcd84d7f9262516865553555751609fb6f52abec6,Donkey14,BUY,mlb-sd-lad-2026-09-22,San Diego Padres vs. Los Angeles Dodgers,Los Angeles Dodgers,0.54,100.75,54.41,213,skipped,already copied this position,,
2026-09-23 03:58:40,1790128720738,0xcd84d7f9262516865553555751609fb6f52abec6,Donkey14,BUY,mlb-sd-lad-2026-09-22,San Diego Padres vs. Los Angeles Dodgers,Los Angeles Dodgers,0.54,8.06,4.35,210,skipped,their trade is only 4 USD,,
2026-09-23 03:58:40,1790128720739,0xcd84d7f9262516865553555751609fb6f52abec6,Donkey14,BUY,mlb-sd-lad-2026-09-22,San Diego Padres vs. Los Angeles Dodgers,Los Angeles Dodgers,0.54,23.17,12.51,207,skipped,their trade is only 13 USD,,
2026-09-23 03:58:40,1790128720739,0xcd84d7f9262516865553555751609fb6f52abec6,Donkey14,BUY,mlb-sd-lad-2026-09-22,San Diego Padres vs. Los Angeles Dodgers,Los Angeles Dodgers,0.54,52.39,28.29,199,skipped,their trade is only 28 USD,,
2026-09-23 03:58:40,1790128720739,0xcd84d7f9262516865553555751609fb6f52abec6,Donkey14,BUY,mlb-sd-lad-2026-09-22,San Diego Padres vs. Los Angeles Dodgers,Los Angeles Dodgers,0.54,503.75,272.03,199,skipped,already copied this position,,
2026-09-23 03:58:40,1790128720739,0xcd84d7f9262516865553555751609fb6f52abec6,Donkey14,BUY,mlb-sd-lad-2026-09-22,San Diego Padres vs. Los Angeles Dodgers,Los Angeles Dodgers,0.54,84.63,45.7,198,skipped,their trade is only 46 USD,,
2026-09-23 03:58:40,1790128720739,0xcd84d7f9262516865553555751609fb6f52abec6,Donkey14,BUY,mlb-sd-lad-2026-09-22,San Diego Padres vs. Los Angeles Dodgers,Los Angeles Dodgers,0.5400000004,330.456522,178.45,196,skipped,already copied this position,,
2026-09-23 03:58:40,1790128720740,0xcd84d7f9262516865553555751609fb6f52abec6,Donkey14,BUY,mlb-sd-lad-2026-09-22,San Diego Padres vs. Los Angeles Dodgers,Los Angeles Dodgers,0.54,10.07,5.44,192,skipped,their trade is only 5 USD,,
2026-09-23 03:58:40,1790128720740,0xcd84d7f9262516865553555751609fb6f52abec6,Donkey14,BUY,mlb-sd-lad-2026-09-22,San Diego Padres vs. Los Angeles Dodgers,Los Angeles Dodgers,0.54,56.42,30.47,190,skipped,their trade is only 30 USD,,
2026-09-23 03:58:40,1790128720740,0xcd84d7f9262516865553555751609fb6f52abec6,Donkey14,BUY,mlb-sd-lad-2026-09-22,San Diego Padres vs. Los Angeles Dodgers,Los Angeles Dodgers,0.54,206.53,111.53,190,skipped,already copied this position,,
2026-09-23 03:58:40,1790128720741,0xcd84d7f9262516865553555751609fb6f52abec6,Donkey14,BUY,mlb-sd-lad-2026-09-22,San Diego Padres vs. Los Angeles Dodgers,Los Angeles Dodgers,0.54,10.07,5.44,190,skipped,their trade is only 5 USD,,
2026-09-23 03:58:40,1790128720741,0xcd84d7f9262516865553555751609fb6f52abec6,Donkey14,BUY,mlb-sd-lad-2026-09-22,San Diego Padres vs. Los Angeles Dodgers,Los Angeles Dodgers,0.54,104.78,56.58,189,skipped,already copied this position,,
2026-09-23 03:58:40,1790128720741,0xcd84d7f9262516865553555751609fb6f52abec6,Donkey14,BUY,mlb-sd-lad-2026-09-22,San Diego Padres vs. Los Angeles Dodgers,Los Angeles Dodgers,0.54,2055.31,1109.87,187,skipped,already copied this position,,
2026-09-23 03:58:40,1790128720741,0xcd84d7f9262516865553555751609fb6f52abec6,Donkey14,BUY,mlb-sd-lad-2026-09-22,San Diego Padres vs. Los Angeles Dodgers,Los Angeles Dodgers,0.54,211.93,114.44,184,skipped,already copied this position,,
2026-09-23 03:58:40,1790128720741,0xcd84d7f9262516865553555751609fb6f52abec6,Donkey14,BUY,mlb-sd-lad-2026-09-22,San Diego Padres vs. Los Angeles Dodgers,San Diego Padres,0.4500001106,3.163637,1.42,81,skipped,their trade is only 1 USD,,
2026-09-23 04:04:40,1790129080737,0xcd84d7f9262516865553555751609fb6f52abec6,Donkey14,BUY,mlb-sd-lad-2026-09-22,San Diego Padres vs. Los Angeles Dodgers,San Diego Padres,0.4500000304,4.927273,2.22,300,skipped,their trade is only 2 USD,,
2026-09-23 04:16:43,1790129803607,0x3dfb153c197d4c19d3b31c1ecd2c7b6860eeabaf,0x3DFb153c197D4C19D3B31c1ecD2c7B6860eeabAf-1722957908185,BUY,cfb-hawaii-wyom-2026-09-26-spread-away-2pt5,Spread: Hawai'i (-2.5),Wyoming,0.47,100.75,47.35,208,skipped,their trade is only 47 USD,,
2026-09-23 04:16:43,1790129803608,0x3dfb153c197d4c19d3b31c1ecd2c7b6860eeabaf,0x3DFb153c197D4C19D3B31c1ecD2c7B6860eeabAf-1722957908185,BUY,cfb-hawaii-wyom-2026-09-26-spread-away-2pt5,Spread: Hawai'i (-2.5),Wyoming,0.47,201.5,94.7,208,copied,,0.48,2.13
2026-09-23 04:40:45,1790131245104,0x27f738fe203827445690339104aae35b20bc44b0,ic4cream,BUY,atp-royer-walton-2026-09-22,Hangzhou Open: Valentin Royer vs Adam Walton,Valentin Royer,0.4800000266,9.038462,4.34,120,skipped,their trade is only 4 USD,,
2026-09-23 04:40:45,1790131245105,0x27f738fe203827445690339104aae35b20bc44b0,ic4cream,BUY,atp-royer-walton-2026-09-22,Hangzhou Open: Valentin Royer vs Adam Walton,Valentin Royer,0.48,15.5,7.44,87,skipped,their trade is only 7 USD,,
2026-09-23 05:04:39,1790132679253,0xe015b5a2a299167be835a2fd1e86f09c49e06ffd,TAIWANNUMBERONE,BUY,mlb-tb-nyy-2026-09-23,Tampa Bay Rays vs. New York Yankees,New York Yankees,0.58,246.31,142.86,337,copied,,0.59,1.72
2026-09-23 05:16:43,1790133403560,0x3dfb153c197d4c19d3b31c1ecd2c7b6860eeabaf,0x3DFb153c197D4C19D3B31c1ecD2c7B6860eeabAf-1722957908185,BUY,cfb-hawaii-wyom-2026-09-26-spread-away-2pt5,Spread: Hawai'i (-2.5),Wyoming,0.47,105.79,49.72,270,skipped,their trade is only 50 USD,,
2026-09-23 06:04:39,1790136279335,0xe015b5a2a299167be835a2fd1e86f09c49e06ffd,TAIWANNUMBERONE,BUY,mlb-tb-nyy-2026-09-23,Tampa Bay Rays vs. New York Yankees,New York Yankees,0.5800001092,2.380953,1.38,132,skipped,their trade is only 1 USD,,
2026-09-23 14:54:55,1790168095321,0xe015b5a2a299167be835a2fd1e86f09c49e06ffd,TAIWANNUMBERONE,BUY,mlb-tb-nyy-2026-09-23,Tampa Bay Rays vs. New York Yankees,New York Yankees,0.59,15.0,8.85,8137,skipped,seen 136 min late,,
2026-09-23 14:54:55,1790168095325,0xe015b5a2a299167be835a2fd1e86f09c49e06ffd,TAIWANNUMBERONE,BUY,mlb-tb-nyy-2026-09-23,Tampa Bay Rays vs. New York Yankees,New York Yankees,0.59,24.39,14.39,7979,skipped,seen 133 min late,,
2026-09-23 14:54:55,1790168095325,0xe015b5a2a299167be835a2fd1e86f09c49e06ffd,TAIWANNUMBERONE,BUY,mlb-tb-nyy-2026-09-23,Tampa Bay Rays vs. New York Yankees,New York Yankees,0.59,24.39,14.39,7549,skipped,seen 126 min late,,
2026-09-23 14:54:55,1790168095325,0xe015b5a2a299167be835a2fd1e86f09c49e06ffd,TAIWANNUMBERONE,BUY,mlb-tb-nyy-2026-09-23,Tampa Bay Rays vs. New York Yankees,New York Yankees,0.59,24.39,14.39,7117,skipped,seen 119 min late,,
2026-09-23 14:54:55,1790168095326,0xe015b5a2a299167be835a2fd1e86f09c49e06ffd,TAIWANNUMBERONE,BUY,mlb-tb-nyy-2026-09-23,Tampa Bay Rays vs. New York Yankees,New York Yankees,0.59,28.0,16.52,6742,skipped,seen 112 min late,,
2026-09-23 14:54:55,1790168095326,0xe015b5a2a299167be835a2fd1e86f09c49e06ffd,TAIWANNUMBERONE,BUY,mlb-tb-nyy-2026-09-23,Tampa Bay Rays vs. New York Yankees,New York Yankees,0.59,24.39,14.39,6680,skipped,seen 111 min late,,
2026-09-23 14:54:55,1790168095326,0xe015b5a2a299167be835a2fd1e86f09c49e06ffd,TAIWANNUMBERONE,BUY,mlb-tb-nyy-2026-09-23,Tampa Bay Rays vs. New York Yankees,New York Yankees,0.59,24.39,14.39,6238,skipped,seen 104 min late,,
2026-09-23 14:54:55,1790168095326,0xe015b5a2a299167be835a2fd1e86f09c49e06ffd,TAIWANNUMBERONE,BUY,mlb-tb-nyy-2026-09-23,Tampa Bay Rays vs. New York Yankees,New York Yankees,0.59,24.39,14.39,5792,skipped,seen 97 min late,,
2026-09-23 14:54:55,1790168095326,0xe015b5a2a299167be835a2fd1e86f09c49e06ffd,TAIWANNUMBERONE,BUY,mlb-tb-nyy-2026-09-23,Tampa Bay Rays vs. New York Yankees,New York Yankees,0.59,24.39,14.39,5342,skipped,seen 89 min late,,
2026-09-23 14:54:55,1790168095327,0xe015b5a2a299167be835a2fd1e86f09c49e06ffd,TAIWANNUMBERONE,BUY,mlb-tb-nyy-2026-09-23,Tampa Bay Rays vs. New York Yankees,New York Yankees,0.59,24.39,14.39,4891,skipped,seen 82 min late,,
2026-09-23 14:54:55,1790168095327,0xe015b5a2a299167be835a2fd1e86f09c49e06ffd,TAIWANNUMBERONE,BUY,mlb-tb-nyy-2026-09-23,Tampa Bay Rays vs. New York Yankees,New York Yankees,0.59,24.39,14.39,4433,skipped,seen 74 min late,,
2026-09-23 14:54:55,1790168095327,0xe015b5a2a299167be835a2fd1e86f09c49e06ffd,TAIWANNUMBERONE,BUY,mlb-tb-nyy-2026-09-23,Tampa Bay Rays vs. New York Yankees,New York Yankees,0.59,24.39,14.39,3973,skipped,seen 66 min late,,
2026-09-23 14:54:55,1790168095327,0xe015b5a2a299167be835a2fd1e86f09c49e06ffd,TAIWANNUMBERONE,BUY,mlb-tb-nyy-2026-09-23,Tampa Bay Rays vs. New York Yankees,New York Yankees,0.59,24.39,14.39,3511,skipped,seen 59 min late,,
2026-09-23 14:54:55,1790168095327,0xe015b5a2a299167be835a2fd1e86f09c49e06ffd,TAIWANNUMBERONE,BUY,mlb-tb-nyy-2026-09-23-spread-home-1pt5,Spread: New York Yankees (-1.5),New York Yankees,0.38,12380.306452,4704.52,3050,skipped,seen 51 min late,,
2026-09-23 14:54:55,1790168095327,0xe015b5a2a299167be835a2fd1e86f09c49e06ffd,TAIWANNUMBERONE,BUY,mlb-tb-nyy-2026-09-23,Tampa Bay Rays vs. New York Yankees,New York Yankees,0.59,15227.170732,8984.03,3049,skipped,seen 51 min late,,
2026-09-23 14:54:55,1790168095328,0xe015b5a2a299167be835a2fd1e86f09c49e06ffd,TAIWANNUMBERONE,BUY,mlb-tb-nyy-2026-09-23,Tampa Bay Rays vs. New York Yankees,New York Yankees,0.59,24.39,14.39,3044,skipped,seen 51 min late,,
2026-09-23 14:54:55,1790168095328,0xe015b5a2a299167be835a2fd1e86f09c49e06ffd,TAIWANNUMBERONE,BUY,mlb-tb-nyy-2026-09-23-spread-home-1pt5,Spread: New York Yankees (-1.5),New York Yankees,0.3800000093,6.451613,2.45,2972,skipped,seen 50 min late,,
2026-09-23 14:54:55,1790168095328,0xe015b5a2a299167be835a2fd1e86f09c49e06ffd,TAIWANNUMBERONE,BUY,mlb-tb-nyy-2026-09-23-spread-home-1pt5,Spread: New York Yankees (-1.5),New York Yankees,0.38,24.0,9.12,2657,skipped,seen 44 min late,,
2026-09-23 14:54:55,1790168095328,0xe015b5a2a299167be835a2fd1e86f09c49e06ffd,TAIWANNUMBERONE,BUY,mlb-tb-nyy-2026-09-23,Tampa Bay Rays vs. New York Yankees,New York Yankees,0.59,243.0,143.37,2648,skipped,seen 44 min late,,
2026-09-23 14:54:55,1790168095328,0xe015b5a2a299167be835a2fd1e86f09c49e06ffd,TAIWANNUMBERONE,BUY,mlb-tb-nyy-2026-09-23,Tampa Bay Rays vs. New York Yankees,New York Yankees,0.59,24.39,14.39,2575,skipped,seen 43 min late,,
2026-09-23 14:54:55,1790168095329,0xe015b5a2a299167be835a2fd1e86f09c49e06ffd,TAIWANNUMBERONE,BUY,mlb-tb-nyy-2026-09-23,Tampa Bay Rays vs. New York Yankees,New York Yankees,0.59,23.0,13.57,2318,skipped,seen 39 min late,,
2026-09-23 14:54:55,1790168095329,0xe015b5a2a299167be835a2fd1e86f09c49e06ffd,TAIWANNUMBERONE,BUY,mlb-tb-nyy-2026-09-23,Tampa Bay Rays vs. New York Yankees,New York Yankees,0.59,24.39,14.39,2104,skipped,seen 35 min late,,
2026-09-23 14:54:55,1790168095329,0xe015b5a2a299167be835a2fd1e86f09c49e06ffd,TAIWANNUMBERONE,BUY,mlb-tb-nyy-2026-09-23,Tampa Bay Rays vs. New York Yankees,New York Yankees,0.59,3.0,1.77,2042,skipped,seen 34 min late,,
2026-09-23 14:54:55,1790168095329,0xe015b5a2a299167be835a2fd1e86f09c49e06ffd,TAIWANNUMBERONE,BUY,mlb-tb-nyy-2026-09-23-spread-home-1pt5,Spread: New York Yankees (-1.5),New York Yankees,0.38,1448.23,550.33,1972,skipped,seen 33 min late,,
2026-09-23 14:54:55,1790168095329,0xe015b5a2a299167be835a2fd1e86f09c49e06ffd,TAIWANNUMBERONE,BUY,mlb-tb-nyy-2026-09-23-spread-home-1pt5,Spread: New York Yankees (-1.5),New York Yankees,0.38,33.23,12.63,1964,skipped,seen 33 min late,,
2026-09-23 14:54:55,1790168095330,0xe015b5a2a299167be835a2fd1e86f09c49e06ffd,TAIWANNUMBERONE,BUY,mlb-tb-nyy-2026-09-23,Tampa Bay Rays vs. New York Yankees,New York Yankees,0.59,12.0,7.08,1771,skipped,seen 30 min late,,
2026-09-23 14:54:55,1790168095330,0xe015b5a2a299167be835a2fd1e86f09c49e06ffd,TAIWANNUMBERONE,BUY,mlb-tb-nyy-2026-09-23,Tampa Bay Rays vs. New York Yankees,New York Yankees,0.59,24.39,14.39,1628,skipped,seen 27 min late,,
2026-09-23 14:54:55,1790168095330,0xe015b5a2a299167be835a2fd1e86f09c49e06ffd,TAIWANNUMBERONE,BUY,mlb-tb-nyy-2026-09-23,Tampa Bay Rays vs. New York Yankees,New York Yankees,0.59,15554.99,9177.44,1519,skipped,seen 25 min late,,
2026-09-23 14:54:55,1790168095330,0xe015b5a2a299167be835a2fd1e86f09c49e06ffd,TAIWANNUMBERONE,BUY,mlb-tb-nyy-2026-09-23,Tampa Bay Rays vs. New York Yankees,New York Yankees,0.59,22222.0,13110.98,1519,skipped,seen 25 min late,,
2026-09-23 14:54:55,1790168095330,0xe015b5a2a299167be835a2fd1e86f09c49e06ffd,TAIWANNUMBERONE,BUY,mlb-tb-nyy-2026-09-23,Tampa Bay Rays vs. New York Yankees,New York Yankees,0.59,22494.15,13271.55,1519,skipped,seen 25 min late,,
2026-09-23 14:54:58,1790168098214,0x8c0b024c17831a0dde038547b7e791ae6a0d7aa5,THEHIGHLIFE,BUY,lol-fnl-cpd-2026-09-23,LoL: FENNEL vs Cupid Esports (BO1) - World Star Challengers Invitational Group C,FENNEL,0.24,5.0,1.2,2113,skipped,seen 35 min late,,
2026-09-23 14:54:58,1790168098214,0x8c0b024c17831a0dde038547b7e791ae6a0d7aa5,THEHIGHLIFE,BUY,lol-fnl-cpd-2026-09-23,LoL: FENNEL vs Cupid Esports (BO1) - World Star Challengers Invitational Group C,FENNEL,0.24,1000.0,240.0,2081,skipped,seen 35 min late,,
2026-09-23 14:54:58,1790168098215,0x8c0b024c17831a0dde038547b7e791ae6a0d7aa5,THEHIGHLIFE,BUY,lol-fnl-cpd-2026-09-23,LoL: FENNEL vs Cupid Esports (BO1) - World Star Challengers Invitational Group C,FENNEL,0.2400000152,2.631579,0.63,2053,skipped,seen 34 min late,,
2026-09-23 14:54:58,1790168098215,0x8c0b024c17831a0dde038547b7e791ae6a0d7aa5,THEHIGHLIFE,BUY,lol-fnl-cpd-2026-09-23,LoL: FENNEL vs Cupid Esports (BO1) - World Star Challengers Invitational Group C,FENNEL,0.2400000081,19.736841,4.74,2038,skipped,seen 34 min late,,
2026-09-23 14:54:58,1790168098215,0x8c0b024c17831a0dde038547b7e791ae6a0d7aa5,THEHIGHLIFE,BUY,lol-fnl-cpd-2026-09-23,LoL: FENNEL vs Cupid Esports (BO1) - World Star Challengers Invitational Group C,FENNEL,0.2400000152,13.157895,3.16,2024,skipped,seen 34 min late,,
2026-09-23 14:54:58,1790168098216,0x8c0b024c17831a0dde038547b7e791ae6a0d7aa5,THEHIGHLIFE,BUY,lol-fnl-cpd-2026-09-23,LoL: FENNEL vs Cupid Esports (BO1) - World Star Challengers Invitational Group C,FENNEL,0.24,20.0,4.8,2021,skipped,seen 34 min late,,
2026-09-23 14:54:58,1790168098216,0x8c0b024c17831a0dde038547b7e791ae6a0d7aa5,THEHIGHLIFE,BUY,lol-fnl-cpd-2026-09-23,LoL: FENNEL vs Cupid Esports (BO1) - World Star Challengers Invitational Group C,FENNEL,0.24,6728.28,1614.79,2021,skipped,seen 34 min late,,
2026-09-23 14:54:58,1790168098216,0x8c0b024c17831a0dde038547b7e791ae6a0d7aa5,THEHIGHLIFE,BUY,lol-fnl-cpd-2026-09-23,LoL: FENNEL vs Cupid Esports (BO1) - World Star Challengers Invitational Group C,FENNEL,0.24,28.57,6.86,2009,skipped,seen 33 min late,,
2026-09-23 14:54:58,1790168098216,0x8c0b024c17831a0dde038547b7e791ae6a0d7aa5,THEHIGHLIFE,BUY,lol-fnl-cpd-2026-09-23,LoL: FENNEL vs Cupid Esports (BO1) - World Star Challengers Invitational Group C,FENNEL,0.24,17.31,4.15,1999,skipped,seen 33 min late,,
2026-09-23 14:54:58,1790168098217,0x8c0b024c17831a0dde038547b7e791ae6a0d7aa5,THEHIGHLIFE,BUY,lol-fnl-cpd-2026-09-23,LoL: FENNEL vs Cupid Esports (BO1) - World Star Challengers Invitational Group C,FENNEL,0.2400000068,5.842104,1.4,1999,skipped,seen 33 min late,,
2026-09-23 14:54:58,1790168098217,0x8c0b024c17831a0dde038547b7e791ae6a0d7aa5,THEHIGHLIFE,BUY,lol-fnl-cpd-2026-09-23,LoL: FENNEL vs Cupid Esports (BO1) - World Star Challengers Invitational Group C,FENNEL,0.2400000912,1.315787,0.32,1990,skipped,seen 33 min late,,
2026-09-23 14:54:58,1790168098217,0x8c0b024c17831a0dde038547b7e791ae6a0d7aa5,THEHIGHLIFE,BUY,lol-fnl-cpd-2026-09-23,LoL: FENNEL vs Cupid Esports (BO1) - World Star Challengers Invitational Group C,FENNEL,0.2400000912,1.315787,0.32,1988,skipped,seen 33 min late,,
2026-09-23 14:54:58,1790168098218,0x8c0b024c17831a0dde038547b7e791ae6a0d7aa5,THEHIGHLIFE,BUY,lol-fnl-cpd-2026-09-23,LoL: FENNEL vs Cupid Esports (BO1) - World Star Challengers Invitational Group C,FENNEL,0.240000079,2.026316,0.49,1948,skipped,seen 32 min late,,
2026-09-23 14:54:58,1790168098218,0x8c0b024c17831a0dde038547b7e791ae6a0d7aa5,THEHIGHLIFE,BUY,lol-fnl-cpd-2026-09-23,LoL: FENNEL vs Cupid Esports (BO1) - World Star Challengers Invitational Group C,FENNEL,0.240000079,2.026316,0.49,1942,skipped,seen 32 min late,,
2026-09-23 14:54:58,1790168098218,0x8c0b024c17831a0dde038547b7e791ae6a0d7aa5,THEHIGHLIFE,BUY,lol-fnl-cpd-2026-09-23,LoL: FENNEL vs Cupid Esports (BO1) - World Star Challengers Invitational Group C,FENNEL,0.240000079,2.026316,0.49,1937,skipped,seen 32 min late,,
2026-09-23 14:54:58,1790168098219,0x8c0b024c17831a0dde038547b7e791ae6a0d7aa5,THEHIGHLIFE,BUY,dota2-nem-cs-2026-09-23,Dota 2: Team Nemesis vs Conventus Stellarum (BO3) - PGL Wallachia Group Stage,Conventus Stellarum,0.57,59.4,33.86,1895,skipped,seen 32 min late,,
2026-09-23 14:54:58,1790168098219,0x8c0b024c17831a0dde038547b7e791ae6a0d7aa5,THEHIGHLIFE,BUY,dota2-nem-cs-2026-09-23,Dota 2: Team Nemesis vs Conventus Stellarum (BO3) - PGL Wallachia Group Stage,Conventus Stellarum,0.58,6829.48,3961.1,1889,skipped,seen 31 min late,,
2026-09-23 14:54:58,1790168098219,0x8c0b024c17831a0dde038547b7e791ae6a0d7aa5,THEHIGHLIFE,BUY,dota2-nem-cs-2026-09-23,Dota 2: Team Nemesis vs Conventus Stellarum (BO3) - PGL Wallachia Group Stage,Conventus Stellarum,0.58,2868.57,1663.77,1877,skipped,seen 31 min late,,
2026-09-23 14:54:58,1790168098219,0x8c0b024c17831a0dde038547b7e791ae6a0d7aa5,THEHIGHLIFE,BUY,dota2-nem-cs-2026-09-23,Dota 2: Team Nemesis vs Conventus Stellarum (BO3) - PGL Wallachia Group Stage,Conventus Stellarum,0.5700000014,226.093024,128.87,1873,skipped,seen 31 min late,,
2026-09-23 14:54:58,1790168098220,0x8c0b024c17831a0dde038547b7e791ae6a0d7aa5,THEHIGHLIFE,BUY,dota2-nem-cs-2026-09-23,Dota 2: Team Nemesis vs Conventus Stellarum (BO3) - PGL Wallachia Group Stage,Conventus Stellarum,0.57,10000.0,5700.0,1871,skipped,seen 31 min late,,
2026-09-23 14:54:58,1790168098220,0x8c0b024c17831a0dde038547b7e791ae6a0d7aa5,THEHIGHLIFE,BUY,dota2-nem-cs-2026-09-23,Dota 2: Team Nemesis vs Conventus Stellarum (BO3) - PGL Wallachia Group Stage,Conventus Stellarum,0.57,9714.5,5537.26,1871,skipped,seen 31 min late,,
2026-09-23 14:54:58,1790168098220,0x8c0b024c17831a0dde038547b7e791ae6a0d7aa5,THEHIGHLIFE,BUY,lol-fnl-cpd-2026-09-23,LoL: FENNEL vs Cupid Esports (BO1) - World Star Challengers Invitational Group C,FENNEL,0.24,9504.22,2281.01,1540,skipped,seen 26 min late,,
2026-09-23 14:54:58,1790168098220,0x8c0b024c17831a0dde038547b7e791ae6a0d7aa5,THEHIGHLIFE,BUY,dota2-nem-cs-2026-09-23,Dota 2: Team Nemesis vs Conventus Stellarum (BO3) - PGL Wallachia Group Stage,Conventus Stellarum,0.570000001,207.55814,118.31,1513,skipped,seen 25 min late,,
2026-09-23 14:54:58,1790168098220,0x8c0b024c17831a0dde038547b7e791ae6a0d7aa5,THEHIGHLIFE,BUY,dota2-nem-cs-2026-09-23,Dota 2: Team Nemesis vs Conventus Stellarum (BO3) - PGL Wallachia Group Stage,Conventus Stellarum,0.57,903.44,514.96,1508,skipped,seen 25 min late,,
2026-09-23 14:54:58,1790168098221,0x8c0b024c17831a0dde038547b7e791ae6a0d7aa5,THEHIGHLIFE,BUY,lol-fnl-cpd-2026-09-23,LoL: FENNEL vs Cupid Esports (BO1) - World Star Challengers Invitational Group C,FENNEL,0.23,6249.86,1437.47,1502,skipped,seen 25 min late,,
2026-09-23 14:54:58,1790168098221,0x8c0b024c17831a0dde038547b7e791ae6a0d7aa5,THEHIGHLIFE,BUY,lol-fnl-cpd-2026-09-23,LoL: FENNEL vs Cupid Esports (BO1) - World Star Challengers Invitational Group C,FENNEL,0.2300000008,79.220778,18.22,1463,skipped,seen 24 min late,,
2026-09-23 14:54:58,1790168098221,0x8c0b024c17831a0dde038547b7e791ae6a0d7aa5,THEHIGHLIFE,BUY,lol-fnl-cpd-2026-09-23,LoL: FENNEL vs Cupid Esports (BO1) - World Star Challengers Invitational Group C,FENNEL,0.2300000008,75.922078,17.46,1369,skipped,seen 23 min late,,
2026-09-23 14:54:58,1790168098221,0x8c0b024c17831a0dde038547b7e791ae6a0d7aa5,THEHIGHLIFE,BUY,lol-fnl-cpd-2026-09-23,LoL: FENNEL vs Cupid Esports (BO1) - World Star Challengers Invitational Group C,FENNEL,0.23,59.5,13.69,1352,skipped,seen 23 min late,,
2026-09-23 14:54:58,1790168098222,0x8c0b024c17831a0dde038547b7e791ae6a0d7aa5,THEHIGHLIFE,BUY,lol-fnl-cpd-2026-09-23,LoL: FENNEL vs Cupid Esports (BO1) - World Star Challengers Invitational Group C,FENNEL,0.23,39.97,9.19,1295,skipped,seen 22 min late,,
2026-09-23 14:54:58,1790168098222,0x8c0b024c17831a0dde038547b7e791ae6a0d7aa5,THEHIGHLIFE,BUY,lol-fnl-cpd-2026-09-23,LoL: FENNEL vs Cupid Esports (BO1) - World Star Challengers Invitational Group C,FENNEL,0.23,3495.51,803.97,1268,skipped,seen 21 min late,,
2026-09-23 14:54:59,1790168099753,0x3dfb153c197d4c19d3b31c1ecd2c7b6860eeabaf,0x3DFb153c197D4C19D3B31c1ecD2c7B6860eeabAf-1722957908185,BUY,nfl-nyj-det-2026-09-27-spread-home-6pt5,Spread: Lions (-6.5),Jets,0.49,969.0,474.81,17687,skipped,seen 295 min late,,
2026-09-23 14:54:59,1790168099753,0x3dfb153c197d4c19d3b31c1ecd2c7b6860eeabaf,0x3DFb153c197D4C19D3B31c1ecD2c7B6860eeabAf-1722957908185,BUY,cfb-hawaii-wyom-2026-09-26-spread-away-3pt5,Spread: Hawai'i (-3.5),Wyoming,0.55,22.22,12.22,17146,skipped,seen 286 min late,,
2026-09-23 14:54:59,1790168099754,0x3dfb153c197d4c19d3b31c1ecd2c7b6860eeabaf,0x3DFb153c197D4C19D3B31c1ecD2c7B6860eeabAf-1722957908185,BUY,nfl-cin-pit-2026-09-27,Bengals vs. Steelers,Bengals,0.63,70.0,44.1,16985,skipped,seen 283 min late,,
2026-09-23 14:54:59,1790168099754,0x3dfb153c197d4c19d3b31c1ecd2c7b6860eeabaf,0x3DFb153c197D4C19D3B31c1ecD2c7B6860eeabAf-1722957908185,BUY,nfl-ten-nyg-2026-09-27,Titans vs. Giants,Titans,0.43,26.96,11.59,16834,skipped,seen 281 min late,,
2026-09-23 14:54:59,1790168099754,0x3dfb153c197d4c19d3b31c1ecd2c7b6860eeabaf,0x3DFb153c197D4C19D3B31c1ecD2c7B6860eeabAf-1722957908185,BUY,nfl-ten-nyg-2026-09-27,Titans vs. Giants,Titans,0.43,5.0,2.15,16661,skipped,seen 278 min late,,
2026-09-23 14:54:59,1790168099755,0x3dfb153c197d4c19d3b31c1ecd2c7b6860eeabaf,0x3DFb153c197D4C19D3B31c1ecD2c7B6860eeabAf-1722957908185,BUY,nfl-nyj-det-2026-09-27,Jets vs. Lions,Jets,0.270000016,2.506848,0.68,15874,skipped,seen 265 min late,,
2026-09-23 14:54:59,1790168099755,0x3dfb153c197d4c19d3b31c1ecd2c7b6860eeabaf,0x3DFb153c197D4C19D3B31c1ecD2c7B6860eeabAf-1722957908185,BUY,nfl-nyj-det-2026-09-27,Jets vs. Lions,Jets,0.2700000923,2.493151,0.67,15845,skipped,seen 264 min late,,
2026-09-23 14:54:59,1790168099755,0x3dfb153c197d4c19d3b31c1ecd2c7b6860eeabaf,0x3DFb153c197D4C19D3B31c1ecD2c7B6860eeabAf-1722957908185,BUY,nfl-nyj-det-2026-09-27,Jets vs. Lions,Jets,0.270000016,2.506848,0.68,15473,skipped,seen 258 min late,,
2026-09-23 14:54:59,1790168099755,0x3dfb153c197d4c19d3b31c1ecd2c7b6860eeabaf,0x3DFb153c197D4C19D3B31c1ecD2c7B6860eeabAf-1722957908185,BUY,nfl-nyj-det-2026-09-27,Jets vs. Lions,Jets,0.2700000923,2.493151,0.67,15443,skipped,seen 257 min late,,
2026-09-23 14:54:59,1790168099756,0x3dfb153c197d4c19d3b31c1ecd2c7b6860eeabaf,0x3DFb153c197D4C19D3B31c1ecD2c7B6860eeabAf-1722957908185,BUY,nfl-nyj-det-2026-09-27,Jets vs. Lions,Jets,0.270000016,2.506848,0.68,15415,skipped,seen 257 min late,,
2026-09-23 14:54:59,1790168099756,0x3dfb153c197d4c19d3b31c1ecd2c7b6860eeabaf,0x3DFb153c197D4C19D3B31c1ecD2c7B6860eeabAf-1722957908185,BUY,nfl-nyj-det-2026-09-27,Jets vs. Lions,Jets,0.2700000923,2.493151,0.67,15388,skipped,seen 256 min late,,
2026-09-23 14:54:59,1790168099756,0x3dfb153c197d4c19d3b31c1ecd2c7b6860eeabaf,0x3DFb153c197D4C19D3B31c1ecD2c7B6860eeabAf-1722957908185,BUY,nfl-nyj-det-2026-09-27,Jets vs. Lions,Jets,0.270000016,2.506848,0.68,15358,skipped,seen 256 min late,,
2026-09-23 14:54:59,1790168099757,0x3dfb153c197d4c19d3b31c1ecd2c7b6860eeabaf,0x3DFb153c197D4C19D3B31c1ecD2c7B6860eeabAf-1722957908185,BUY,nfl-nyj-det-2026-09-27,Jets vs. Lions,Jets,0.2700000923,2.493151,0.67,15334,skipped,seen 256 min late,,
2026-09-23 14:54:59,1790168099757,0x3dfb153c197d4c19d3b31c1ecd2c7b6860eeabaf,0x3DFb153c197D4C19D3B31c1ecD2c7B6860eeabAf-1722957908185,BUY,nfl-nyj-det-2026-09-27,Jets vs. Lions,Jets,0.270000016,2.506848,0.68,15305,skipped,seen 255 min late,,
2026-09-23 14:54:59,1790168099757,0x3dfb153c197d4c19d3b31c1ecd2c7b6860eeabaf,0x3DFb153c197D4C19D3B31c1ecD2c7B6860eeabAf-1722957908185,BUY,nfl-cin-pit-2026-09-27,Bengals vs. Steelers,Bengals,0.63,45.0,28.35,14977,skipped,seen 250 min late,,
2026-09-23 14:54:59,1790168099758,0x3dfb153c197d4c19d3b31c1ecd2c7b6860eeabaf,0x3DFb153c197D4C19D3B31c1ecD2c7B6860eeabAf-1722957908185,BUY,nfl-cin-pit-2026-09-27,Bengals vs. Steelers,Bengals,0.63,16.0,10.08,14972,skipped,seen 250 min late,,
2026-09-23 14:54:59,1790168099758,0x3dfb153c197d4c19d3b31c1ecd2c7b6860eeabaf,0x3DFb153c197D4C19D3B31c1ecD2c7B6860eeabAf-1722957908185,BUY,nfl-ten-nyg-2026-09-27-spread-home-2pt5,Spread: Giants (-2.5),Titans,0.48,2015.08,967.24,14320,skipped,seen 239 min late,,
2026-09-23 14:54:59,1790168099758,0x3dfb153c197d4c19d3b31c1ecd2c7b6860eeabaf,0x3DFb153c197D4C19D3B31c1ecD2c7B6860eeabAf-1722957908185,BUY,nfl-cin-pit-2026-09-27,Bengals vs. Steelers,Bengals,0.63,15.0,9.45,13270,skipped,seen 221 min late,,
2026-09-23 14:54:59,1790168099758,0x3dfb153c197d4c19d3b31c1ecd2c7b6860eeabaf,0x3DFb153c197D4C19D3B31c1ecD2c7B6860eeabAf-1722957908185,BUY,nfl-cin-pit-2026-09-27-spread-away-3pt5,Spread: Bengals (-3.5),Bengals,0.49,5.0,2.45,9617,skipped,seen 160 min late,,
2026-09-23 14:54:59,1790168099759,0x3dfb153c197d4c19d3b31c1ecd2c7b6860eeabaf,0x3DFb153c197D4C19D3B31c1ecD2c7B6860eeabAf-1722957908185,BUY,cfb-hawaii-wyom-2026-09-26-spread-away-2pt5,Spread: Hawai'i (-2.5),Wyoming,0.470000002,94.339623,44.34,9611,skipped,seen 160 min late,,
2026-09-23 14:54:59,1790168099759,0x3dfb153c197d4c19d3b31c1ecd2c7b6860eeabaf,0x3DFb153c197D4C19D3B31c1ecD2c7B6860eeabAf-1722957908185,BUY,nfl-ten-nyg-2026-09-27,Titans vs. Giants,Titans,0.4300000033,87.719297,37.72,9482,skipped,seen 158 min late,,
2026-09-23 14:54:59,1790168099759,0x3dfb153c197d4c19d3b31c1ecd2c7b6860eeabaf,0x3DFb153c197D4C19D3B31c1ecD2c7B6860eeabAf-1722957908185,BUY,nfl-ten-nyg-2026-09-27,Titans vs. Giants,Titans,0.43,23.0,9.89,8425,skipped,seen 140 min late,,
2026-09-23 14:54:59,1790168099760,0x3dfb153c197d4c19d3b31c1ecd2c7b6860eeabaf,0x3DFb153c197D4C19D3B31c1ecD2c7B6860eeabAf-1722957908185,BUY,nfl-ten-nyg-2026-09-27,Titans vs. Giants,Titans,0.4300000114,17.54386,7.54,7696,skipped,seen 128 min late,,
2026-09-23 14:54:59,1790168099760,0x3dfb153c197d4c19d3b31c1ecd2c7b6860eeabaf,0x3DFb153c197D4C19D3B31c1ecD2c7B6860eeabAf-1722957908185,BUY,nfl-cin-pit-2026-09-27-spread-away-3pt5,Spread: Bengals (-3.5),Bengals,0.49,33266.98,16300.82,3770,skipped,seen 63 min late,,
2026-09-23 14:54:59,1790168099760,0x3dfb153c197d4c19d3b31c1ecd2c7b6860eeabaf,0x3DFb153c197D4C19D3B31c1ecD2c7B6860eeabAf-1722957908185,BUY,nfl-cin-pit-2026-09-27-spread-away-2pt5,Spread: Bengals (-2.5),Bengals,0.58,29871.57,17325.51,3688,skipped,seen 61 min late,,
2026-09-23 14:54:59,1790168099760,0x3dfb153c197d4c19d3b31c1ecd2c7b6860eeabaf,0x3DFb153c197D4C19D3B31c1ecD2c7B6860eeabAf-1722957908185,BUY,nfl-nyj-det-2026-09-27-spread-home-6pt5,Spread: Lions (-6.5),Jets,0.49,58.0,28.42,3466,skipped,seen 58 min late,,
2026-09-23 14:54:59,1790168099761,0x3dfb153c197d4c19d3b31c1ecd2c7b6860eeabaf,0x3DFb153c197D4C19D3B31c1ecD2c7B6860eeabAf-1722957908185,BUY,nfl-nyj-det-2026-09-27-spread-home-6pt5,Spread: Lions (-6.5),Jets,0.49,120.0,58.8,3107,skipped,seen 52 min late,,
2026-09-23 14:54:59,1790168099761,0x3dfb153c197d4c19d3b31c1ecd2c7b6860eeabaf,0x3DFb153c197D4C19D3B31c1ecD2c7B6860eeabAf-1722957908185,BUY,nfl-ten-nyg-2026-09-27-spread-home-2pt5,Spread: Giants (-2.5),Titans,0.48,50.37,24.18,2960,skipped,seen 49 min late,,
2026-09-23 14:54:59,1790168099761,0x3dfb153c197d4c19d3b31c1ecd2c7b6860eeabaf,0x3DFb153c197D4C19D3B31c1ecD2c7B6860eeabAf-1722957908185,BUY,nfl-cin-pit-2026-09-27,Bengals vs. Steelers,Bengals,0.6300000268,3.72973,2.35,910,skipped,seen 15 min late,,
2026-09-23 14:54:59,1790168099761,0x3dfb153c197d4c19d3b31c1ecd2c7b6860eeabaf,0x3DFb153c197D4C19D3B31c1ecD2c7B6860eeabAf-1722957908185,BUY,nfl-nyj-det-2026-09-27-spread-home-7pt5,Spread: Lions (-7.5),Jets,0.5700000009,341.505117,194.66,242,copied,,0.58,1.75
2026-09-23 14:55:02,1790168102068,0x27f738fe203827445690339104aae35b20bc44b0,ic4cream,BUY,atp-royer-walton-2026-09-22,Hangzhou Open: Valentin Royer vs Adam Walton,Valentin Royer,0.4800000022,162.307693,77.91,30715,skipped,seen 512 min late,,
2026-09-23 14:55:02,1790168102069,0x27f738fe203827445690339104aae35b20bc44b0,ic4cream,BUY,atp-royer-walton-2026-09-22,Hangzhou Open: Valentin Royer vs Adam Walton,Valentin Royer,0.4800000073,38.461539,18.46,28738,skipped,seen 479 min late,,
2026-09-23 14:55:02,1790168102069,0x27f738fe203827445690339104aae35b20bc44b0,ic4cream,BUY,atp-royer-walton-2026-09-22,Hangzhou Open: Valentin Royer vs Adam Walton,Valentin Royer,0.4800000019,192.307693,92.31,25517,skipped,seen 425 min late,,
2026-09-23 14:55:02,1790168102069,0x27f738fe203827445690339104aae35b20bc44b0,ic4cream,BUY,atp-royer-walton-2026-09-22,Hangzhou Open: Valentin Royer vs Adam Walton,Valentin Royer,0.48,98.0,47.04,19301,skipped,seen 322 min late,,
2026-09-23 14:55:02,1790168102070,0x27f738fe203827445690339104aae35b20bc44b0,ic4cream,BUY,mlb-stl-pit-2026-09-23-total-7pt5,St. Louis Cardinals vs. Pittsburgh Pirates: O/U 7.5,Under,0.52,416.67,216.67,215,copied,,0.55,5.77
2026-09-23 14:55:02,1790168102817,0x27f738fe203827445690339104aae35b20bc44b0,ic4cream,BUY,mlb-stl-pit-2026-09-23-total-7pt5,St. Louis Cardinals vs. Pittsburgh Pirates: O/U 7.5,Under,0.5200000154,20.833334,10.83,214,skipped,their trade is only 11 USD,,
2026-09-23 15:00:55,1790168455277,0xe015b5a2a299167be835a2fd1e86f09c49e06ffd,TAIWANNUMBERONE,BUY,mlb-tb-nyy-2026-09-23-spread-home-1pt5,Spread: New York Yankees (-1.5),New York Yankees,0.38,8.0,3.04,245,skipped,their trade is only 3 USD,,
2026-09-23 15:00:59,1790168459353,0x3dfb153c197d4c19d3b31c1ecd2c7b6860eeabaf,0x3DFb153c197D4C19D3B31c1ecD2c7B6860eeabAf-1722957908185,BUY,nfl-nyj-det-2026-09-27-spread-home-7pt5,Spread: Lions (-7.5),Jets,0.5700000013,269.976745,153.89,536,skipped,already copied this position,,
2026-09-23 15:00:59,1790168459354,0x3dfb153c197d4c19d3b31c1ecd2c7b6860eeabaf,0x3DFb153c197D4C19D3B31c1ecD2c7B6860eeabAf-1722957908185,BUY,nfl-ten-nyg-2026-09-27-spread-home-3pt5,Spread: Giants (-3.5),Titans,0.5700000004,546.991861,311.79,425,copied,,0.58,1.75
2026-09-23 15:01:00,1790168460059,0x3dfb153c197d4c19d3b31c1ecd2c7b6860eeabaf,0x3DFb153c197D4C19D3B31c1ecD2c7B6860eeabAf-1722957908185,BUY,nfl-ten-nyg-2026-09-27-spread-home-3pt5,Spread: Giants (-3.5),Titans,0.5700000001,1253.395349,714.44,424,skipped,already copied this position,,
2026-09-23 15:06:59,1790168819314,0x3dfb153c197d4c19d3b31c1ecd2c7b6860eeabaf,0x3DFb153c197D4C19D3B31c1ecD2c7B6860eeabAf-1722957908185,BUY,nfl-ten-nyg-2026-09-27,Titans vs. Giants,Titans,0.4300000002,1791.245613,770.24,290,copied,,0.44,2.33
2026-09-23 15:07:00,1790168820050,0x3dfb153c197d4c19d3b31c1ecd2c7b6860eeabaf,0x3DFb153c197D4C19D3B31c1ecD2c7B6860eeabAf-1722957908185,BUY,nfl-ten-nyg-2026-09-27,Titans vs. Giants,Titans,0.4300000001,1691.175439,727.21,290,skipped,already copied this position,,
2026-09-23 15:07:00,1790168820050,0x3dfb153c197d4c19d3b31c1ecd2c7b6860eeabaf,0x3DFb153c197D4C19D3B31c1ecD2c7B6860eeabAf-1722957908185,BUY,nfl-ten-nyg-2026-09-27,Titans vs. Giants,Titans,0.43,1176.0,505.68,287,skipped,already copied this position,,
2026-09-23 15:07:00,1790168820051,0x3dfb153c197d4c19d3b31c1ecd2c7b6860eeabaf,0x3DFb153c197D4C19D3B31c1ecD2c7B6860eeabAf-1722957908185,BUY,nfl-ten-nyg-2026-09-27,Titans vs. Giants,Titans,0.4300000002,1934.08772,831.66,287,skipped,already copied this position,,
2026-09-23 15:12:55,1790169175366,0xe015b5a2a299167be835a2fd1e86f09c49e06ffd,TAIWANNUMBERONE,BUY,mlb-tb-nyy-2026-09-23-spread-home-1pt5,Spread: New York Yankees (-1.5),New York Yankees,0.38,15.0,5.7,205,skipped,their trade is only 6 USD,,
2026-09-23 15:18:55,1790169535294,0xe015b5a2a299167be835a2fd1e86f09c49e06ffd,TAIWANNUMBERONE,BUY,mlb-tb-nyy-2026-09-23-spread-home-1pt5,Spread: New York Yankees (-1.5),New York Yankees,0.38,1724.0,655.12,355,copied,,0.39,2.63
2026-09-23 15:18:56,1790169536031,0xe015b5a2a299167be835a2fd1e86f09c49e06ffd,TAIWANNUMBERONE,BUY,mlb-tb-nyy-2026-09-23-spread-home-1pt5,Spread: New York Yankees (-1.5),New York Yankees,0.38,120.0,45.6,307,skipped,their trade is only 46 USD,,
2026-09-23 15:22:58,1790169778094,0x8c0b024c17831a0dde038547b7e791ae6a0d7aa5,THEHIGHLIFE,BUY,dota2-lgd-mouz-2026-09-23-game-handicap-away-1pt5,Game Handicap: LGD (-1.5) vs MOUZ (+1.5),MOUZ,0.51,150.0,76.5,83,copied,,0.52,1.96
2026-09-23 15:22:58,1790169778799,0x8c0b024c17831a0dde038547b7e791ae6a0d7aa5,THEHIGHLIFE,BUY,dota2-lgd-mouz-2026-09-23-game-handicap-away-1pt5,Game Handicap: LGD (-1.5) vs MOUZ (+1.5),MOUZ,0.5100000416,4.081633,2.08,2,skipped,their trade is only 2 USD,,
2026-09-23 15:24:55,1790169895344,0xe015b5a2a299167be835a2fd1e86f09c49e06ffd,TAIWANNUMBERONE,BUY,mlb-tb-nyy-2026-09-23-spread-home-1pt5,Spread: New York Yankees (-1.5),New York Yankees,0.38,4261.0,1619.18,316,skipped,already copied this position,,
2026-09-23 15:24:55,1790169895344,0xe015b5a2a299167be835a2fd1e86f09c49e06ffd,TAIWANNUMBERONE,BUY,mlb-tb-nyy-2026-09-23-spread-home-1pt5,Spread: New York Yankees (-1.5),New York Yankees,0.38,3225.0,1225.5,299,skipped,already copied this position,,
2026-09-23 15:24:55,1790169895344,0xe015b5a2a299167be835a2fd1e86f09c49e06ffd,TAIWANNUMBERONE,BUY,mlb-tb-nyy-2026-09-23-spread-home-1pt5,Spread: New York Yankees (-1.5),New York Yankees,0.3800000081,39.741936,15.1,298,skipped,their trade is only 15 USD,,
2026-09-23 15:24:55,1790169895345,0xe015b5a2a299167be835a2fd1e86f09c49e06ffd,TAIWANNUMBERONE,BUY,mlb-tb-nyy-2026-09-23-spread-home-1pt5,Spread: New York Yankees (-1.5),New York Yankees,0.38,1715.02,651.71,295,skipped,already copied this position,,
2026-09-23 15:24:59,1790169899331,0x3dfb153c197d4c19d3b31c1ecd2c7b6860eeabaf,0x3DFb153c197D4C19D3B31c1ecD2c7B6860eeabAf-1722957908185,BUY,nfl-ten-nyg-2026-09-27,Titans vs. Giants,Titans,0.43,247.82,106.56,557,skipped,already copied this position,,
2026-09-23 15:30:59,1790170259481,0x3dfb153c197d4c19d3b31c1ecd2c7b6860eeabaf,0x3DFb153c197D4C19D3B31c1ecD2c7B6860eeabAf-1722957908185,BUY,nfl-ten-nyg-2026-09-27,Titans vs. Giants,Titans,0.43,247.82,106.56,458,skipped,already copied this position,,
2026-09-23 15:34:57,1790170497853,0x8c0b024c17831a0dde038547b7e791ae6a0d7aa5,THEHIGHLIFE,BUY,dota2-lgd-mouz-2026-09-23-game1,Dota 2: LGD Gaming vs MOUZ - Game 1 Winner,MOUZ,0.25,20000.0,5000.0,49,skipped,max open copies reached,,
2026-09-23 15:36:59,1790170619355,0x3dfb153c197d4c19d3b31c1ecd2c7b6860eeabaf,0x3DFb153c197D4C19D3B31c1ecD2c7B6860eeabAf-1722957908185,BUY,nfl-nyj-det-2026-09-27-spread-home-6pt5,Spread: Lions (-6.5),Jets,0.49,102.04,50.0,127,skipped,their trade is only 50 USD,,
2026-09-23 15:42:56,1790170976606,0xcd84d7f9262516865553555751609fb6f52abec6,Donkey14,BUY,mlb-wsh-det-2026-09-23-spread-home-1pt5,Spread: Detroit Tigers (-1.5),Detroit Tigers,0.43,854.0,367.22,194,skipped,max open copies reached,,
2026-09-23 15:42:56,1790170976606,0xcd84d7f9262516865553555751609fb6f52abec6,Donkey14,BUY,mlb-wsh-det-2026-09-23-spread-home-1pt5,Spread: Detroit Tigers (-1.5),Detroit Tigers,0.43,25.0,10.75,194,skipped,their trade is only 11 USD,,
2026-09-23 15:42:56,1790170976606,0xcd84d7f9262516865553555751609fb6f52abec6,Donkey14,BUY,mlb-wsh-det-2026-09-23-spread-home-1pt5,Spread: Detroit Tigers (-1.5),Detroit Tigers,0.43,850.0,365.5,194,skipped,max open copies reached,,
2026-09-23 15:42:56,1790170976607,0xcd84d7f9262516865553555751609fb6f52abec6,Donkey14,BUY,mlb-wsh-det-2026-09-23-spread-home-1pt5,Spread: Detroit Tigers (-1.5),Detroit Tigers,0.43,32915.78,14153.79,194,skipped,max open copies reached,,
2026-09-23 15:42:56,1790170976607,0xcd84d7f9262516865553555751609fb6f52abec6,Donkey14,BUY,mlb-wsh-det-2026-09-23-spread-home-1pt5,Spread: Detroit Tigers (-1.5),Detroit Tigers,0.43,275.07,118.28,194,skipped,max open copies reached,,
2026-09-23 15:42:56,1790170976607,0xcd84d7f9262516865553555751609fb6f52abec6,Donkey14,BUY,mlb-wsh-det-2026-09-23-spread-home-1pt5,Spread: Detroit Tigers (-1.5),Detroit Tigers,0.43,851.0,365.93,194,skipped,max open copies reached,,
2026-09-23 15:42:56,1790170976607,0xcd84d7f9262516865553555751609fb6f52abec6,Donkey14,BUY,mlb-wsh-det-2026-09-23-spread-home-1pt5,Spread: Detroit Tigers (-1.5),Detroit Tigers,0.43,604.0,259.72,194,skipped,max open copies reached,,
2026-09-23 15:42:56,1790170976608,0xcd84d7f9262516865553555751609fb6f52abec6,Donkey14,BUY,mlb-wsh-det-2026-09-23-spread-home-1pt5,Spread: Detroit Tigers (-1.5),Detroit Tigers,0.43,10136.77,4358.81,193,skipped,max open copies reached,,
2026-09-23 15:42:56,1790170976608,0xcd84d7f9262516865553555751609fb6f52abec6,Donkey14,BUY,mlb-wsh-det-2026-09-23,Washington Nationals vs. Detroit Tigers,Detroit Tigers,0.61,51282.05,31282.05,187,skipped,max open copies reached,,
2026-09-23 15:42:56,1790170976608,0xcd84d7f9262516865553555751609fb6f52abec6,Donkey14,BUY,mlb-wsh-det-2026-09-23-spread-home-1pt5,Spread: Detroit Tigers (-1.5),Detroit Tigers,0.42,491.96,206.62,181,skipped,max open copies reached,,
2026-09-23 15:42:56,1790170976608,0xcd84d7f9262516865553555751609fb6f52abec6,Donkey14,BUY,mlb-wsh-det-2026-09-23-spread-home-1pt5,Spread: Detroit Tigers (-1.5),Detroit Tigers,0.42,2533.948276,1064.26,181,skipped,max open copies reached,,
2026-09-23 15:42:56,1790170976608,0xcd84d7f9262516865553555751609fb6f52abec6,Donkey14,BUY,mlb-wsh-det-2026-09-23-spread-home-1pt5,Spread: Detroit Tigers (-1.5),Detroit Tigers,0.42,24.27,10.19,179,skipped,their trade is only 10 USD,,
2026-09-23 15:42:56,1790170976609,0xcd84d7f9262516865553555751609fb6f52abec6,Donkey14,BUY,mlb-wsh-det-2026-09-23-spread-home-1pt5,Spread: Detroit Tigers (-1.5),Detroit Tigers,0.42,9487.689654,3984.83,172,skipped,max open copies reached,,
2026-09-23 15:42:56,1790170976609,0xcd84d7f9262516865553555751609fb6f52abec6,Donkey14,BUY,mlb-wsh-det-2026-09-23,Washington Nationals vs. Detroit Tigers,Detroit Tigers,0.6,3129.33,1877.6,161,skipped,max open copies reached,,
2026-09-23 15:42:56,1790170976609,0xcd84d7f9262516865553555751609fb6f52abec6,Donkey14,BUY,mlb-wsh-det-2026-09-23-spread-home-1pt5,Spread: Detroit Tigers (-1.5),Detroit Tigers,0.4200000143,18.206897,7.65,154,skipped,their trade is only 8 USD,,
2026-09-23 15:42:56,1790170976609,0xcd84d7f9262516865553555751609fb6f52abec6,Donkey14,BUY,mlb-wsh-det-2026-09-23-spread-away-1pt5,Spread: Washington Nationals (-1.5),Detroit Tigers,0.7200000001,1003.571429,722.57,41,skipped,max open copies reached,,
2026-09-23 16:06:56,1790172416596,0xcd84d7f9262516865553555751609fb6f52abec6,Donkey14,BUY,mlb-tor-bal-2026-09-22-spread-home-1pt5,Spread: Baltimore Orioles (-1.5),Baltimore Orioles,0.350000195,1.538462,0.54,247,skipped,their trade is only 1 USD,,
2026-09-23 16:12:56,1790172776657,0xcd84d7f9262516865553555751609fb6f52abec6,Donkey14,BUY,mlb-tor-bal-2026-09-22,Toronto Blue Jays vs. Baltimore Orioles,Toronto Blue Jays,0.4600000092,41.296297,19.0,319,skipped,their trade is only 19 USD,,
2026-09-23 16:24:59,1790173499521,0x3dfb153c197d4c19d3b31c1ecd2c7b6860eeabaf,0x3DFb153c197D4C19D3B31c1ecD2c7B6860eeabAf-1722957908185,BUY,nfl-ten-nyg-2026-09-27,Titans vs. Giants,Titans,0.4300000002,1531.333334,658.47,371,skipped,already copied this position,,
2026-09-23 16:24:59,1790173499521,0x3dfb153c197d4c19d3b31c1ecd2c7b6860eeabaf,0x3DFb153c197D4C19D3B31c1ecD2c7B6860eeabAf-1722957908185,BUY,nfl-ten-nyg-2026-09-27,Titans vs. Giants,Titans,0.4300000002,1966.105262,845.43,371,skipped,already copied this position,,
2026-09-23 16:24:59,1790173499522,0x3dfb153c197d4c19d3b31c1ecd2c7b6860eeabaf,0x3DFb153c197D4C19D3B31c1ecD2c7B6860eeabAf-1722957908185,BUY,nfl-ten-nyg-2026-09-27,Titans vs. Giants,Titans,0.4300000015,258.08772,110.98,371,skipped,already copied this position,,
2026-09-23 16:24:59,1790173499522,0x3dfb153c197d4c19d3b31c1ecd2c7b6860eeabaf,0x3DFb153c197D4C19D3B31c1ecD2c7B6860eeabAf-1722957908185,BUY,nfl-ten-nyg-2026-09-27,Titans vs. Giants,Titans,0.4300000001,1657.666667,712.8,369,skipped,already copied this position,,
2026-09-23 16:42:59,1790174579410,0x3dfb153c197d4c19d3b31c1ecd2c7b6860eeabaf,0x3DFb153c197D4C19D3B31c1ecD2c7B6860eeabAf-1722957908185,BUY,nfl-nyj-det-2026-09-27,Jets vs. Lions,Jets,0.2700000001,3672.369862,991.54,572,skipped,max open copies reached,,
2026-09-23 16:42:59,1790174579410,0x3dfb153c197d4c19d3b31c1ecd2c7b6860eeabaf,0x3DFb153c197D4C19D3B31c1ecD2c7B6860eeabAf-1722957908185,BUY,nfl-nyj-det-2026-09-27,Jets vs. Lions,Jets,0.2700000001,3786.849314,1022.45,572,skipped,max open copies reached,,
2026-09-23 16:42:59,1790174579411,0x3dfb153c197d4c19d3b31c1ecd2c7b6860eeabaf,0x3DFb153c197D4C19D3B31c1ecD2c7B6860eeabAf-1722957908185,BUY,nfl-nyj-det-2026-09-27,Jets vs. Lions,Jets,0.27,2011.027396,542.98,572,skipped,max open copies reached,,
2026-09-23 16:42:59,1790174579411,0x3dfb153c197d4c19d3b31c1ecd2c7b6860eeabaf,0x3DFb153c197D4C19D3B31c1ecD2c7B6860eeabAf-1722957908185,BUY,nfl-nyj-det-2026-09-27-spread-home-7pt5,Spread: Lions (-7.5),Jets,0.5700000006,421.697675,240.37,215,skipped,already copied this position,,
2026-09-23 16:54:59,1790175299483,0x3dfb153c197d4c19d3b31c1ecd2c7b6860eeabaf,0x3DFb153c197D4C19D3B31c1ecD2c7B6860eeabAf-1722957908185,BUY,nfl-nyj-det-2026-09-27,Jets vs. Lions,Jets,0.27,99.0,26.73,80,skipped,their trade is only 27 USD,,
2026-09-23 16:54:59,1790175299484,0x3dfb153c197d4c19d3b31c1ecd2c7b6860eeabaf,0x3DFb153c197D4C19D3B31c1ecD2c7B6860eeabAf-1722957908185,BUY,nfl-nyj-det-2026-09-27,Jets vs. Lions,Jets,0.27,2.0,0.54,5,skipped,their trade is only 1 USD,,
2026-09-23 16:56:57,1790175417890,0x8c0b024c17831a0dde038547b7e791ae6a0d7aa5,THEHIGHLIFE,BUY,dota2-lgd-mouz-2026-09-23-game2,Dota 2: LGD Gaming vs MOUZ - Game 2 Winner,MOUZ,0.31,11192.59,3469.7,222,skipped,max open copies reached,,
2026-09-23 16:56:57,1790175417890,0x8c0b024c17831a0dde038547b7e791ae6a0d7aa5,THEHIGHLIFE,BUY,dota2-lgd-mouz-2026-09-23-game2,Dota 2: LGD Gaming vs MOUZ - Game 2 Winner,MOUZ,0.31,1479.77,458.73,219,skipped,max open copies reached,,
2026-09-23 16:56:57,1790175417890,0x8c0b024c17831a0dde038547b7e791ae6a0d7aa5,THEHIGHLIFE,BUY,dota2-lgd-mouz-2026-09-23-game2,Dota 2: LGD Gaming vs MOUZ - Game 2 Winner,MOUZ,0.34,19.0,6.46,176,skipped,their trade is only 6 USD,,
2026-09-23 16:56:57,1790175417891,0x8c0b024c17831a0dde038547b7e791ae6a0d7aa5,THEHIGHLIFE,BUY,dota2-lgd-mouz-2026-09-23-game2,Dota 2: LGD Gaming vs MOUZ - Game 2 Winner,MOUZ,0.34,7358.1,2501.75,135,skipped,max open copies reached,,
2026-09-23 16:56:57,1790175417891,0x8c0b024c17831a0dde038547b7e791ae6a0d7aa5,THEHIGHLIFE,BUY,dota2-lgd-mouz-2026-09-23-game2,Dota 2: LGD Gaming vs MOUZ - Game 2 Winner,MOUZ,0.34,162.0,55.08,134,skipped,max open copies reached,,
2026-09-23 16:56:57,1790175417891,0x8c0b024c17831a0dde038547b7e791ae6a0d7aa5,THEHIGHLIFE,BUY,dota2-lgd-mouz-2026-09-23-game2,Dota 2: LGD Gaming vs MOUZ - Game 2 Winner,MOUZ,0.36,2972.66,1070.16,123,skipped,max open copies reached,,
2026-09-23 16:56:57,1790175417891,0x8c0b024c17831a0dde038547b7e791ae6a0d7aa5,THEHIGHLIFE,BUY,dota2-lgd-mouz-2026-09-23-game2,Dota 2: LGD Gaming vs MOUZ - Game 2 Winner,MOUZ,0.36,13.3125,4.79,122,skipped,their trade is only 5 USD,,
2026-09-23 16:56:57,1790175417891,0x8c0b024c17831a0dde038547b7e791ae6a0d7aa5,THEHIGHLIFE,BUY,dota2-lgd-mouz-2026-09-23-game2,Dota 2: LGD Gaming vs MOUZ - Game 2 Winner,MOUZ,0.36,8.015625,2.89,122,skipped,their trade is only 3 USD,,
2026-09-23 16:56:57,1790175417891,0x8c0b024c17831a0dde038547b7e791ae6a0d7aa5,THEHIGHLIFE,BUY,dota2-lgd-mouz-2026-09-23-game2,Dota 2: LGD Gaming vs MOUZ - Game 2 Winner,MOUZ,0.36,37.39,13.46,120,skipped,their trade is only 13 USD,,
2026-09-23 16:56:57,1790175417892,0x8c0b024c17831a0dde038547b7e791ae6a0d7aa5,THEHIGHLIFE,BUY,dota2-lgd-mouz-2026-09-23-game2,Dota 2: LGD Gaming vs MOUZ - Game 2 Winner,MOUZ,0.36,5.0,1.8,120,skipped,their trade is only 2 USD,,
2026-09-23 16:56:57,1790175417892,0x8c0b024c17831a0dde038547b7e791ae6a0d7aa5,THEHIGHLIFE,BUY,dota2-lgd-mouz-2026-09-23-game2,Dota 2: LGD Gaming vs MOUZ - Game 2 Winner,MOUZ,0.36,15.0,5.4,120,skipped,their trade is only 5 USD,,
2026-09-23 16:56:57,1790175417892,0x8c0b024c17831a0dde038547b7e791ae6a0d7aa5,THEHIGHLIFE,BUY,dota2-lgd-mouz-2026-09-23-game2,Dota 2: LGD Gaming vs MOUZ - Game 2 Winner,MOUZ,0.34,3605.62,1225.91,104,skipped,max open copies reached,,
2026-09-23 16:56:57,1790175417892,0x8c0b024c17831a0dde038547b7e791ae6a0d7aa5,THEHIGHLIFE,BUY,dota2-lgd-mouz-2026-09-23-game2,Dota 2: LGD Gaming vs MOUZ - Game 2 Winner,MOUZ,0.34,8674.33,2949.27,90,skipped,max open copies reached,,
2026-09-23 16:56:57,1790175417892,0x8c0b024c17831a0dde038547b7e791ae6a0d7aa5,THEHIGHLIFE,BUY,dota2-lgd-mouz-2026-09-23-game2,Dota 2: LGD Gaming vs MOUZ - Game 2 Winner,MOUZ,0.32,7710.66,2467.41,39,skipped,max open copies reached,,
2026-09-23 17:00:59,1790175659435,0x3dfb153c197d4c19d3b31c1ecd2c7b6860eeabaf,0x3DFb153c197D4C19D3B31c1ecD2c7B6860eeabAf-1722957908185,BUY,nfl-nyj-det-2026-09-27,Jets vs. Lions,Jets,0.27,6.0,1.62,152,skipped,their trade is only 2 USD,,
2026-09-23 17:05:59,1790175959572,0x3dfb153c197d4c19d3b31c1ecd2c7b6860eeabaf,0x3DFb153c197D4C19D3B31c1ecD2c7B6860eeabAf-1722957908185,BUY,nfl-nyj-det-2026-09-27,Jets vs. Lions,Jets,0.27,63.0,17.01,296,skipped,their trade is only 17 USD,,
2026-09-23 17:05:59,1790175959572,0x3dfb153c197d4c19d3b31c1ecd2c7b6860eeabaf,0x3DFb153c197D4C19D3B31c1ecD2c7B6860eeabAf-1722957908185,BUY,nfl-nyj-det-2026-09-27,Jets vs. Lions,Jets,0.27,13.0,3.51,163,skipped,their trade is only 4 USD,,
2026-09-23 17:05:59,1790175959573,0x3dfb153c197d4c19d3b31c1ecd2c7b6860eeabaf,0x3DFb153c197D4C19D3B31c1ecD2c7B6860eeabAf-1722957908185,BUY,nfl-nyj-det-2026-09-27,Jets vs. Lions,Jets,0.27,9.0,2.43,1,skipped,their trade is only 2 USD,,
2026-09-23 17:11:59,1790176319320,0x3dfb153c197d4c19d3b31c1ecd2c7b6860eeabaf,0x3DFb153c197D4C19D3B31c1ecD2c7B6860eeabAf-1722957908185,BUY,nfl-nyj-det-2026-09-27-spread-home-7pt5,Spread: Lions (-7.5),Jets,0.5700000002,262.139535,149.42,235,skipped,already copied this position,,
2026-09-23 17:11:59,1790176319320,0x3dfb153c197d4c19d3b31c1ecd2c7b6860eeabaf,0x3DFb153c197D4C19D3B31c1ecD2c7B6860eeabAf-1722957908185,BUY,nfl-nyj-det-2026-09-27-spread-home-6pt5,Spread: Lions (-6.5),Jets,0.49,4.03,1.97,161,skipped,their trade is only 2 USD,,
2026-09-23 17:17:56,1790176676638,0xcd84d7f9262516865553555751609fb6f52abec6,Donkey14,BUY,mlb-wsh-det-2026-09-23,Washington Nationals vs. Detroit Tigers,Washington Nationals,0.41,48780.48,20000.0,220,skipped,max open copies reached,,
2026-09-23 17:17:59,1790176679317,0x3dfb153c197d4c19d3b31c1ecd2c7b6860eeabaf,0x3DFb153c197D4C19D3B31c1ecD2c7B6860eeabAf-1722957908185,BUY,nfl-nyj-det-2026-09-27,Jets vs. Lions,Jets,0.27,34.0,9.18,307,skipped,their trade is only 9 USD,,
2026-09-23 17:17:59,1790176679317,0x3dfb153c197d4c19d3b31c1ecd2c7b6860eeabaf,0x3DFb153c197D4C19D3B31c1ecD2c7B6860eeabAf-1722957908185,BUY,nfl-nyj-det-2026-09-27,Jets vs. Lions,Jets,0.27,935.0,252.45,287,skipped,max open copies reached,,
2026-09-23 17:17:59,1790176679318,0x3dfb153c197d4c19d3b31c1ecd2c7b6860eeabaf,0x3DFb153c197D4C19D3B31c1ecD2c7B6860eeabAf-1722957908185,BUY,nfl-nyj-det-2026-09-27,Jets vs. Lions,Jets,0.27,33.0,8.91,148,skipped,their trade is only 9 USD,,
2026-09-23 17:23:59,1790177039411,0x3dfb153c197d4c19d3b31c1ecd2c7b6860eeabaf,0x3DFb153c197D4C19D3B31c1ecD2c7B6860eeabAf-1722957908185,BUY,nfl-nyj-det-2026-09-27,Jets vs. Lions,Jets,0.27,7.0,1.89,338,skipped,their trade is only 2 USD,,
2026-09-23 17:26:57,1790177217845,0x8c0b024c17831a0dde038547b7e791ae6a0d7aa5,THEHIGHLIFE,BUY,val-tl1-pr1-2026-09-24,Valorant: Team Liquid vs Paper Rex (BO3) - VCT Champions Group C,Paper Rex,0.5500000037,53.695556,29.53,199,skipped,their trade is only 30 USD,,
2026-09-23 17:29:59,1790177399326,0x3dfb153c197d4c19d3b31c1ecd2c7b6860eeabaf,0x3DFb153c197D4C19D3B31c1ecD2c7B6860eeabAf-1722957908185,BUY,nfl-nyj-det-2026-09-27,Jets vs. Lions,Jets,0.27,32.0,8.64,235,skipped,their trade is only 9 USD,,
2026-09-23 17:35:59,1790177759396,0x3dfb153c197d4c19d3b31c1ecd2c7b6860eeabaf,0x3DFb153c197D4C19D3B31c1ecD2c7B6860eeabAf-1722957908185,BUY,nfl-nyj-det-2026-09-27,Jets vs. Lions,Jets,0.27,3.0,0.81,263,skipped,their trade is only 1 USD,,
2026-09-23 17:41:56,1790178116685,0xcd84d7f9262516865553555751609fb6f52abec6,Donkey14,BUY,mlb-tor-bal-2026-09-22,Toronto Blue Jays vs. Baltimore Orioles,Toronto Blue Jays,0.46,43436.96,19981.0,374,skipped,max open copies reached,,
2026-09-23 17:47:59,1790178479362,0x3dfb153c197d4c19d3b31c1ecd2c7b6860eeabaf,0x3DFb153c197D4C19D3B31c1ecD2c7B6860eeabAf-1722957908185,BUY,nfl-nyj-det-2026-09-27,Jets vs. Lions,Jets,0.27,2.0,0.54,518,skipped,their trade is only 1 USD,,
2026-09-23 17:47:59,1790178479363,0x3dfb153c197d4c19d3b31c1ecd2c7b6860eeabaf,0x3DFb153c197D4C19D3B31c1ecD2c7B6860eeabAf-1722957908185,BUY,nfl-nyj-det-2026-09-27,Jets vs. Lions,Jets,0.27,66.0,17.82,484,skipped,their trade is only 18 USD,,
2026-09-23 17:47:59,1790178479363,0x3dfb153c197d4c19d3b31c1ecd2c7b6860eeabaf,0x3DFb153c197D4C19D3B31c1ecD2c7B6860eeabAf-1722957908185,BUY,nfl-nyj-det-2026-09-27,Jets vs. Lions,Jets,0.2700000321,6.849314,1.85,344,skipped,their trade is only 2 USD,,
2026-09-23 17:53:59,1790178839495,0x3dfb153c197d4c19d3b31c1ecd2c7b6860eeabaf,0x3DFb153c197D4C19D3B31c1ecD2c7B6860eeabAf-1722957908185,BUY,nfl-nyj-det-2026-09-27,Jets vs. Lions,Jets,0.2700000001,2693.60274,727.27,560,skipped,max open copies reached,,
2026-09-23 17:53:59,1790178839496,0x3dfb153c197d4c19d3b31c1ecd2c7b6860eeabaf,0x3DFb153c197D4C19D3B31c1ecD2c7B6860eeabAf-1722957908185,BUY,nfl-nyj-det-2026-09-27,Jets vs. Lions,Jets,0.27,4.0,1.08,379,skipped,their trade is only 1 USD,,
2026-09-23 17:53:59,1790178839496,0x3dfb153c197d4c19d3b31c1ecd2c7b6860eeabaf,0x3DFb153c197D4C19D3B31c1ecD2c7B6860eeabAf-1722957908185,BUY,nfl-nyj-det-2026-09-27,Jets vs. Lions,Jets,0.27,3.0,0.81,323,skipped,their trade is only 1 USD,,
2026-09-23 17:53:59,1790178839496,0x3dfb153c197d4c19d3b31c1ecd2c7b6860eeabaf,0x3DFb153c197D4C19D3B31c1ecD2c7B6860eeabAf-1722957908185,BUY,nfl-nyj-det-2026-09-27,Jets vs. Lions,Jets,0.27,6.0,1.62,226,skipped,their trade is only 2 USD,,
2026-09-23 17:53:59,1790178839496,0x3dfb153c197d4c19d3b31c1ecd2c7b6860eeabaf,0x3DFb153c197D4C19D3B31c1ecD2c7B6860eeabAf-1722957908185,BUY,nfl-nyj-det-2026-09-27-spread-home-6pt5,Spread: Lions (-6.5),Jets,0.49,96.72,47.39,125,skipped,their trade is only 47 USD,,
2026-09-23 17:59:59,1790179199310,0x3dfb153c197d4c19d3b31c1ecd2c7b6860eeabaf,0x3DFb153c197D4C19D3B31c1ecD2c7B6860eeabAf-1722957908185,BUY,nfl-nyj-det-2026-09-27,Jets vs. Lions,Jets,0.27,14.0,3.78,37,skipped,their trade is only 4 USD,,
2026-09-23 18:05:59,1790179559377,0x3dfb153c197d4c19d3b31c1ecd2c7b6860eeabaf,0x3DFb153c197D4C19D3B31c1ecD2c7B6860eeabAf-1722957908185,BUY,nfl-nyj-det-2026-09-27-spread-home-7pt5,Spread: Lions (-7.5),Jets,0.5700000013,303.488373,172.99,64,skipped,already copied this position,,
2026-09-23 18:05:59,1790179559377,0x3dfb153c197d4c19d3b31c1ecd2c7b6860eeabaf,0x3DFb153c197D4C19D3B31c1ecD2c7B6860eeabAf-1722957908185,BUY,nfl-nyj-det-2026-09-27,Jets vs. Lions,Jets,0.27,2.0,0.54,32,skipped,their trade is only 1 USD,,
2026-09-23 18:07:57,1790179677802,0x8c0b024c17831a0dde038547b7e791ae6a0d7aa5,THEHIGHLIFE,BUY,cs2-lg6-3dmax-2026-09-23-map-handicap-away-1pt5,Map Handicap: LG (-1.5) vs 3DMAX (+1.5),3DMAX,0.59,256.85,151.54,259,skipped,max open copies reached,,
2026-09-23 18:07:57,1790179677803,0x8c0b024c17831a0dde038547b7e791ae6a0d7aa5,THEHIGHLIFE,BUY,cs2-lg6-3dmax-2026-09-23-map-handicap-away-1pt5,Map Handicap: LG (-1.5) vs 3DMAX (+1.5),3DMAX,0.5900000012,281.414635,166.03,169,skipped,max open copies reached,,
2026-09-23 18:11:59,1790179919294,0x3dfb153c197d4c19d3b31c1ecd2c7b6860eeabaf,0x3DFb153c197D4C19D3B31c1ecD2c7B6860eeabAf-1722957908185,BUY,nfl-nyj-det-2026-09-27,Jets vs. Lions,Jets,0.27,10.0,2.7,44,skipped,their trade is only 3 USD,,
2026-09-23 18:18:01,1790180281017,0x3dfb153c197d4c19d3b31c1ecd2c7b6860eeabaf,0x3DFb153c197D4C19D3B31c1ecD2c7B6860eeabAf-1722957908185,BUY,nfl-ten-nyg-2026-09-27,Titans vs. Giants,Titans,0.43,247.82,106.56,273,skipped,already copied this position,,
2026-09-23 18:18:01,1790180281017,0x3dfb153c197d4c19d3b31c1ecd2c7b6860eeabaf,0x3DFb153c197D4C19D3B31c1ecD2c7B6860eeabAf-1722957908185,BUY,nfl-ten-nyg-2026-09-27,Titans vs. Giants,Titans,0.43,73.94,31.79,264,skipped,their trade is only 32 USD,,
2026-09-23 18:18:01,1790180281018,0x3dfb153c197d4c19d3b31c1ecd2c7b6860eeabaf,0x3DFb153c197D4C19D3B31c1ecD2c7B6860eeabAf-1722957908185,BUY,nfl-ten-nyg-2026-09-27,Titans vs. Giants,Titans,0.43,59.95,25.78,260,skipped,their trade is only 26 USD,,
2026-09-23 18:18:01,1790180281018,0x3dfb153c197d4c19d3b31c1ecd2c7b6860eeabaf,0x3DFb153c197D4C19D3B31c1ecD2c7B6860eeabAf-1722957908185,BUY,nfl-ten-nyg-2026-09-27,Titans vs. Giants,Titans,0.43,247.82,106.56,245,skipped,already copied this position,,
2026-09-23 18:18:01,1790180281018,0x3dfb153c197d4c19d3b31c1ecd2c7b6860eeabaf,0x3DFb153c197D4C19D3B31c1ecD2c7B6860eeabAf-1722957908185,BUY,nfl-ten-nyg-2026-09-27,Titans vs. Giants,Titans,0.43,50.96,21.91,242,skipped,their trade is only 22 USD,,
2026-09-23 18:18:01,1790180281018,0x3dfb153c197d4c19d3b31c1ecd2c7b6860eeabaf,0x3DFb153c197D4C19D3B31c1ecD2c7B6860eeabAf-1722957908185,BUY,nfl-ten-nyg-2026-09-27-spread-home-2pt5,Spread: Giants (-2.5),Titans,0.4800000009,383.307693,183.99,143,skipped,max open copies reached,,
2026-09-23 18:18:58,1790180338060,0x8c0b024c17831a0dde038547b7e791ae6a0d7aa5,THEHIGHLIFE,BUY,cs2-lg6-3dmax-2026-09-23-map-handicap-away-1pt5,Map Handicap: LG (-1.5) vs 3DMAX (+1.5),3DMAX,0.59,87.02,51.34,59,skipped,max open copies reached,,
2026-09-23 18:29:58,1790180998176,0x8c0b024c17831a0dde038547b7e791ae6a0d7aa5,THEHIGHLIFE,BUY,cs2-lg6-3dmax-2026-09-23-game1,Counter-Strike: Luminosity vs 3DMAX - Map 1 Winner,Luminosity,0.4400000051,47.061429,20.71,245,skipped,their trade is only 21 USD,,
2026-09-23 18:35:59,1790181359688,0x3dfb153c197d4c19d3b31c1ecd2c7b6860eeabaf,0x3DFb153c197D4C19D3B31c1ecD2c7B6860eeabAf-1722957908185,BUY,nfl-nyj-det-2026-09-27,Jets vs. Lions,Jets,0.27,15.0,4.05,270,skipped,their trade is only 4 USD,,
2026-09-23 18:47:59,1790182079388,0x3dfb153c197d4c19d3b31c1ecd2c7b6860eeabaf,0x3DFb153c197D4C19D3B31c1ecD2c7B6860eeabAf-1722957908185,BUY,nfl-nyj-det-2026-09-27-spread-home-6pt5,Spread: Lions (-6.5),Jets,0.49,55.41,27.15,569,skipped,their trade is only 27 USD,,
2026-09-23 18:51:57,1790182317967,0x8c0b024c17831a0dde038547b7e791ae6a0d7aa5,THEHIGHLIFE,BUY,cs2-lg6-3dmax-2026-09-23-game1,Counter-Strike: Luminosity vs 3DMAX - Map 1 Winner,Luminosity,0.4300000001,2280.487018,980.61,144,skipped,max open copies reached,,
2026-09-23 18:51:57,1790182317968,0x8c0b024c17831a0dde038547b7e791ae6a0d7aa5,THEHIGHLIFE,BUY,cs2-lg6-3dmax-2026-09-23-game1,Counter-Strike: Luminosity vs 3DMAX - Map 1 Winner,Luminosity,0.4300000028,104.219297,44.81,21,skipped,their trade is only 45 USD,,
2026-09-23 18:51:57,1790182317968,0x8c0b024c17831a0dde038547b7e791ae6a0d7aa5,THEHIGHLIFE,BUY,cs2-lg6-3dmax-2026-09-23-game1,Counter-Strike: Luminosity vs 3DMAX - Map 1 Winner,Luminosity,0.43,40.0,17.2,4,skipped,their trade is only 17 USD,,
2026-09-23 18:53:59,1790182439296,0x3dfb153c197d4c19d3b31c1ecd2c7b6860eeabaf,0x3DFb153c197D4C19D3B31c1ecD2c7B6860eeabAf-1722957908185,BUY,nfl-nyj-det-2026-09-27,Jets vs. Lions,Jets,0.27,15.0,4.05,202,skipped,their trade is only 4 USD,,
2026-09-23 18:53:59,1790182439296,0x3dfb153c197d4c19d3b31c1ecd2c7b6860eeabaf,0x3DFb153c197D4C19D3B31c1ecD2c7B6860eeabAf-1722957908185,BUY,nfl-ten-nyg-2026-09-27-spread-home-2pt5,Spread: Giants (-2.5),Titans,0.48,2015.08,967.24,177,skipped,max open copies reached,,
2026-09-23 18:53:59,1790182439296,0x3dfb153c197d4c19d3b31c1ecd2c7b6860eeabaf,0x3DFb153c197D4C19D3B31c1ecD2c7B6860eeabAf-1722957908185,BUY,nfl-nyj-det-2026-09-27-spread-home-6pt5,Spread: Lions (-6.5),Jets,0.49,9.06,4.44,168,skipped,their trade is only 4 USD,,
2026-09-23 18:57:57,1790182677880,0x8c0b024c17831a0dde038547b7e791ae6a0d7aa5,THEHIGHLIFE,BUY,cs2-lg6-3dmax-2026-09-23-game1,Counter-Strike: Luminosity vs 3DMAX - Map 1 Winner,Luminosity,0.43,100.0,43.0,282,skipped,their trade is only 43 USD,,
2026-09-23 18:57:57,1790182677880,0x8c0b024c17831a0dde038547b7e791ae6a0d7aa5,THEHIGHLIFE,BUY,cs2-lg6-3dmax-2026-09-23-game1,Counter-Strike: Luminosity vs 3DMAX - Map 1 Winner,Luminosity,0.4300000011,335.578948,144.3,276,skipped,max open copies reached,,
2026-09-23 18:57:57,1790182677880,0x8c0b024c17831a0dde038547b7e791ae6a0d7aa5,THEHIGHLIFE,BUY,cs2-lg6-3dmax-2026-09-23-game1,Counter-Strike: Luminosity vs 3DMAX - Map 1 Winner,Luminosity,0.44,2606.65,1146.93,198,skipped,max open copies reached,,
2026-09-23 18:57:57,1790182677881,0x8c0b024c17831a0dde038547b7e791ae6a0d7aa5,THEHIGHLIFE,BUY,cs2-lg6-3dmax-2026-09-23-game1,Counter-Strike: Luminosity vs 3DMAX - Map 1 Winner,Luminosity,0.43,84.7,36.42,184,skipped,their trade is only 36 USD,,
2026-09-23 18:59:56,1790182796667,0xcd84d7f9262516865553555751609fb6f52abec6,Donkey14,BUY,mlb-tor-bal-2026-09-22,Toronto Blue Jays vs. Baltimore Orioles,Baltimore Orioles,0.54,3905.34,2108.88,516,skipped,max open copies reached,,
2026-09-23 18:59:56,1790182796668,0xcd84d7f9262516865553555751609fb6f52abec6,Donkey14,BUY,mlb-tor-bal-2026-09-22,Toronto Blue Jays vs. Baltimore Orioles,Baltimore Orioles,0.54,10.87,5.87,478,skipped,their trade is only 6 USD,,
2026-09-23 18:59:56,1790182796668,0xcd84d7f9262516865553555751609fb6f52abec6,Donkey14,BUY,mlb-tor-bal-2026-09-22,Toronto Blue Jays vs. Baltimore Orioles,Baltimore Orioles,0.54,10.42,5.63,409,skipped,their trade is only 6 USD,,
2026-09-23 18:59:59,1790182799326,0x3dfb153c197d4c19d3b31c1ecd2c7b6860eeabaf,0x3DFb153c197D4C19D3B31c1ecD2c7B6860eeabAf-1722957908185,BUY,nfl-nyj-det-2026-09-27,Jets vs. Lions,Jets,0.27,17.0,4.59,421,skipped,their trade is only 5 USD,,
2026-09-23 18:59:59,1790182799326,0x3dfb153c197d4c19d3b31c1ecd2c7b6860eeabaf,0x3DFb153c197D4C19D3B31c1ecD2c7B6860eeabAf-1722957908185,BUY,nfl-nyj-det-2026-09-27,Jets vs. Lions,Jets,0.27,13.0,3.51,229,skipped,their trade is only 4 USD,,
2026-09-23 19:02:58,1790182978055,0x8c0b024c17831a0dde038547b7e791ae6a0d7aa5,THEHIGHLIFE,BUY,cs2-lg6-3dmax-2026-09-23-game1,Counter-Strike: Luminosity vs 3DMAX - Map 1 Winner,Luminosity,0.59,52.2,30.8,139,skipped,their trade is only 31 USD,,
2026-09-23 19:02:58,1790182978056,0x8c0b024c17831a0dde038547b7e791ae6a0d7aa5,THEHIGHLIFE,BUY,cs2-lg6-3dmax-2026-09-23-game1,Counter-Strike: Luminosity vs 3DMAX - Map 1 Winner,Luminosity,0.58,4656.0,2700.48,116,skipped,max open copies reached,,
2026-09-23 19:05:56,1790183156675,0xcd84d7f9262516865553555751609fb6f52abec6,Donkey14,BUY,mlb-tor-bal-2026-09-22,Toronto Blue Jays vs. Baltimore Orioles,Baltimore Orioles,0.54,579.66,313.02,209,skipped,max open copies reached,,
2026-09-23 19:05:56,1790183156676,0xcd84d7f9262516865553555751609fb6f52abec6,Donkey14,BUY,mlb-tor-bal-2026-09-22,Toronto Blue Jays vs. Baltimore Orioles,Baltimore Orioles,0.5400002024,2.173914,1.17,82,skipped,their trade is only 1 USD,,
2026-09-23 19:05:59,1790183159368,0x3dfb153c197d4c19d3b31c1ecd2c7b6860eeabaf,0x3DFb153c197D4C19D3B31c1ecD2c7B6860eeabAf-1722957908185,BUY,nfl-nyj-det-2026-09-27,Jets vs. Lions,Jets,0.27,27.0,7.29,452,skipped,their trade is only 7 USD,,
2026-09-23 19:05:59,1790183159368,0x3dfb153c197d4c19d3b31c1ecd2c7b6860eeabaf,0x3DFb153c197D4C19D3B31c1ecD2c7B6860eeabAf-1722957908185,BUY,nfl-cin-pit-2026-09-27,Bengals vs. Steelers,Bengals,0.63,23.53,14.82,451,skipped,their trade is only 15 USD,,
2026-09-23 19:05:59,1790183159368,0x3dfb153c197d4c19d3b31c1ecd2c7b6860eeabaf,0x3DFb153c197D4C19D3B31c1ecD2c7B6860eeabAf-1722957908185,BUY,cfb-hawaii-wyom-2026-09-26-spread-away-3pt5,Spread: Hawai'i (-3.5),Wyoming,0.55,24.94,13.72,421,skipped,their trade is only 14 USD,,
2026-09-23 19:05:59,1790183159369,0x3dfb153c197d4c19d3b31c1ecd2c7b6860eeabaf,0x3DFb153c197D4C19D3B31c1ecD2c7B6860eeabAf-1722957908185,BUY,nfl-nyj-det-2026-09-27,Jets vs. Lions,Jets,0.27,13.0,3.51,275,skipped,their trade is only 4 USD,,
2026-09-23 19:05:59,1790183159369,0x3dfb153c197d4c19d3b31c1ecd2c7b6860eeabaf,0x3DFb153c197D4C19D3B31c1ecD2c7B6860eeabAf-1722957908185,BUY,nfl-nyj-det-2026-09-27,Jets vs. Lions,Jets,0.27,65.0,17.55,242,skipped,their trade is only 18 USD,,
2026-09-23 19:11:56,1790183516717,0xcd84d7f9262516865553555751609fb6f52abec6,Donkey14,BUY,mlb-tor-bal-2026-09-22-spread-home-1pt5,Spread: Baltimore Orioles (-1.5),Baltimore Orioles,0.35,11713.769231,4099.82,299,skipped,max open copies reached,,
2026-09-23 19:11:56,1790183516717,0xcd84d7f9262516865553555751609fb6f52abec6,Donkey14,BUY,mlb-tor-bal-2026-09-22-spread-home-1pt5,Spread: Baltimore Orioles (-1.5),Baltimore Orioles,0.35,5.0,1.75,287,skipped,their trade is only 2 USD,,
2026-09-23 19:11:59,1790183519404,0x3dfb153c197d4c19d3b31c1ecd2c7b6860eeabaf,0x3DFb153c197D4C19D3B31c1ecD2c7B6860eeabAf-1722957908185,BUY,nfl-nyj-det-2026-09-27,Jets vs. Lions,Jets,0.27,26.0,7.02,538,skipped,their trade is only 7 USD,,
2026-09-23 19:11:59,1790183519404,0x3dfb153c197d4c19d3b31c1ecd2c7b6860eeabaf,0x3DFb153c197D4C19D3B31c1ecD2c7B6860eeabAf-1722957908185,BUY,nfl-nyj-det-2026-09-27,Jets vs. Lions,Jets,0.27,3.0,0.81,485,skipped,their trade is only 1 USD,,
2026-09-23 19:11:59,1790183519404,0x3dfb153c197d4c19d3b31c1ecd2c7b6860eeabaf,0x3DFb153c197D4C19D3B31c1ecD2c7B6860eeabAf-1722957908185,BUY,nfl-nyj-det-2026-09-27,Jets vs. Lions,Jets,0.27,33.0,8.91,332,skipped,their trade is only 9 USD,,
2026-09-23 19:17:56,1790183876712,0xcd84d7f9262516865553555751609fb6f52abec6,Donkey14,BUY,mlb-tor-bal-2026-09-22-spread-home-1pt5,Spread: Baltimore Orioles (-1.5),Baltimore Orioles,0.3500000406,6.153845,2.15,374,skipped,their trade is only 2 USD,,
2026-09-23 19:17:59,1790183879410,0x3dfb153c197d4c19d3b31c1ecd2c7b6860eeabaf,0x3DFb153c197D4C19D3B31c1ecD2c7B6860eeabAf-1722957908185,BUY,nfl-nyj-det-2026-09-27,Jets vs. Lions,Jets,0.27,30.0,8.1,448,skipped,their trade is only 8 USD,,
2026-09-23 19:18:00,1790183880826,0x27f738fe203827445690339104aae35b20bc44b0,ic4cream,BUY,wnba-atl-nyl-2026-09-23,Atlanta Dream vs. New York Liberty,Atlanta Dream,0.47,2627.0,1234.69,109,skipped,max open copies reached,,
2026-09-23 19:18:00,1790183880827,0x27f738fe203827445690339104aae35b20bc44b0,ic4cream,BUY,wnba-atl-nyl-2026-09-23,Atlanta Dream vs. New York Liberty,Atlanta Dream,0.4896,1077.0,527.3,86,skipped,max open copies reached,,
2026-09-23 19:18:00,1790183880827,0x27f738fe203827445690339104aae35b20bc44b0,ic4cream,BUY,wnba-atl-nyl-2026-09-23,Atlanta Dream vs. New York Liberty,Atlanta Dream,0.5,128.0,64.0,79,skipped,max open copies reached,,
2026-09-23 19:18:00,1790183880827,0x27f738fe203827445690339104aae35b20bc44b0,ic4cream,BUY,wnba-atl-nyl-2026-09-23,Atlanta Dream vs. New York Liberty,Atlanta Dream,0.5,1040.0,520.0,79,skipped,max open copies reached,,
2026-09-23 19:18:00,1790183880827,0x27f738fe203827445690339104aae35b20bc44b0,ic4cream,BUY,wnba-atl-nyl-2026-09-23,Atlanta Dream vs. New York Liberty,Atlanta Dream,0.5,9.9,4.95,79,skipped,their trade is only 5 USD,,
2026-09-23 19:18:00,1790183880828,0x27f738fe203827445690339104aae35b20bc44b0,ic4cream,BUY,wnba-atl-nyl-2026-09-23,Atlanta Dream vs. New York Liberty,Atlanta Dream,0.4966297706,173.46,86.15,79,skipped,max open copies reached,,
2026-09-23 19:18:00,1790183880828,0x27f738fe203827445690339104aae35b20bc44b0,ic4cream,BUY,wnba-atl-nyl-2026-09-23,Atlanta Dream vs. New York Liberty,Atlanta Dream,0.5,52.64,26.32,71,skipped,their trade is only 26 USD,,
2026-09-23 19:18:00,1790183880828,0x27f738fe203827445690339104aae35b20bc44b0,ic4cream,BUY,wnba-atl-nyl-2026-09-23,Atlanta Dream vs. New York Liberty,Atlanta Dream,0.51,1396.0,711.96,68,skipped,max open copies reached,,
2026-09-23 19:18:00,1790183880828,0x27f738fe203827445690339104aae35b20bc44b0,ic4cream,BUY,wnba-atl-nyl-2026-09-23,Atlanta Dream vs. New York Liberty,Atlanta Dream,0.51,1154.0,588.54,65,skipped,max open copies reached,,
2026-09-23 19:18:00,1790183880828,0x27f738fe203827445690339104aae35b20bc44b0,ic4cream,BUY,wnba-atl-nyl-2026-09-23,Atlanta Dream vs. New York Liberty,Atlanta Dream,0.51,848.57,432.77,55,skipped,max open copies reached,,
2026-09-23 19:18:00,1790183880828,0x27f738fe203827445690339104aae35b20bc44b0,ic4cream,BUY,wnba-atl-nyl-2026-09-23,Atlanta Dream vs. New York Liberty,Atlanta Dream,0.5100000062,3.244898,1.65,55,skipped,their trade is only 2 USD,,
2026-09-23 19:18:00,1790183880829,0x27f738fe203827445690339104aae35b20bc44b0,ic4cream,BUY,wnba-atl-nyl-2026-09-23,Atlanta Dream vs. New York Liberty,Atlanta Dream,0.51,555.18,283.14,53,skipped,max open copies reached,,
2026-09-23 19:23:59,1790184239475,0x3dfb153c197d4c19d3b31c1ecd2c7b6860eeabaf,0x3DFb153c197D4C19D3B31c1ecD2c7B6860eeabAf-1722957908185,BUY,nfl-nyj-det-2026-09-27-spread-home-6pt5,Spread: Lions (-6.5),Jets,0.49,5.03,2.46,455,skipped,their trade is only 2 USD,,
2026-09-23 19:23:59,1790184239476,0x3dfb153c197d4c19d3b31c1ecd2c7b6860eeabaf,0x3DFb153c197D4C19D3B31c1ecD2c7B6860eeabAf-1722957908185,BUY,nfl-nyj-det-2026-09-27,Jets vs. Lions,Jets,0.27,13.0,3.51,368,skipped,their trade is only 4 USD,,
2026-09-23 19:41:56,1790185316708,0xcd84d7f9262516865553555751609fb6f52abec6,Donkey14,BUY,mlb-min-sf-2026-09-23,Minnesota Twins vs. San Francisco Giants,San Francisco Giants,0.41,96.46,39.55,511,skipped,their trade is only 40 USD,,
2026-09-23 19:41:56,1790185316709,0xcd84d7f9262516865553555751609fb6f52abec6,Donkey14,BUY,mlb-min-sf-2026-09-23,Minnesota Twins vs. San Francisco Giants,San Francisco Giants,0.4100001534,1.694914,0.69,145,skipped,their trade is only 1 USD,,
2026-09-23 19:41:59,1790185319451,0x3dfb153c197d4c19d3b31c1ecd2c7b6860eeabaf,0x3DFb153c197D4C19D3B31c1ecD2c7B6860eeabAf-1722957908185,BUY,nfl-nyj-det-2026-09-27-spread-home-6pt5,Spread: Lions (-6.5),Jets,0.49,9.06,4.44,481,skipped,their trade is only 4 USD,,
2026-09-23 19:41:59,1790185319452,0x3dfb153c197d4c19d3b31c1ecd2c7b6860eeabaf,0x3DFb153c197D4C19D3B31c1ecD2c7B6860eeabAf-1722957908185,BUY,nfl-nyj-det-2026-09-27,Jets vs. Lions,Jets,0.27,27.0,7.29,416,skipped,their trade is only 7 USD,,
2026-09-23 19:41:59,1790185319452,0x3dfb153c197d4c19d3b31c1ecd2c7b6860eeabaf,0x3DFb153c197D4C19D3B31c1ecD2c7B6860eeabAf-1722957908185,BUY,nfl-nyj-det-2026-09-27,Jets vs. Lions,Jets,0.27,14.0,3.78,376,skipped,their trade is only 4 USD,,
2026-09-23 19:47:59,1790185679609,0x3dfb153c197d4c19d3b31c1ecd2c7b6860eeabaf,0x3DFb153c197D4C19D3B31c1ecD2c7B6860eeabAf-1722957908185,BUY,nfl-nyj-det-2026-09-27,Jets vs. Lions,Jets,0.27,7.0,1.89,580,skipped,their trade is only 2 USD,,
2026-09-23 19:47:59,1790185679610,0x3dfb153c197d4c19d3b31c1ecd2c7b6860eeabaf,0x3DFb153c197D4C19D3B31c1ecD2c7B6860eeabAf-1722957908185,BUY,nfl-nyj-det-2026-09-27-spread-home-7pt5,Spread: Lions (-7.5),Jets,0.5700000004,387.046512,220.62,574,skipped,already copied this position,,
2026-09-23 19:47:59,1790185679610,0x3dfb153c197d4c19d3b31c1ecd2c7b6860eeabaf,0x3DFb153c197D4C19D3B31c1ecD2c7B6860eeabAf-1722957908185,BUY,nfl-nyj-det-2026-09-27,Jets vs. Lions,Jets,0.27,374.0,100.98,452,skipped,max open copies reached,,
2026-09-23 19:53:56,1790186036681,0xcd84d7f9262516865553555751609fb6f52abec6,Donkey14,BUY,mlb-min-sf-2026-09-23,Minnesota Twins vs. San Francisco Giants,San Francisco Giants,0.4100001534,1.694914,0.69,524,skipped,their trade is only 1 USD,,
2026-09-23 19:53:56,1790186036682,0xcd84d7f9262516865553555751609fb6f52abec6,Donkey14,BUY,mlb-min-sf-2026-09-23,Minnesota Twins vs. San Francisco Giants,San Francisco Giants,0.4100000064,37.288136,15.29,380,skipped,their trade is only 15 USD,,
2026-09-23 19:53:59,1790186039370,0x3dfb153c197d4c19d3b31c1ecd2c7b6860eeabaf,0x3DFb153c197D4C19D3B31c1ecD2c7B6860eeabAf-1722957908185,BUY,nfl-nyj-det-2026-09-27,Jets vs. Lions,Jets,0.27,53.26,14.38,467,skipped,their trade is only 14 USD,,
2026-09-23 19:53:59,1790186039371,0x3dfb153c197d4c19d3b31c1ecd2c7b6860eeabaf,0x3DFb153c197D4C19D3B31c1ecD2c7B6860eeabAf-1722957908185,BUY,nfl-nyj-det-2026-09-27,Jets vs. Lions,Jets,0.27,7.0,1.89,239,skipped,their trade is only 2 USD,,
2026-09-23 19:59:59,1790186399378,0x3dfb153c197d4c19d3b31c1ecd2c7b6860eeabaf,0x3DFb153c197D4C19D3B31c1ecD2c7B6860eeabAf-1722957908185,BUY,nfl-nyj-det-2026-09-27,Jets vs. Lions,Jets,0.27,13.0,3.51,295,skipped,their trade is only 4 USD,,
2026-09-23 19:59:59,1790186399379,0x3dfb153c197d4c19d3b31c1ecd2c7b6860eeabaf,0x3DFb153c197D4C19D3B31c1ecD2c7B6860eeabAf-1722957908185,BUY,nfl-nyj-det-2026-09-27,Jets vs. Lions,Jets,0.27,20.0,5.4,194,skipped,their trade is only 5 USD,,
2026-09-23 19:59:59,1790186399379,0x3dfb153c197d4c19d3b31c1ecd2c7b6860eeabaf,0x3DFb153c197D4C19D3B31c1ecD2c7B6860eeabAf-1722957908185,BUY,nfl-nyj-det-2026-09-27,Jets vs. Lions,Jets,0.27,23.0,6.21,152,skipped,their trade is only 6 USD,,
2026-09-23 20:00:00,1790186400795,0x27f738fe203827445690339104aae35b20bc44b0,ic4cream,BUY,nfl-atl-gb-2026-09-25-total-43pt5,Falcons vs. Packers: O/U 43.5,Under,0.53,46841.0,24825.73,65,skipped,max open copies reached,,
2026-09-23 20:05:56,1790186756722,0xcd84d7f9262516865553555751609fb6f52abec6,Donkey14,BUY,mlb-min-sf-2026-09-23,Minnesota Twins vs. San Francisco Giants,San Francisco Giants,0.41,100.0,41.0,362,skipped,their trade is only 41 USD,,
2026-09-23 20:05:56,1790186756722,0xcd84d7f9262516865553555751609fb6f52abec6,Donkey14,BUY,mlb-min-sf-2026-09-23-spread-away-1pt5,Spread: Minnesota Twins (-1.5),San Francisco Giants,0.55,507.21,278.97,200,skipped,max open copies reached,,
2026-09-23 20:05:56,1790186756723,0xcd84d7f9262516865553555751609fb6f52abec6,Donkey14,BUY,mlb-min-sf-2026-09-23-spread-away-1pt5,Spread: Minnesota Twins (-1.5),San Francisco Giants,0.55,240.6,132.33,155,skipped,max open copies reached,,
2026-09-23 20:05:56,1790186756723,0xcd84d7f9262516865553555751609fb6f52abec6,Donkey14,BUY,mlb-min-sf-2026-09-23-spread-away-1pt5,Spread: Minnesota Twins (-1.5),San Francisco Giants,0.55,21.15,11.63,139,skipped,their trade is only 12 USD,,
2026-09-23 20:05:59,1790186759410,0x3dfb153c197d4c19d3b31c1ecd2c7b6860eeabaf,0x3DFb153c197D4C19D3B31c1ecD2c7B6860eeabAf-1722957908185,BUY,nfl-nyj-det-2026-09-27,Jets vs. Lions,Jets,0.27,18.0,4.86,427,skipped,their trade is only 5 USD,,
2026-09-23 20:07:57,1790186877901,0x8c0b024c17831a0dde038547b7e791ae6a0d7aa5,THEHIGHLIFE,BUY,val-tl1-pr1-2026-09-24,Valorant: Team Liquid vs Paper Rex (BO3) - VCT Champions Group C,Paper Rex,0.55,0.1,0.06,184,skipped,their trade is only 0 USD,,
2026-09-23 20:11:59,1790187119429,0x3dfb153c197d4c19d3b31c1ecd2c7b6860eeabaf,0x3DFb153c197D4C19D3B31c1ecD2c7B6860eeabAf-1722957908185,BUY,nfl-nyj-det-2026-09-27,Jets vs. Lions,Jets,0.27,34.0,9.18,452,skipped,their trade is only 9 USD,,
2026-09-23 20:11:59,1790187119430,0x3dfb153c197d4c19d3b31c1ecd2c7b6860eeabaf,0x3DFb153c197D4C19D3B31c1ecD2c7B6860eeabAf-1722957908185,BUY,nfl-nyj-det-2026-09-27-spread-home-7pt5,Spread: Lions (-7.5),Jets,0.57,164.0,93.48,256,skipped,already copied this position,,
2026-09-23 20:11:59,1790187119430,0x3dfb153c197d4c19d3b31c1ecd2c7b6860eeabaf,0x3DFb153c197D4C19D3B31c1ecD2c7B6860eeabAf-1722957908185,BUY,nfl-nyj-det-2026-09-27,Jets vs. Lions,Jets,0.27,64.0,17.28,179,skipped,their trade is only 17 USD,,
2026-09-23 20:13:57,1790187237863,0x8c0b024c17831a0dde038547b7e791ae6a0d7aa5,THEHIGHLIFE,BUY,val-tl1-pr1-2026-09-24,Valorant: Team Liquid vs Paper Rex (BO3) - VCT Champions Group C,Paper Rex,0.5500000036,55.555556,30.56,217,skipped,their trade is only 31 USD,,
2026-09-23 20:17:56,1790187476677,0xcd84d7f9262516865553555751609fb6f52abec6,Donkey14,BUY,mlb-min-sf-2026-09-23,Minnesota Twins vs. San Francisco Giants,San Francisco Giants,0.4100001131,2.033897,0.83,167,skipped,their trade is only 1 USD,,
2026-09-23 20:17:56,1790187476678,0xcd84d7f9262516865553555751609fb6f52abec6,Donkey14,BUY,mlb-min-sf-2026-09-23-spread-away-1pt5,Spread: Minnesota Twins (-1.5),San Francisco Giants,0.55,10.07,5.54,134,skipped,their trade is only 6 USD,,
2026-09-23 20:17:59,1790187479518,0x3dfb153c197d4c19d3b31c1ecd2c7b6860eeabaf,0x3DFb153c197D4C19D3B31c1ecD2c7B6860eeabAf-1722957908185,BUY,nfl-nyj-det-2026-09-27,Jets vs. Lions,Jets,0.27,7.0,1.89,376,skipped,their trade is only 2 USD,,
2026-09-23 20:23:57,1790187837644,0xcd84d7f9262516865553555751609fb6f52abec6,Donkey14,BUY,mlb-min-sf-2026-09-23-spread-away-1pt5,Spread: Minnesota Twins (-1.5),San Francisco Giants,0.55,32.23,17.73,395,skipped,their trade is only 18 USD,,
2026-09-23 20:23:57,1790187837644,0xcd84d7f9262516865553555751609fb6f52abec6,Donkey14,BUY,mlb-min-sf-2026-09-23-spread-away-1pt5,Spread: Minnesota Twins (-1.5),San Francisco Giants,0.55,41.3,22.71,178,skipped,their trade is only 23 USD,,
2026-09-23 20:29:59,1790188199587,0x3dfb153c197d4c19d3b31c1ecd2c7b6860eeabaf,0x3DFb153c197D4C19D3B31c1ecD2c7B6860eeabAf-1722957908185,BUY,nfl-nyj-det-2026-09-27,Jets vs. Lions,Jets,0.27,3.0,0.81,518,skipped,their trade is only 1 USD,,
2026-09-23 20:29:59,1790188199588,0x3dfb153c197d4c19d3b31c1ecd2c7b6860eeabaf,0x3DFb153c197D4C19D3B31c1ecD2c7B6860eeabAf-1722957908185,BUY,nfl-nyj-det-2026-09-27,Jets vs. Lions,Jets,0.27,4.0,1.08,436,skipped,their trade is only 1 USD,,
2026-09-23 20:29:59,1790188199588,0x3dfb153c197d4c19d3b31c1ecd2c7b6860eeabaf,0x3DFb153c197D4C19D3B31c1ecD2c7B6860eeabAf-1722957908185,BUY,nfl-nyj-det-2026-09-27,Jets vs. Lions,Jets,0.27,5.0,1.35,293,skipped,their trade is only 1 USD,,
2026-09-23 20:29:59,1790188199588,0x3dfb153c197d4c19d3b31c1ecd2c7b6860eeabaf,0x3DFb153c197D4C19D3B31c1ecD2c7B6860eeabAf-1722957908185,BUY,nfl-nyj-det-2026-09-27,Jets vs. Lions,Jets,0.27,13.0,3.51,61,skipped,their trade is only 4 USD,,
2026-09-23 20:41:56,1790188916759,0xcd84d7f9262516865553555751609fb6f52abec6,Donkey14,BUY,mlb-min-sf-2026-09-23-spread-away-1pt5,Spread: Minnesota Twins (-1.5),San Francisco Giants,0.55,41.3,22.71,460,skipped,their trade is only 23 USD,,
2026-09-23 20:42:01,1790188921623,0x3dfb153c197d4c19d3b31c1ecd2c7b6860eeabaf,0x3DFb153c197D4C19D3B31c1ecD2c7B6860eeabAf-1722957908185,BUY,nfl-nyj-det-2026-09-27,Jets vs. Lions,Jets,0.27,7.0,1.89,218,skipped,their trade is only 2 USD,,
2026-09-23 20:42:01,1790188921624,0x3dfb153c197d4c19d3b31c1ecd2c7b6860eeabaf,0x3DFb153c197D4C19D3B31c1ecD2c7B6860eeabAf-1722957908185,BUY,nfl-nyj-det-2026-09-27,Jets vs. Lions,Jets,0.27,11.0,2.97,155,skipped,their trade is only 3 USD,,
2026-09-23 20:47:57,1790189277037,0xcd84d7f9262516865553555751609fb6f52abec6,Donkey14,BUY,mlb-min-sf-2026-09-23-spread-away-1pt5,Spread: Minnesota Twins (-1.5),San Francisco Giants,0.55,20.14,11.08,406,skipped,their trade is only 11 USD,,
2026-09-23 20:47:57,1790189277037,0xcd84d7f9262516865553555751609fb6f52abec6,Donkey14,BUY,mlb-min-sf-2026-09-23,Minnesota Twins vs. San Francisco Giants,San Francisco Giants,0.4100000159,16.949153,6.95,305,skipped,their trade is only 7 USD,,
2026-09-23 20:53:56,1790189636887,0xcd84d7f9262516865553555751609fb6f52abec6,Donkey14,BUY,mlb-min-sf-2026-09-23,Minnesota Twins vs. San Francisco Giants,San Francisco Giants,0.4100000118,6.762712,2.77,341,skipped,their trade is only 3 USD,,
2026-09-23 20:53:56,1790189636888,0xcd84d7f9262516865553555751609fb6f52abec6,Donkey14,BUY,mlb-min-sf-2026-09-23-spread-away-1pt5,Spread: Minnesota Twins (-1.5),San Francisco Giants,0.5500000342,10.222223,5.62,335,skipped,their trade is only 6 USD,,
2026-09-23 20:53:56,1790189636888,0xcd84d7f9262516865553555751609fb6f52abec6,Donkey14,BUY,mlb-min-sf-2026-09-23-spread-away-1pt5,Spread: Minnesota Twins (-1.5),San Francisco Giants,0.55,210.56,115.81,271,skipped,max open copies reached,,
2026-09-23 20:53:56,1790189636888,0xcd84d7f9262516865553555751609fb6f52abec6,Donkey14,BUY,mlb-min-sf-2026-09-23-spread-away-1pt5,Spread: Minnesota Twins (-1.5),San Francisco Giants,0.55,9.06,4.98,266,skipped,their trade is only 5 USD,,
2026-09-23 20:53:56,1790189636889,0xcd84d7f9262516865553555751609fb6f52abec6,Donkey14,BUY,mlb-min-sf-2026-09-23-spread-away-1pt5,Spread: Minnesota Twins (-1.5),San Francisco Giants,0.55,210.56,115.81,193,skipped,max open copies reached,,
2026-09-23 20:53:56,1790189636889,0xcd84d7f9262516865553555751609fb6f52abec6,Donkey14,BUY,mlb-min-sf-2026-09-23-spread-away-1pt5,Spread: Minnesota Twins (-1.5),San Francisco Giants,0.55,27.2,14.96,193,skipped,their trade is only 15 USD,,
2026-09-23 20:53:56,1790189636889,0xcd84d7f9262516865553555751609fb6f52abec6,Donkey14,BUY,mlb-min-sf-2026-09-23-spread-away-1pt5,Spread: Minnesota Twins (-1.5),San Francisco Giants,0.55,431.2,237.16,88,skipped,max open copies reached,,
2026-09-23 20:53:59,1790189639978,0x3dfb153c197d4c19d3b31c1ecd2c7b6860eeabaf,0x3DFb153c197D4C19D3B31c1ecD2c7B6860eeabAf-1722957908185,BUY,nfl-nyj-det-2026-09-27,Jets vs. Lions,Jets,0.27,8.0,2.16,373,skipped,their trade is only 2 USD,,
2026-09-23 20:53:59,1790189639978,0x3dfb153c197d4c19d3b31c1ecd2c7b6860eeabaf,0x3DFb153c197D4C19D3B31c1ecD2c7B6860eeabAf-1722957908185,BUY,nfl-nyj-det-2026-09-27,Jets vs. Lions,Jets,0.27,78.0,21.06,340,skipped,their trade is only 21 USD,,
2026-09-23 20:53:59,1790189639979,0x3dfb153c197d4c19d3b31c1ecd2c7b6860eeabaf,0x3DFb153c197D4C19D3B31c1ecD2c7B6860eeabAf-1722957908185,BUY,nfl-nyj-det-2026-09-27,Jets vs. Lions,Jets,0.27,4.0,1.08,238,skipped,their trade is only 1 USD,,
2026-09-23 20:53:59,1790189639979,0x3dfb153c197d4c19d3b31c1ecd2c7b6860eeabaf,0x3DFb153c197D4C19D3B31c1ecD2c7B6860eeabAf-1722957908185,BUY,nfl-nyj-det-2026-09-27,Jets vs. Lions,Jets,0.27,28.95,7.82,238,skipped,their trade is only 8 USD,,
2026-09-23 20:53:59,1790189639979,0x3dfb153c197d4c19d3b31c1ecd2c7b6860eeabaf,0x3DFb153c197D4C19D3B31c1ecD2c7B6860eeabAf-1722957908185,BUY,nfl-nyj-det-2026-09-27,Jets vs. Lions,Jets,0.27,14.0,3.78,191,skipped,their trade is only 4 USD,,
2026-09-23 20:53:59,1790189639979,0x3dfb153c197d4c19d3b31c1ecd2c7b6860eeabaf,0x3DFb153c197D4C19D3B31c1ecD2c7B6860eeabAf-1722957908185,BUY,nfl-nyj-det-2026-09-27,Jets vs. Lions,Jets,0.27,6.0,1.62,191,skipped,their trade is only 2 USD,,
2026-09-23 20:59:56,1790189996811,0xcd84d7f9262516865553555751609fb6f52abec6,Donkey14,BUY,mlb-min-sf-2026-09-23-spread-away-1pt5,Spread: Minnesota Twins (-1.5),San Francisco Giants,0.55,268.99,147.94,256,skipped,max open copies reached,,
2026-09-23 20:59:56,1790189996812,0xcd84d7f9262516865553555751609fb6f52abec6,Donkey14,BUY,mlb-min-sf-2026-09-23,Minnesota Twins vs. San Francisco Giants,San Francisco Giants,0.41,5.0,2.05,170,skipped,their trade is only 2 USD,,
2026-09-23 20:59:56,1790189996812,0xcd84d7f9262516865553555751609fb6f52abec6,Donkey14,BUY,mlb-min-sf-2026-09-23-spread-away-1pt5,Spread: Minnesota Twins (-1.5),San Francisco Giants,0.55,53.39,29.36,107,skipped,their trade is only 29 USD,,
2026-09-23 20:59:56,1790189996812,0xcd84d7f9262516865553555751609fb6f52abec6,Donkey14,BUY,mlb-min-sf-2026-09-23-spread-away-1pt5,Spread: Minnesota Twins (-1.5),San Francisco Giants,0.55,40.29,22.16,82,skipped,their trade is only 22 USD,,
2026-09-23 20:59:59,1790189999614,0x3dfb153c197d4c19d3b31c1ecd2c7b6860eeabaf,0x3DFb153c197D4C19D3B31c1ecD2c7B6860eeabAf-1722957908185,BUY,nfl-nyj-det-2026-09-27,Jets vs. Lions,Jets,0.27,17.0,4.59,415,skipped,their trade is only 5 USD,,
2026-09-23 20:59:59,1790189999615,0x3dfb153c197d4c19d3b31c1ecd2c7b6860eeabaf,0x3DFb153c197D4C19D3B31c1ecD2c7B6860eeabAf-1722957908185,BUY,nfl-nyj-det-2026-09-27-spread-home-6pt5,Spread: Lions (-6.5),Jets,0.49,23.17,11.35,389,skipped,their trade is only 11 USD,,
2026-09-23 20:59:59,1790189999615,0x3dfb153c197d4c19d3b31c1ecd2c7b6860eeabaf,0x3DFb153c197D4C19D3B31c1ecD2c7B6860eeabAf-1722957908185,BUY,nfl-nyj-det-2026-09-27,Jets vs. Lions,Jets,0.27,20.0,5.4,296,skipped,their trade is only 5 USD,,
2026-09-23 20:59:59,1790189999615,0x3dfb153c197d4c19d3b31c1ecd2c7b6860eeabaf,0x3DFb153c197D4C19D3B31c1ecD2c7B6860eeabAf-1722957908185,BUY,nfl-nyj-det-2026-09-27,Jets vs. Lions,Jets,0.27,18.0,4.86,250,skipped,their trade is only 5 USD,,
2026-09-23 21:05:56,1790190356832,0xcd84d7f9262516865553555751609fb6f52abec6,Donkey14,BUY,mlb-min-sf-2026-09-23,Minnesota Twins vs. San Francisco Giants,San Francisco Giants,0.4100000026,101.694914,41.69,349,skipped,their trade is only 42 USD,,
2026-09-23 21:05:56,1790190356833,0xcd84d7f9262516865553555751609fb6f52abec6,Donkey14,BUY,mlb-min-sf-2026-09-23,Minnesota Twins vs. San Francisco Giants,San Francisco Giants,0.4100000159,16.949153,6.95,256,skipped,their trade is only 7 USD,,
2026-09-23 21:05:56,1790190356833,0xcd84d7f9262516865553555751609fb6f52abec6,Donkey14,BUY,mlb-min-sf-2026-09-23,Minnesota Twins vs. San Francisco Giants,San Francisco Giants,0.4100000275,10.169492,4.17,247,skipped,their trade is only 4 USD,,
2026-09-23 21:05:56,1790190356833,0xcd84d7f9262516865553555751609fb6f52abec6,Donkey14,BUY,mlb-min-sf-2026-09-23-spread-away-1pt5,Spread: Minnesota Twins (-1.5),San Francisco Giants,0.55,21.15,11.63,179,skipped,their trade is only 12 USD,,
2026-09-23 21:05:56,1790190356833,0xcd84d7f9262516865553555751609fb6f52abec6,Donkey14,BUY,mlb-min-sf-2026-09-23,Minnesota Twins vs. San Francisco Giants,San Francisco Giants,0.4100000275,2.542373,1.04,175,skipped,their trade is only 1 USD,,
2026-09-23 21:05:56,1790190356833,0xcd84d7f9262516865553555751609fb6f52abec6,Donkey14,BUY,mlb-min-sf-2026-09-23-spread-away-1pt5,Spread: Minnesota Twins (-1.5),San Francisco Giants,0.55,431.2,237.16,134,skipped,max open copies reached,,
2026-09-23 21:05:58,1790190358328,0x8c0b024c17831a0dde038547b7e791ae6a0d7aa5,THEHIGHLIFE,BUY,val-tl1-pr1-2026-09-24,Valorant: Team Liquid vs Paper Rex (BO3) - VCT Champions Group C,Paper Rex,0.5500000225,6.666667,3.67,238,skipped,their trade is only 4 USD,,
2026-09-23 21:05:59,1790190359758,0x3dfb153c197d4c19d3b31c1ecd2c7b6860eeabaf,0x3DFb153c197D4C19D3B31c1ecD2c7B6860eeabAf-1722957908185,BUY,nfl-cin-pit-2026-09-27,Bengals vs. Steelers,Bengals,0.6300000133,27.027028,17.03,377,skipped,their trade is only 17 USD,,
2026-09-23 21:05:59,1790190359758,0x3dfb153c197d4c19d3b31c1ecd2c7b6860eeabaf,0x3DFb153c197D4C19D3B31c1ecD2c7B6860eeabAf-1722957908185,BUY,nfl-nyj-det-2026-09-27,Jets vs. Lions,Jets,0.27,10.0,2.7,323,skipped,their trade is only 3 USD,,
2026-09-23 21:05:59,1790190359758,0x3dfb153c197d4c19d3b31c1ecd2c7b6860eeabaf,0x3DFb153c197D4C19D3B31c1ecD2c7B6860eeabAf-1722957908185,BUY,nfl-nyj-det-2026-09-27,Jets vs. Lions,Jets,0.27,34.0,9.18,308,skipped,their trade is only 9 USD,,
2026-09-23 21:05:59,1790190359759,0x3dfb153c197d4c19d3b31c1ecd2c7b6860eeabaf,0x3DFb153c197D4C19D3B31c1ecD2c7B6860eeabAf-1722957908185,BUY,nfl-nyj-det-2026-09-27,Jets vs. Lions,Jets,0.27,65.0,17.55,242,skipped,their trade is only 18 USD,,
2026-09-23 21:05:59,1790190359759,0x3dfb153c197d4c19d3b31c1ecd2c7b6860eeabaf,0x3DFb153c197D4C19D3B31c1ecD2c7B6860eeabAf-1722957908185,BUY,nfl-nyj-det-2026-09-27,Jets vs. Lions,Jets,0.27,6.0,1.62,212,skipped,their trade is only 2 USD,,
2026-09-23 21:11:56,1790190716861,0xcd84d7f9262516865553555751609fb6f52abec6,Donkey14,BUY,mlb-min-sf-2026-09-23-spread-away-1pt5,Spread: Minnesota Twins (-1.5),San Francisco Giants,0.55,6.04,3.32,389,skipped,their trade is only 3 USD,,
2026-09-23 21:11:56,1790190716861,0xcd84d7f9262516865553555751609fb6f52abec6,Donkey14,BUY,mlb-min-sf-2026-09-23-spread-away-1pt5,Spread: Minnesota Twins (-1.5),San Francisco Giants,0.55,116.86,64.27,268,skipped,max open copies reached,,
2026-09-23 21:11:56,1790190716862,0xcd84d7f9262516865553555751609fb6f52abec6,Donkey14,BUY,mlb-min-sf-2026-09-23-spread-away-1pt5,Spread: Minnesota Twins (-1.5),San Francisco Giants,0.55,21.15,11.63,259,skipped,their trade is only 12 USD,,
2026-09-23 21:11:56,1790190716862,0xcd84d7f9262516865553555751609fb6f52abec6,Donkey14,BUY,mlb-min-sf-2026-09-23-spread-away-1pt5,Spread: Minnesota Twins (-1.5),San Francisco Giants,0.55,733.44,403.39,146,skipped,max open copies reached,,
2026-09-23 21:11:56,1790190716862,0xcd84d7f9262516865553555751609fb6f52abec6,Donkey14,BUY,mlb-min-sf-2026-09-23-spread-away-1pt5,Spread: Minnesota Twins (-1.5),San Francisco Giants,0.55,105.78,58.18,145,skipped,max open copies reached,,
2026-09-23 21:11:59,1790190719817,0x3dfb153c197d4c19d3b31c1ecd2c7b6860eeabaf,0x3DFb153c197D4C19D3B31c1ecD2c7B6860eeabAf-1722957908185,BUY,nfl-nyj-det-2026-09-27,Jets vs. Lions,Jets,0.27,4.0,1.08,334,skipped,their trade is only 1 USD,,
2026-09-23 21:11:59,1790190719817,0x3dfb153c197d4c19d3b31c1ecd2c7b6860eeabaf,0x3DFb153c197D4C19D3B31c1ecD2c7B6860eeabAf-1722957908185,BUY,nfl-nyj-det-2026-09-27,Jets vs. Lions,Jets,0.27,23719.49,6404.26,265,skipped,max open copies reached,,
2026-09-23 21:12:01,1790190721237,0x27f738fe203827445690339104aae35b20bc44b0,ic4cream,BUY,wnba-dal-sea-2026-09-23,Dallas Wings vs. Seattle Storm,Seattle Storm,0.22,251.0,55.22,167,skipped,max open copies reached,,
2026-09-23 21:17:56,1790191076850,0xcd84d7f9262516865553555751609fb6f52abec6,Donkey14,BUY,mlb-min-sf-2026-09-23-spread-away-1pt5,Spread: Minnesota Twins (-1.5),San Francisco Giants,0.55,104.77,57.62,454,skipped,max open copies reached,,
2026-09-23 21:17:56,1790191076850,0xcd84d7f9262516865553555751609fb6f52abec6,Donkey14,BUY,mlb-min-sf-2026-09-23-spread-away-1pt5,Spread: Minnesota Twins (-1.5),San Francisco Giants,0.55,38.28,21.05,428,skipped,their trade is only 21 USD,,
2026-09-23 21:17:56,1790191076850,0xcd84d7f9262516865553555751609fb6f52abec6,Donkey14,BUY,mlb-min-sf-2026-09-23-spread-away-1pt5,Spread: Minnesota Twins (-1.5),San Francisco Giants,0.55,87.65,48.21,427,skipped,their trade is only 48 USD,,
2026-09-23 21:17:56,1790191076851,0xcd84d7f9262516865553555751609fb6f52abec6,Donkey14,BUY,mlb-min-sf-2026-09-23-spread-away-1pt5,Spread: Minnesota Twins (-1.5),San Francisco Giants,0.55,16.11,8.86,409,skipped,their trade is only 9 USD,,
2026-09-23 21:17:56,1790191076851,0xcd84d7f9262516865553555751609fb6f52abec6,Donkey14,BUY,mlb-min-sf-2026-09-23-spread-away-1pt5,Spread: Minnesota Twins (-1.5),San Francisco Giants,0.55,17.12,9.42,398,skipped,their trade is only 9 USD,,
2026-09-23 21:17:56,1790191076851,0xcd84d7f9262516865553555751609fb6f52abec6,Donkey14,BUY,mlb-min-sf-2026-09-23-spread-away-1pt5,Spread: Minnesota Twins (-1.5),San Francisco Giants,0.55,21.15,11.63,388,skipped,their trade is only 12 USD,,
2026-09-23 21:17:56,1790191076851,0xcd84d7f9262516865553555751609fb6f52abec6,Donkey14,BUY,mlb-min-sf-2026-09-23-spread-away-1pt5,Spread: Minnesota Twins (-1.5),San Francisco Giants,0.55,10732.69,5902.98,364,skipped,max open copies reached,,
2026-09-23 21:17:56,1790191076852,0xcd84d7f9262516865553555751609fb6f52abec6,Donkey14,BUY,mlb-min-sf-2026-09-23-spread-away-1pt5,Spread: Minnesota Twins (-1.5),San Francisco Giants,0.55,146.08,80.34,362,skipped,max open copies reached,,
2026-09-23 21:17:56,1790191076852,0xcd84d7f9262516865553555751609fb6f52abec6,Donkey14,BUY,mlb-min-sf-2026-09-23,Minnesota Twins vs. San Francisco Giants,San Francisco Giants,0.41,612.44,251.1,319,skipped,max open copies reached,,
2026-09-23 21:17:56,1790191076852,0xcd84d7f9262516865553555751609fb6f52abec6,Donkey14,BUY,mlb-min-sf-2026-09-23-spread-away-1pt5,Spread: Minnesota Twins (-1.5),San Francisco Giants,0.55,32.23,17.73,308,skipped,their trade is only 18 USD,,
2026-09-23 21:17:56,1790191076852,0xcd84d7f9262516865553555751609fb6f52abec6,Donkey14,BUY,mlb-min-sf-2026-09-23-spread-away-1pt5,Spread: Minnesota Twins (-1.5),San Francisco Giants,0.55,210.56,115.81,281,skipped,max open copies reached,,
2026-09-23 21:17:56,1790191076852,0xcd84d7f9262516865553555751609fb6f52abec6,Donkey14,BUY,mlb-min-sf-2026-09-23,Minnesota Twins vs. San Francisco Giants,San Francisco Giants,0.41,607.44,249.05,265,skipped,max open copies reached,,
2026-09-23 21:17:56,1790191076853,0xcd84d7f9262516865553555751609fb6f52abec6,Donkey14,BUY,mlb-min-sf-2026-09-23-spread-away-1pt5,Spread: Minnesota Twins (-1.5),San Francisco Giants,0.55,229.7,126.34,257,skipped,max open copies reached,,
2026-09-23 21:17:56,1790191076853,0xcd84d7f9262516865553555751609fb6f52abec6,Donkey14,BUY,mlb-min-sf-2026-09-23-spread-away-1pt5,Spread: Minnesota Twins (-1.5),San Francisco Giants,0.55,3.02,1.66,242,skipped,their trade is only 2 USD,,
2026-09-23 21:17:56,1790191076853,0xcd84d7f9262516865553555751609fb6f52abec6,Donkey14,BUY,mlb-min-sf-2026-09-23,Minnesota Twins vs. San Francisco Giants,San Francisco Giants,0.41,65.47,26.84,220,skipped,their trade is only 27 USD,,
2026-09-23 21:17:56,1790191076853,0xcd84d7f9262516865553555751609fb6f52abec6,Donkey14,BUY,mlb-min-sf-2026-09-23,Minnesota Twins vs. San Francisco Giants,San Francisco Giants,0.41,602.32,246.95,202,skipped,max open copies reached,,
2026-09-23 21:17:56,1790191076853,0xcd84d7f9262516865553555751609fb6f52abec6,Donkey14,BUY,mlb-min-sf-2026-09-23,Minnesota Twins vs. San Francisco Giants,San Francisco Giants,0.41,597.32,244.9,175,skipped,max open copies reached,,
2026-09-23 21:18:01,1790191081118,0x27f738fe203827445690339104aae35b20bc44b0,ic4cream,BUY,wnba-dal-sea-2026-09-23,Dallas Wings vs. Seattle Storm,Seattle Storm,0.22,18.44,4.06,347,skipped,their trade is only 4 USD,,
2026-09-23 21:18:01,1790191081119,0x27f738fe203827445690339104aae35b20bc44b0,ic4cream,BUY,wnba-dal-sea-2026-09-23,Dallas Wings vs. Seattle Storm,Seattle Storm,0.2200000187,6.410254,1.41,118,skipped,their trade is only 1 USD,,
2026-09-23 21:23:56,1790191436877,0xcd84d7f9262516865553555751609fb6f52abec6,Donkey14,BUY,mlb-min-sf-2026-09-23-spread-away-1pt5,Spread: Minnesota Twins (-1.5),San Francisco Giants,0.55,157.16,86.44,526,skipped,max open copies reached,,
2026-09-23 21:23:56,1790191436878,0xcd84d7f9262516865553555751609fb6f52abec6,Donkey14,BUY,mlb-min-sf-2026-09-23,Minnesota Twins vs. San Francisco Giants,San Francisco Giants,0.41,589.76,241.8,485,skipped,max open copies reached,,
2026-09-23 21:23:56,1790191436878,0xcd84d7f9262516865553555751609fb6f52abec6,Donkey14,BUY,mlb-min-sf-2026-09-23-spread-away-1pt5,Spread: Minnesota Twins (-1.5),San Francisco Giants,0.55,52.38,28.81,464,skipped,their trade is only 29 USD,,
2026-09-23 21:23:56,1790191436879,0xcd84d7f9262516865553555751609fb6f52abec6,Donkey14,BUY,mlb-min-sf-2026-09-23,Minnesota Twins vs. San Francisco Giants,San Francisco Giants,0.41,4.67,1.91,449,skipped,their trade is only 2 USD,,
2026-09-23 21:23:56,1790191436879,0xcd84d7f9262516865553555751609fb6f52abec6,Donkey14,BUY,mlb-min-sf-2026-09-23-spread-away-1pt5,Spread: Minnesota Twins (-1.5),San Francisco Giants,0.55,3220.91,1771.5,440,skipped,max open copies reached,,
2026-09-23 21:23:56,1790191436879,0xcd84d7f9262516865553555751609fb6f52abec6,Donkey14,BUY,mlb-min-sf-2026-09-23,Minnesota Twins vs. San Francisco Giants,San Francisco Giants,0.41,584.64,239.7,428,skipped,max open copies reached,,
2026-09-23 21:23:56,1790191436879,0xcd84d7f9262516865553555751609fb6f52abec6,Donkey14,BUY,mlb-min-sf-2026-09-23,Minnesota Twins vs. San Francisco Giants,San Francisco Giants,0.4100000106,33.898304,13.9,416,skipped,their trade is only 14 USD,,
2026-09-23 21:23:56,1790191436880,0xcd84d7f9262516865553555751609fb6f52abec6,Donkey14,BUY,mlb-min-sf-2026-09-23-spread-away-1pt5,Spread: Minnesota Twins (-1.5),San Francisco Giants,0.55,107.8,59.29,296,skipped,max open copies reached,,
2026-09-23 21:23:56,1790191436880,0xcd84d7f9262516865553555751609fb6f52abec6,Donkey14,BUY,mlb-min-sf-2026-09-23,Minnesota Twins vs. San Francisco Giants,San Francisco Giants,0.410000059,6.77966,2.78,272,skipped,their trade is only 3 USD,,
2026-09-23 21:23:56,1790191436880,0xcd84d7f9262516865553555751609fb6f52abec6,Donkey14,BUY,mlb-min-sf-2026-09-23-spread-away-1pt5,Spread: Minnesota Twins (-1.5),San Francisco Giants,0.55,3.02,1.66,259,skipped,their trade is only 2 USD,,
2026-09-23 21:23:56,1790191436881,0xcd84d7f9262516865553555751609fb6f52abec6,Donkey14,BUY,mlb-min-sf-2026-09-23-spread-away-1pt5,Spread: Minnesota Twins (-1.5),San Francisco Giants,0.55,21.15,11.63,227,skipped,their trade is only 12 USD,,
2026-09-23 21:23:56,1790191436881,0xcd84d7f9262516865553555751609fb6f52abec6,Donkey14,BUY,mlb-min-sf-2026-09-23-spread-away-1pt5,Spread: Minnesota Twins (-1.5),San Francisco Giants,0.55,17.12,9.42,223,skipped,their trade is only 9 USD,,
2026-09-23 21:23:59,1790191439799,0x3dfb153c197d4c19d3b31c1ecd2c7b6860eeabaf,0x3DFb153c197D4C19D3B31c1ecD2c7B6860eeabAf-1722957908185,BUY,nfl-cin-pit-2026-09-27,Bengals vs. Steelers,Bengals,0.6300000003,543.540541,342.43,497,skipped,max open copies reached,,
2026-09-23 21:23:59,1790191439799,0x3dfb153c197d4c19d3b31c1ecd2c7b6860eeabaf,0x3DFb153c197D4C19D3B31c1ecD2c7B6860eeabAf-1722957908185,BUY,nfl-cin-pit-2026-09-27,Bengals vs. Steelers,Bengals,0.6300000001,503.891892,317.45,497,skipped,max open copies reached,,
2026-09-23 21:23:59,1790191439799,0x3dfb153c197d4c19d3b31c1ecd2c7b6860eeabaf,0x3DFb153c197D4C19D3B31c1ecD2c7B6860eeabAf-1722957908185,BUY,nfl-cin-pit-2026-09-27,Bengals vs. Steelers,Bengals,0.6300000002,742.567568,467.82,496,skipped,max open copies reached,,
2026-09-23 21:23:59,1790191439800,0x3dfb153c197d4c19d3b31c1ecd2c7b6860eeabaf,0x3DFb153c197D4C19D3B31c1ecD2c7B6860eeabAf-1722957908185,BUY,nfl-cin-pit-2026-09-27,Bengals vs. Steelers,Bengals,0.6300000002,719.648649,453.38,496,skipped,max open copies reached,,
2026-09-23 21:23:59,1790191439800,0x3dfb153c197d4c19d3b31c1ecd2c7b6860eeabaf,0x3DFb153c197D4C19D3B31c1ecD2c7B6860eeabAf-1722957908185,BUY,nfl-cin-pit-2026-09-27,Bengals vs. Steelers,Bengals,0.6300000006,499.243244,314.52,496,skipped,max open copies reached,,
2026-09-23 21:23:59,1790191439800,0x3dfb153c197d4c19d3b31c1ecd2c7b6860eeabaf,0x3DFb153c197D4C19D3B31c1ecD2c7B6860eeabAf-1722957908185,BUY,nfl-cin-pit-2026-09-27,Bengals vs. Steelers,Bengals,0.63,689.918919,434.65,496,skipped,max open copies reached,,
2026-09-23 21:23:59,1790191439800,0x3dfb153c197d4c19d3b31c1ecd2c7b6860eeabaf,0x3DFb153c197D4C19D3B31c1ecD2c7B6860eeabAf-1722957908185,BUY,nfl-cin-pit-2026-09-27,Bengals vs. Steelers,Bengals,0.6300000003,666.432433,419.85,496,skipped,max open copies reached,,
2026-09-23 21:23:59,1790191439800,0x3dfb153c197d4c19d3b31c1ecd2c7b6860eeabaf,0x3DFb153c197D4C19D3B31c1ecD2c7B6860eeabAf-1722957908185,BUY,nfl-nyj-det-2026-09-27-spread-home-6pt5,Spread: Lions (-6.5),Jets,0.49,18.13,8.88,448,skipped,their trade is only 9 USD,,
2026-09-23 21:29:56,1790191796826,0xcd84d7f9262516865553555751609fb6f52abec6,Donkey14,BUY,mlb-min-sf-2026-09-23,Minnesota Twins vs. San Francisco Giants,San Francisco Giants,0.4100000023,77.966102,31.97,464,skipped,their trade is only 32 USD,,
2026-09-23 21:29:56,1790191796827,0xcd84d7f9262516865553555751609fb6f52abec6,Donkey14,BUY,mlb-min-sf-2026-09-23-spread-away-1pt5,Spread: Minnesota Twins (-1.5),San Francisco Giants,0.5500000523,5.733334,3.15,457,skipped,their trade is only 3 USD,,
2026-09-23 21:29:56,1790191796827,0xcd84d7f9262516865553555751609fb6f52abec6,Donkey14,BUY,mlb-min-sf-2026-09-23-spread-away-1pt5,Spread: Minnesota Twins (-1.5),San Francisco Giants,0.55,23.17,12.74,424,skipped,their trade is only 13 USD,,
2026-09-23 21:29:56,1790191796827,0xcd84d7f9262516865553555751609fb6f52abec6,Donkey14,BUY,mlb-min-sf-2026-09-23-spread-away-1pt5,Spread: Minnesota Twins (-1.5),San Francisco Giants,0.55,10.07,5.54,409,skipped,their trade is only 6 USD,,
2026-09-23 21:29:56,1790191796828,0xcd84d7f9262516865553555751609fb6f52abec6,Donkey14,BUY,mlb-min-sf-2026-09-23-spread-away-1pt5,Spread: Minnesota Twins (-1.5),San Francisco Giants,0.55,107.8,59.29,389,skipped,max open copies reached,,
2026-09-23 21:29:56,1790191796828,0xcd84d7f9262516865553555751609fb6f52abec6,Donkey14,BUY,mlb-min-sf-2026-09-23,Minnesota Twins vs. San Francisco Giants,San Francisco Giants,0.41,20000.0,8200.0,365,skipped,max open copies reached,,
2026-09-23 21:29:56,1790191796828,0xcd84d7f9262516865553555751609fb6f52abec6,Donkey14,BUY,mlb-min-sf-2026-09-23-spread-away-1pt5,Spread: Minnesota Twins (-1.5),San Francisco Giants,0.55,3990.63,2194.85,350,skipped,max open copies reached,,
2026-09-23 21:29:56,1790191796828,0xcd84d7f9262516865553555751609fb6f52abec6,Donkey14,BUY,mlb-min-sf-2026-09-23,Minnesota Twins vs. San Francisco Giants,San Francisco Giants,0.4100000001,581.881356,238.57,190,skipped,max open copies reached,,
2026-09-23 21:35:56,1790192156835,0xcd84d7f9262516865553555751609fb6f52abec6,Donkey14,BUY,mlb-min-sf-2026-09-23,Minnesota Twins vs. San Francisco Giants,San Francisco Giants,0.4100000258,2.322034,0.95,506,skipped,their trade is only 1 USD,,
2026-09-23 21:35:56,1790192156835,0xcd84d7f9262516865553555751609fb6f52abec6,Donkey14,BUY,mlb-min-sf-2026-09-23,Minnesota Twins vs. San Francisco Giants,San Francisco Giants,0.41,9.0,3.69,419,skipped,their trade is only 4 USD,,
2026-09-23 21:35:56,1790192156836,0xcd84d7f9262516865553555751609fb6f52abec6,Donkey14,BUY,mlb-min-sf-2026-09-23,Minnesota Twins vs. San Francisco Giants,San Francisco Giants,0.41,100.0,41.0,412,skipped,their trade is only 41 USD,,
2026-09-23 21:35:56,1790192156836,0xcd84d7f9262516865553555751609fb6f52abec6,Donkey14,BUY,mlb-min-sf-2026-09-23,Minnesota Twins vs. San Francisco Giants,San Francisco Giants,0.4100000001,3309.152543,1356.75,311,skipped,max open copies reached,,
2026-09-23 21:35:56,1790192156836,0xcd84d7f9262516865553555751609fb6f52abec6,Donkey14,BUY,mlb-min-sf-2026-09-23-spread-away-1pt5,Spread: Minnesota Twins (-1.5),San Francisco Giants,0.55,324.4,178.42,257,skipped,max open copies reached,,
2026-09-23 21:35:59,1790192159691,0x3dfb153c197d4c19d3b31c1ecd2c7b6860eeabaf,0x3DFb153c197D4C19D3B31c1ecD2c7B6860eeabAf-1722957908185,BUY,nfl-ten-nyg-2026-09-27-spread-home-3pt5,Spread: Giants (-3.5),Titans,0.57,231.21,131.79,520,skipped,already copied this position,,
2026-09-23 21:35:59,1790192159691,0x3dfb153c197d4c19d3b31c1ecd2c7b6860eeabaf,0x3DFb153c197D4C19D3B31c1ecD2c7B6860eeabAf-1722957908185,BUY,nfl-ten-nyg-2026-09-27,Titans vs. Giants,Titans,0.4300000114,26.31579,11.32,38,skipped,their trade is only 11 USD,,
2026-09-23 21:36:01,1790192161228,0x27f738fe203827445690339104aae35b20bc44b0,ic4cream,BUY,wnba-dal-sea-2026-09-23,Dallas Wings vs. Seattle Storm,Seattle Storm,0.22,1.28205,0.28,289,skipped,their trade is only 0 USD,,
2026-09-23 21:40:57,1790192457875,0xcd84d7f9262516865553555751609fb6f52abec6,Donkey14,BUY,mlb-min-sf-2026-09-23-spread-away-1pt5,Spread: Minnesota Twins (-1.5),San Francisco Giants,0.55,144.06,79.23,518,skipped,max open copies reached,,
2026-09-23 21:40:57,1790192457875,0xcd84d7f9262516865553555751609fb6f52abec6,Donkey14,BUY,mlb-min-sf-2026-09-23,Minnesota Twins vs. San Francisco Giants,San Francisco Giants,0.4100000031,32.20339,13.2,517,skipped,their trade is only 13 USD,,
2026-09-23 21:40:57,1790192457876,0xcd84d7f9262516865553555751609fb6f52abec6,Donkey14,BUY,mlb-min-sf-2026-09-23-spread-away-1pt5,Spread: Minnesota Twins (-1.5),San Francisco Giants,0.55,37.27,20.5,476,skipped,their trade is only 20 USD,,
2026-09-23 21:40:57,1790192457876,0xcd84d7f9262516865553555751609fb6f52abec6,Donkey14,BUY,mlb-min-sf-2026-09-23-spread-away-1pt5,Spread: Minnesota Twins (-1.5),San Francisco Giants,0.55,28.2,15.51,445,skipped,their trade is only 16 USD,,
2026-09-23 21:40:57,1790192457876,0xcd84d7f9262516865553555751609fb6f52abec6,Donkey14,BUY,mlb-min-sf-2026-09-23-spread-away-1pt5,Spread: Minnesota Twins (-1.5),San Francisco Giants,0.55,66.49,36.57,410,skipped,their trade is only 37 USD,,
2026-09-23 21:40:57,1790192457876,0xcd84d7f9262516865553555751609fb6f52abec6,Donkey14,BUY,mlb-min-sf-2026-09-23,Minnesota Twins vs. San Francisco Giants,San Francisco Giants,0.41,5.0,2.05,379,skipped,their trade is only 2 USD,,
2026-09-23 21:40:57,1790192457877,0xcd84d7f9262516865553555751609fb6f52abec6,Donkey14,BUY,mlb-min-sf-2026-09-23-spread-away-1pt5,Spread: Minnesota Twins (-1.5),San Francisco Giants,0.55,21.15,11.63,368,skipped,their trade is only 12 USD,,
2026-09-23 21:40:57,1790192457877,0xcd84d7f9262516865553555751609fb6f52abec6,Donkey14,BUY,mlb-min-sf-2026-09-23-spread-away-1pt5,Spread: Minnesota Twins (-1.5),San Francisco Giants,0.55,45.33,24.93,308,skipped,their trade is only 25 USD,,
2026-09-23 21:40:57,1790192457877,0xcd84d7f9262516865553555751609fb6f52abec6,Donkey14,BUY,mlb-min-sf-2026-09-23-spread-away-1pt5,Spread: Minnesota Twins (-1.5),San Francisco Giants,0.55,96.71,53.19,295,skipped,max open copies reached,,
2026-09-23 21:40:57,1790192457877,0xcd84d7f9262516865553555751609fb6f52abec6,Donkey14,BUY,mlb-min-sf-2026-09-23-spread-away-1pt5,Spread: Minnesota Twins (-1.5),San Francisco Giants,0.55,20.14,11.08,289,skipped,their trade is only 11 USD,,
2026-09-23 21:40:57,1790192457878,0xcd84d7f9262516865553555751609fb6f52abec6,Donkey14,BUY,mlb-min-sf-2026-09-23-spread-away-1pt5,Spread: Minnesota Twins (-1.5),San Francisco Giants,0.55,64.0,35.2,284,skipped,their trade is only 35 USD,,
2026-09-23 21:40:57,1790192457878,0xcd84d7f9262516865553555751609fb6f52abec6,Donkey14,BUY,mlb-min-sf-2026-09-23-spread-away-1pt5,Spread: Minnesota Twins (-1.5),San Francisco Giants,0.55,41.3,22.71,283,skipped,their trade is only 23 USD,,
2026-09-23 21:40:57,1790192457878,0xcd84d7f9262516865553555751609fb6f52abec6,Donkey14,BUY,mlb-min-sf-2026-09-23-spread-away-1pt5,Spread: Minnesota Twins (-1.5),San Francisco Giants,0.55,209.55,115.25,269,skipped,max open copies reached,,
2026-09-23 21:40:57,1790192457878,0xcd84d7f9262516865553555751609fb6f52abec6,Donkey14,BUY,mlb-min-sf-2026-09-23-spread-away-1pt5,Spread: Minnesota Twins (-1.5),San Francisco Giants,0.55,117.0,64.35,242,skipped,max open copies reached,,
2026-09-23 21:40:57,1790192457879,0xcd84d7f9262516865553555751609fb6f52abec6,Donkey14,BUY,mlb-min-sf-2026-09-23-spread-away-1pt5,Spread: Minnesota Twins (-1.5),San Francisco Giants,0.55,215.6,118.58,230,skipped,max open copies reached,,
2026-09-23 21:40:57,1790192457879,0xcd84d7f9262516865553555751609fb6f52abec6,Donkey14,BUY,mlb-min-sf-2026-09-23-spread-away-1pt5,Spread: Minnesota Twins (-1.5),San Francisco Giants,0.55,4.02,2.21,223,skipped,their trade is only 2 USD,,
2026-09-23 21:46:56,1790192816904,0xcd84d7f9262516865553555751609fb6f52abec6,Donkey14,BUY,mlb-min-sf-2026-09-23-spread-away-1pt5,Spread: Minnesota Twins (-1.5),San Francisco Giants,0.55,17.12,9.42,554,skipped,their trade is only 9 USD,,
2026-09-23 21:46:56,1790192816904,0xcd84d7f9262516865553555751609fb6f52abec6,Donkey14,BUY,mlb-min-sf-2026-09-23-spread-away-1pt5,Spread: Minnesota Twins (-1.5),San Francisco Giants,0.55,213.0,117.15,508,skipped,max open copies reached,,
2026-09-23 21:46:56,1790192816905,0xcd84d7f9262516865553555751609fb6f52abec6,Donkey14,BUY,mlb-min-sf-2026-09-23-spread-away-1pt5,Spread: Minnesota Twins (-1.5),San Francisco Giants,0.55,35.0,19.25,506,skipped,their trade is only 19 USD,,
2026-09-23 21:46:56,1790192816905,0xcd84d7f9262516865553555751609fb6f52abec6,Donkey14,BUY,mlb-min-sf-2026-09-23,Minnesota Twins vs. San Francisco Giants,San Francisco Giants,0.41,12.0,4.92,490,skipped,their trade is only 5 USD,,
2026-09-23 21:46:56,1790192816905,0xcd84d7f9262516865553555751609fb6f52abec6,Donkey14,BUY,mlb-min-sf-2026-09-23-spread-away-1pt5,Spread: Minnesota Twins (-1.5),San Francisco Giants,0.55,10.07,5.54,485,skipped,their trade is only 6 USD,,
2026-09-23 21:47:01,1790192821181,0x27f738fe203827445690339104aae35b20bc44b0,ic4cream,BUY,wnba-dal-sea-2026-09-23,Dallas Wings vs. Seattle Storm,Seattle Storm,0.22,1.28205,0.28,148,skipped,their trade is only 0 USD,,
2026-09-23 21:52:56,1790193176754,0xcd84d7f9262516865553555751609fb6f52abec6,Donkey14,BUY,mlb-cin-atl-2026-09-23-spread-home-1pt5,Spread: Atlanta Braves (-1.5),Cincinnati Reds,0.49,23.0,11.27,341,skipped,their trade is only 11 USD,,
2026-09-23 21:53:01,1790193181058,0x27f738fe203827445690339104aae35b20bc44b0,ic4cream,BUY,wnba-dal-sea-2026-09-23,Dallas Wings vs. Seattle Storm,Seattle Storm,0.22,62.31,13.71,316,skipped,their trade is only 14 USD,,
2026-09-23 21:53:01,1790193181058,0x27f738fe203827445690339104aae35b20bc44b0,ic4cream,BUY,wnba-dal-sea-2026-09-23,Dallas Wings vs. Seattle Storm,Seattle Storm,0.22,818.07,179.98,173,skipped,max open copies reached,,
2026-09-23 21:53:01,1790193181059,0x27f738fe203827445690339104aae35b20bc44b0,ic4cream,BUY,wnba-dal-sea-2026-09-23,Dallas Wings vs. Seattle Storm,Seattle Storm,0.22,12.06,2.65,143,skipped,their trade is only 3 USD,,
2026-09-23 21:53:01,1790193181059,0x27f738fe203827445690339104aae35b20bc44b0,ic4cream,BUY,wnba-dal-sea-2026-09-23,Dallas Wings vs. Seattle Storm,Seattle Storm,0.22,6.03,1.33,28,skipped,their trade is only 1 USD,,
2026-09-23 21:59:01,1790193541074,0x27f738fe203827445690339104aae35b20bc44b0,ic4cream,BUY,wnba-dal-sea-2026-09-23,Dallas Wings vs. Seattle Storm,Seattle Storm,0.22,24.12,5.31,31,skipped,their trade is only 5 USD,,
2026-09-23 22:05:01,1790193901027,0x27f738fe203827445690339104aae35b20bc44b0,ic4cream,BUY,wnba-dal-sea-2026-09-23,Dallas Wings vs. Seattle Storm,Seattle Storm,0.2200000062,25.641022,5.64,154,skipped,their trade is only 6 USD,,
2026-09-23 22:05:01,1790193901028,0x27f738fe203827445690339104aae35b20bc44b0,ic4cream,BUY,wnba-dal-sea-2026-09-23,Dallas Wings vs. Seattle Storm,Seattle Storm,0.2200000187,6.410254,1.41,22,skipped,their trade is only 1 USD,,
2026-09-23 22:05:01,1790193901028,0x27f738fe203827445690339104aae35b20bc44b0,ic4cream,BUY,wnba-dal-sea-2026-09-23,Dallas Wings vs. Seattle Storm,Seattle Storm,0.22,1.28205,0.28,8,skipped,their trade is only 0 USD,,
2026-09-23 22:05:01,1790193901028,0x27f738fe203827445690339104aae35b20bc44b0,ic4cream,BUY,wnba-dal-sea-2026-09-23,Dallas Wings vs. Seattle Storm,Seattle Storm,0.22,4.02,0.88,5,skipped,their trade is only 1 USD,,
2026-09-23 22:10:56,1790194256735,0xcd84d7f9262516865553555751609fb6f52abec6,Donkey14,BUY,mlb-cle-bos-2026-09-23,Cleveland Guardians vs. Boston Red Sox,Cleveland Guardians,0.4400000149,5.357143,2.36,319,skipped,their trade is only 2 USD,,
2026-09-23 22:10:56,1790194256736,0xcd84d7f9262516865553555751609fb6f52abec6,Donkey14,BUY,mlb-cle-bos-2026-09-23,Cleveland Guardians vs. Boston Red Sox,Cleveland Guardians,0.4400000016,102.284286,45.01,319,skipped,their trade is only 45 USD,,
2026-09-23 22:10:56,1790194256736,0xcd84d7f9262516865553555751609fb6f52abec6,Donkey14,BUY,mlb-cle-bos-2026-09-23,Cleveland Guardians vs. Boston Red Sox,Cleveland Guardians,0.44,12.64,5.56,307,skipped,their trade is only 6 USD,,
2026-09-23 22:11:01,1790194261135,0x27f738fe203827445690339104aae35b20bc44b0,ic4cream,BUY,wnba-dal-sea-2026-09-23,Dallas Wings vs. Seattle Storm,Seattle Storm,0.22,85.42,18.79,133,skipped,their trade is only 19 USD,,
2026-09-23 22:16:56,1790194616828,0xcd84d7f9262516865553555751609fb6f52abec6,Donkey14,BUY,mlb-cle-bos-2026-09-23,Cleveland Guardians vs. Boston Red Sox,Cleveland Guardians,0.44,4082.25,1796.19,245,skipped,max open copies reached,,
2026-09-23 22:16:56,1790194616828,0xcd84d7f9262516865553555751609fb6f52abec6,Donkey14,BUY,mlb-cle-bos-2026-09-23,Cleveland Guardians vs. Boston Red Sox,Cleveland Guardians,0.44,86.64,38.12,187,skipped,their trade is only 38 USD,,
2026-09-23 22:17:01,1790194621037,0x27f738fe203827445690339104aae35b20bc44b0,ic4cream,BUY,wnba-dal-sea-2026-09-23,Dallas Wings vs. Seattle Storm,Seattle Storm,0.22,124.62,27.42,185,skipped,their trade is only 27 USD,,
2026-09-23 22:17:01,1790194621038,0x27f738fe203827445690339104aae35b20bc44b0,ic4cream,BUY,wnba-dal-sea-2026-09-23,Dallas Wings vs. Seattle Storm,Seattle Storm,0.22,27.13,5.97,148,skipped,their trade is only 6 USD,,
2026-09-23 22:17:01,1790194621038,0x27f738fe203827445690339104aae35b20bc44b0,ic4cream,BUY,wnba-dal-sea-2026-09-23,Dallas Wings vs. Seattle Storm,Seattle Storm,0.22,102.5641,22.56,122,skipped,their trade is only 23 USD,,
2026-09-23 22:17:01,1790194621039,0x27f738fe203827445690339104aae35b20bc44b0,ic4cream,BUY,wnba-dal-sea-2026-09-23,Dallas Wings vs. Seattle Storm,Seattle Storm,0.22,18.09,3.98,61,skipped,their trade is only 4 USD,,
2026-09-23 22:17:01,1790194621039,0x27f738fe203827445690339104aae35b20bc44b0,ic4cream,BUY,wnba-dal-sea-2026-09-23,Dallas Wings vs. Seattle Storm,Seattle Storm,0.22,4.02,0.88,56,skipped,their trade is only 1 USD,,
2026-09-23 22:22:56,1790194976700,0xcd84d7f9262516865553555751609fb6f52abec6,Donkey14,BUY,mlb-cle-bos-2026-09-23,Cleveland Guardians vs. Boston Red Sox,Cleveland Guardians,0.44,174.28,76.68,496,skipped,max open copies reached,,
2026-09-23 22:22:56,1790194976701,0xcd84d7f9262516865553555751609fb6f52abec6,Donkey14,BUY,mlb-cle-bos-2026-09-23,Cleveland Guardians vs. Boston Red Sox,Cleveland Guardians,0.44,8.05,3.54,494,skipped,their trade is only 4 USD,,
2026-09-23 22:22:56,1790194976701,0xcd84d7f9262516865553555751609fb6f52abec6,Donkey14,BUY,mlb-cle-bos-2026-09-23,Cleveland Guardians vs. Boston Red Sox,Cleveland Guardians,0.44,17.12,7.53,472,skipped,their trade is only 8 USD,,
2026-09-23 22:22:56,1790194976701,0xcd84d7f9262516865553555751609fb6f52abec6,Donkey14,BUY,mlb-cle-bos-2026-09-23,Cleveland Guardians vs. Boston Red Sox,Cleveland Guardians,0.44,8.05,3.54,464,skipped,their trade is only 4 USD,,
2026-09-23 22:22:56,1790194976701,0xcd84d7f9262516865553555751609fb6f52abec6,Donkey14,BUY,mlb-cle-bos-2026-09-23,Cleveland Guardians vs. Boston Red Sox,Cleveland Guardians,0.44,69.51,30.58,446,skipped,their trade is only 31 USD,,
2026-09-23 22:22:56,1790194976701,0xcd84d7f9262516865553555751609fb6f52abec6,Donkey14,BUY,mlb-cle-bos-2026-09-23,Cleveland Guardians vs. Boston Red Sox,Cleveland Guardians,0.44,8.05,3.54,445,skipped,their trade is only 4 USD,,
2026-09-23 22:22:56,1790194976702,0xcd84d7f9262516865553555751609fb6f52abec6,Donkey14,BUY,mlb-cle-bos-2026-09-23,Cleveland Guardians vs. Boston Red Sox,Cleveland Guardians,0.44,6.04,2.66,421,skipped,their trade is only 3 USD,,
2026-09-23 22:22:56,1790194976702,0xcd84d7f9262516865553555751609fb6f52abec6,Donkey14,BUY,mlb-tb-nyy-2026-09-23-spread-home-1pt5,Spread: New York Yankees (-1.5),Tampa Bay Rays,0.65,2292.0,1489.8,395,skipped,max open copies reached,,
2026-09-23 22:22:56,1790194976702,0xcd84d7f9262516865553555751609fb6f52abec6,Donkey14,BUY,mlb-cle-bos-2026-09-23,Cleveland Guardians vs. Boston Red Sox,Cleveland Guardians,0.44,3.02,1.33,385,skipped,their trade is only 1 USD,,
2026-09-23 22:22:56,1790194976702,0xcd84d7f9262516865553555751609fb6f52abec6,Donkey14,BUY,mlb-cle-bos-2026-09-23,Cleveland Guardians vs. Boston Red Sox,Cleveland Guardians,0.44,34.25,15.07,374,skipped,their trade is only 15 USD,,
2026-09-23 22:22:56,1790194976702,0xcd84d7f9262516865553555751609fb6f52abec6,Donkey14,BUY,mlb-cle-bos-2026-09-23,Cleveland Guardians vs. Boston Red Sox,Cleveland Guardians,0.44,16.11,7.09,325,skipped,their trade is only 7 USD,,
2026-09-23 22:22:56,1790194976703,0xcd84d7f9262516865553555751609fb6f52abec6,Donkey14,BUY,mlb-cle-bos-2026-09-23,Cleveland Guardians vs. Boston Red Sox,Cleveland Guardians,0.44,10.07,4.43,295,skipped,their trade is only 4 USD,,
2026-09-23 22:22:56,1790194976703,0xcd84d7f9262516865553555751609fb6f52abec6,Donkey14,BUY,mlb-cle-bos-2026-09-23,Cleveland Guardians vs. Boston Red Sox,Cleveland Guardians,0.44,76.56,33.69,292,skipped,their trade is only 34 USD,,
2026-09-23 22:22:56,1790194976703,0xcd84d7f9262516865553555751609fb6f52abec6,Donkey14,BUY,mlb-cle-bos-2026-09-23,Cleveland Guardians vs. Boston Red Sox,Cleveland Guardians,0.4400000206,19.410715,8.54,286,skipped,their trade is only 9 USD,,
2026-09-23 22:22:56,1790194976704,0xcd84d7f9262516865553555751609fb6f52abec6,Donkey14,BUY,mlb-cle-bos-2026-09-23,Cleveland Guardians vs. Boston Red Sox,Cleveland Guardians,0.44,366.71,161.35,230,skipped,max open copies reached,,
2026-09-23 22:22:56,1790194976704,0xcd84d7f9262516865553555751609fb6f52abec6,Donkey14,BUY,mlb-cle-bos-2026-09-23,Cleveland Guardians vs. Boston Red Sox,Cleveland Guardians,0.44,86.64,38.12,206,skipped,their trade is only 38 USD,,
2026-09-23 22:22:56,1790194976704,0xcd84d7f9262516865553555751609fb6f52abec6,Donkey14,BUY,mlb-cle-bos-2026-09-23,Cleveland Guardians vs. Boston Red Sox,Cleveland Guardians,0.44,17.12,7.53,181,skipped,their trade is only 8 USD,,
2026-09-23 22:23:00,1790194980884,0x27f738fe203827445690339104aae35b20bc44b0,ic4cream,BUY,wnba-dal-sea-2026-09-23,Dallas Wings vs. Seattle Storm,Seattle Storm,0.22,12.06,2.65,251,skipped,their trade is only 3 USD,,
2026-09-23 22:23:00,1790194980884,0x27f738fe203827445690339104aae35b20bc44b0,ic4cream,BUY,wnba-dal-sea-2026-09-23,Dallas Wings vs. Seattle Storm,Seattle Storm,0.22,37.18,8.18,164,skipped,their trade is only 8 USD,,
2026-09-23 22:23:00,1790194980885,0x27f738fe203827445690339104aae35b20bc44b0,ic4cream,BUY,wnba-dal-sea-2026-09-23,Dallas Wings vs. Seattle Storm,Seattle Storm,0.22,21.1,4.64,58,skipped,their trade is only 5 USD,,
2026-09-23 22:23:00,1790194980885,0x27f738fe203827445690339104aae35b20bc44b0,ic4cream,BUY,wnba-dal-sea-2026-09-23,Dallas Wings vs. Seattle Storm,Seattle Storm,0.22,21.1,4.64,38,skipped,their trade is only 5 USD,,
2026-09-23 22:23:00,1790194980885,0x27f738fe203827445690339104aae35b20bc44b0,ic4cream,BUY,wnba-dal-sea-2026-09-23,Dallas Wings vs. Seattle Storm,Seattle Storm,0.22,6.03,1.33,34,skipped,their trade is only 1 USD,,
2026-09-23 22:28:56,1790195336691,0xcd84d7f9262516865553555751609fb6f52abec6,Donkey14,BUY,mlb-cle-bos-2026-09-23,Cleveland Guardians vs. Boston Red Sox,Cleveland Guardians,0.44,8.05,3.54,496,skipped,their trade is only 4 USD,,
2026-09-23 22:28:56,1790195336692,0xcd84d7f9262516865553555751609fb6f52abec6,Donkey14,BUY,mlb-cle-bos-2026-09-23,Cleveland Guardians vs. Boston Red Sox,Cleveland Guardians,0.44,33.24,14.63,470,skipped,their trade is only 15 USD,,
2026-09-23 22:28:56,1790195336692,0xcd84d7f9262516865553555751609fb6f52abec6,Donkey14,BUY,mlb-nym-tex-2026-09-23,New York Mets vs. Texas Rangers,Texas Rangers,0.5,162.02,81.01,449,skipped,max open copies reached,,
2026-09-23 22:28:56,1790195336692,0xcd84d7f9262516865553555751609fb6f52abec6,Donkey14,BUY,mlb-cle-bos-2026-09-23,Cleveland Guardians vs. Boston Red Sox,Cleveland Guardians,0.44,303.24,133.43,446,skipped,max open copies reached,,
2026-09-23 22:28:56,1790195336693,0xcd84d7f9262516865553555751609fb6f52abec6,Donkey14,BUY,mlb-cle-bos-2026-09-23,Cleveland Guardians vs. Boston Red Sox,Cleveland Guardians,0.44,17.12,7.53,428,skipped,their trade is only 8 USD,,
2026-09-23 22:28:56,1790195336693,0xcd84d7f9262516865553555751609fb6f52abec6,Donkey14,BUY,mlb-cle-bos-2026-09-23,Cleveland Guardians vs. Boston Red Sox,Cleveland Guardians,0.44,110.81,48.76,425,skipped,their trade is only 49 USD,,
2026-09-23 22:28:56,1790195336693,0xcd84d7f9262516865553555751609fb6f52abec6,Donkey14,BUY,mlb-cle-bos-2026-09-23,Cleveland Guardians vs. Boston Red Sox,Cleveland Guardians,0.44,15.11,6.65,418,skipped,their trade is only 7 USD,,
2026-09-23 22:28:56,1790195336693,0xcd84d7f9262516865553555751609fb6f52abec6,Donkey14,BUY,mlb-cle-bos-2026-09-23,Cleveland Guardians vs. Boston Red Sox,Cleveland Guardians,0.44,17.12,7.53,403,skipped,their trade is only 8 USD,,
2026-09-23 22:28:56,1790195336693,0xcd84d7f9262516865553555751609fb6f52abec6,Donkey14,BUY,mlb-cle-bos-2026-09-23,Cleveland Guardians vs. Boston Red Sox,Cleveland Guardians,0.44,71.52,31.47,367,skipped,their trade is only 31 USD,,
2026-09-23 22:28:56,1790195336694,0xcd84d7f9262516865553555751609fb6f52abec6,Donkey14,BUY,mlb-tb-nyy-2026-09-23-spread-home-1pt5,Spread: New York Yankees (-1.5),Tampa Bay Rays,0.65,69.0,44.85,355,skipped,their trade is only 45 USD,,
2026-09-23 22:28:56,1790195336694,0xcd84d7f9262516865553555751609fb6f52abec6,Donkey14,BUY,mlb-cle-bos-2026-09-23,Cleveland Guardians vs. Boston Red Sox,Cleveland Guardians,0.44,682.04,300.1,344,skipped,max open copies reached,,
2026-09-23 22:28:56,1790195336694,0xcd84d7f9262516865553555751609fb6f52abec6,Donkey14,BUY,mlb-cle-bos-2026-09-23,Cleveland Guardians vs. Boston Red Sox,Cleveland Guardians,0.44,38.28,16.84,326,skipped,their trade is only 17 USD,,
2026-09-23 22:28:56,1790195336694,0xcd84d7f9262516865553555751609fb6f52abec6,Donkey14,BUY,mlb-cle-bos-2026-09-23,Cleveland Guardians vs. Boston Red Sox,Cleveland Guardians,0.44,3.02,1.33,326,skipped,their trade is only 1 USD,,
2026-09-23 22:28:56,1790195336694,0xcd84d7f9262516865553555751609fb6f52abec6,Donkey14,BUY,mlb-cle-bos-2026-09-23,Cleveland Guardians vs. Boston Red Sox,Cleveland Guardians,0.44,34.25,15.07,313,skipped,their trade is only 15 USD,,
2026-09-23 22:28:56,1790195336694,0xcd84d7f9262516865553555751609fb6f52abec6,Donkey14,BUY,mlb-cle-bos-2026-09-23,Cleveland Guardians vs. Boston Red Sox,Cleveland Guardians,0.44,60.44,26.59,308,skipped,their trade is only 27 USD,,
2026-09-23 22:28:56,1790195336695,0xcd84d7f9262516865553555751609fb6f52abec6,Donkey14,BUY,mlb-cle-bos-2026-09-23,Cleveland Guardians vs. Boston Red Sox,Cleveland Guardians,0.44,16.11,7.09,299,skipped,their trade is only 7 USD,,
2026-09-23 22:28:56,1790195336695,0xcd84d7f9262516865553555751609fb6f52abec6,Donkey14,BUY,mlb-cin-atl-2026-09-23-spread-home-1pt5,Spread: Atlanta Braves (-1.5),Cincinnati Reds,0.49,477.0,233.73,278,skipped,max open copies reached,,
2026-09-23 22:28:56,1790195336695,0xcd84d7f9262516865553555751609fb6f52abec6,Donkey14,BUY,mlb-cle-bos-2026-09-23,Cleveland Guardians vs. Boston Red Sox,Cleveland Guardians,0.44,17.12,7.53,268,skipped,their trade is only 8 USD,,
2026-09-23 22:28:56,1790195336695,0xcd84d7f9262516865553555751609fb6f52abec6,Donkey14,BUY,mlb-cle-bos-2026-09-23,Cleveland Guardians vs. Boston Red Sox,Cleveland Guardians,0.44,24.17,10.63,260,skipped,their trade is only 11 USD,,
2026-09-23 22:28:56,1790195336695,0xcd84d7f9262516865553555751609fb6f52abec6,Donkey14,BUY,mlb-cle-bos-2026-09-23,Cleveland Guardians vs. Boston Red Sox,Cleveland Guardians,0.44,3.02,1.33,223,skipped,their trade is only 1 USD,,
2026-09-23 22:28:56,1790195336696,0xcd84d7f9262516865553555751609fb6f52abec6,Donkey14,BUY,mlb-cle-bos-2026-09-23,Cleveland Guardians vs. Boston Red Sox,Cleveland Guardians,0.44,43.32,19.06,220,skipped,their trade is only 19 USD,,
2026-09-23 22:28:56,1790195336696,0xcd84d7f9262516865553555751609fb6f52abec6,Donkey14,BUY,mlb-tb-nyy-2026-09-23-spread-home-1pt5,Spread: New York Yankees (-1.5),Tampa Bay Rays,0.65,278.0,180.7,218,skipped,max open copies reached,,
2026-09-23 22:28:56,1790195336696,0xcd84d7f9262516865553555751609fb6f52abec6,Donkey14,BUY,mlb-cle-bos-2026-09-23,Cleveland Guardians vs. Boston Red Sox,Cleveland Guardians,0.44,45.33,19.95,203,skipped,their trade is only 20 USD,,
2026-09-23 22:29:00,1790195340847,0x27f738fe203827445690339104aae35b20bc44b0,ic4cream,BUY,wnba-dal-sea-2026-09-23,Dallas Wings vs. Seattle Storm,Seattle Storm,0.22,43.21,9.51,353,skipped,their trade is only 10 USD,,
2026-09-23 22:29:00,1790195340847,0x27f738fe203827445690339104aae35b20bc44b0,ic4cream,BUY,wnba-dal-sea-2026-09-23,Dallas Wings vs. Seattle Storm,Seattle Storm,0.22,31.15,6.85,130,skipped,their trade is only 7 USD,,
2026-09-23 22:29:00,1790195340848,0x27f738fe203827445690339104aae35b20bc44b0,ic4cream,BUY,wnba-dal-sea-2026-09-23,Dallas Wings vs. Seattle Storm,Seattle Storm,0.22,19.09,4.2,50,skipped,their trade is only 4 USD,,
2026-09-23 22:33:57,1790195637889,0x8c0b024c17831a0dde038547b7e791ae6a0d7aa5,THEHIGHLIFE,BUY,val-tl1-pr1-2026-09-24,Valorant: Team Liquid vs Paper Rex (BO3) - VCT Champions Group C,Paper Rex,0.55,814.46,447.95,323,skipped,max open copies reached,,
2026-09-23 22:33:57,1790195637890,0x8c0b024c17831a0dde038547b7e791ae6a0d7aa5,THEHIGHLIFE,BUY,val-tl1-pr1-2026-09-24,Valorant: Team Liquid vs Paper Rex (BO3) - VCT Champions Group C,Paper Rex,0.55,205.65,113.11,119,skipped,max open copies reached,,
2026-09-23 22:34:56,1790195696694,0xcd84d7f9262516865553555751609fb6f52abec6,Donkey14,BUY,mlb-cle-bos-2026-09-23,Cleveland Guardians vs. Boston Red Sox,Cleveland Guardians,0.44,17.12,7.53,532,skipped,their trade is only 8 USD,,
2026-09-23 22:34:56,1790195696695,0xcd84d7f9262516865553555751609fb6f52abec6,Donkey14,BUY,mlb-cle-bos-2026-09-23,Cleveland Guardians vs. Boston Red Sox,Cleveland Guardians,0.44,16.11,7.09,527,skipped,their trade is only 7 USD,,
2026-09-23 22:34:56,1790195696695,0xcd84d7f9262516865553555751609fb6f52abec6,Donkey14,BUY,mlb-cle-bos-2026-09-23,Cleveland Guardians vs. Boston Red Sox,Cleveland Guardians,0.44,17.12,7.53,523,skipped,their trade is only 8 USD,,
2026-09-23 22:34:56,1790195696695,0xcd84d7f9262516865553555751609fb6f52abec6,Donkey14,BUY,mlb-cle-bos-2026-09-23,Cleveland Guardians vs. Boston Red Sox,Cleveland Guardians,0.44,26.19,11.52,509,skipped,their trade is only 12 USD,,
2026-09-23 22:34:56,1790195696696,0xcd84d7f9262516865553555751609fb6f52abec6,Donkey14,BUY,mlb-cle-bos-2026-09-23,Cleveland Guardians vs. Boston Red Sox,Cleveland Guardians,0.44,436.22,191.94,503,skipped,max open copies reached,,
2026-09-23 22:34:56,1790195696696,0xcd84d7f9262516865553555751609fb6f52abec6,Donkey14,BUY,mlb-cle-bos-2026-09-23,Cleveland Guardians vs. Boston Red Sox,Cleveland Guardians,0.44,8.05,3.54,503,skipped,their trade is only 4 USD,,
2026-09-23 22:34:56,1790195696696,0xcd84d7f9262516865553555751609fb6f52abec6,Donkey14,BUY,mlb-tor-bal-2026-09-23-spread-home-1pt5,Spread: Baltimore Orioles (-1.5),Baltimore Orioles,0.34,381.85,129.83,485,skipped,max open copies reached,,
2026-09-23 22:34:56,1790195696696,0xcd84d7f9262516865553555751609fb6f52abec6,Donkey14,BUY,mlb-cle-bos-2026-09-23,Cleveland Guardians vs. Boston Red Sox,Cleveland Guardians,0.44,865.39,380.77,478,skipped,max open copies reached,,
2026-09-23 22:34:56,1790195696697,0xcd84d7f9262516865553555751609fb6f52abec6,Donkey14,BUY,mlb-cle-bos-2026-09-23,Cleveland Guardians vs. Boston Red Sox,Cleveland Guardians,0.44,25.18,11.08,478,skipped,their trade is only 11 USD,,
2026-09-23 22:34:56,1790195696697,0xcd84d7f9262516865553555751609fb6f52abec6,Donkey14,BUY,mlb-nym-tex-2026-09-23,New York Mets vs. Texas Rangers,Texas Rangers,0.5,100.0,50.0,425,skipped,max open copies reached,,
2026-09-23 22:34:56,1790195696697,0xcd84d7f9262516865553555751609fb6f52abec6,Donkey14,BUY,mlb-cle-bos-2026-09-23,Cleveland Guardians vs. Boston Red Sox,Cleveland Guardians,0.4400000045,35.714286,15.71,404,skipped,their trade is only 16 USD,,
2026-09-23 22:34:56,1790195696698,0xcd84d7f9262516865553555751609fb6f52abec6,Donkey14,BUY,mlb-cle-bos-2026-09-23,Cleveland Guardians vs. Boston Red Sox,Cleveland Guardians,0.44,77.57,34.13,395,skipped,their trade is only 34 USD,,
2026-09-23 22:34:56,1790195696698,0xcd84d7f9262516865553555751609fb6f52abec6,Donkey14,BUY,mlb-cle-bos-2026-09-23,Cleveland Guardians vs. Boston Red Sox,Cleveland Guardians,0.44,27.2,11.97,383,skipped,their trade is only 12 USD,,
2026-09-23 22:34:56,1790195696698,0xcd84d7f9262516865553555751609fb6f52abec6,Donkey14,BUY,mlb-cle-bos-2026-09-23,Cleveland Guardians vs. Boston Red Sox,Cleveland Guardians,0.44,234.73,103.28,380,skipped,max open copies reached,,
2026-09-23 22:34:56,1790195696698,0xcd84d7f9262516865553555751609fb6f52abec6,Donkey14,BUY,mlb-cle-bos-2026-09-23,Cleveland Guardians vs. Boston Red Sox,Cleveland Guardians,0.44,57.42,25.26,359,skipped,their trade is only 25 USD,,
2026-09-23 22:34:56,1790195696699,0xcd84d7f9262516865553555751609fb6f52abec6,Donkey14,BUY,mlb-cle-bos-2026-09-23,Cleveland Guardians vs. Boston Red Sox,Cleveland Guardians,0.44,201.48,88.65,355,skipped,max open copies reached,,
2026-09-23 22:34:56,1790195696699,0xcd84d7f9262516865553555751609fb6f52abec6,Donkey14,BUY,mlb-cle-bos-2026-09-23,Cleveland Guardians vs. Boston Red Sox,Cleveland Guardians,0.44,8.05,3.54,334,skipped,their trade is only 4 USD,,
2026-09-23 22:34:56,1790195696699,0xcd84d7f9262516865553555751609fb6f52abec6,Donkey14,BUY,mlb-cin-atl-2026-09-23-spread-home-1pt5,Spread: Atlanta Braves (-1.5),Cincinnati Reds,0.49,10.0,4.9,332,skipped,their trade is only 5 USD,,
2026-09-23 22:34:56,1790195696699,0xcd84d7f9262516865553555751609fb6f52abec6,Donkey14,BUY,mlb-nym-tex-2026-09-23,New York Mets vs. Texas Rangers,Texas Rangers,0.5,2.4,1.2,331,skipped,their trade is only 1 USD,,
2026-09-23 22:34:56,1790195696700,0xcd84d7f9262516865553555751609fb6f52abec6,Donkey14,BUY,mlb-nym-tex-2026-09-23,New York Mets vs. Texas Rangers,Texas Rangers,0.5,7.2,3.6,331,skipped,their trade is only 4 USD,,
2026-09-23 22:34:56,1790195696700,0xcd84d7f9262516865553555751609fb6f52abec6,Donkey14,BUY,mlb-cle-bos-2026-09-23,Cleveland Guardians vs. Boston Red Sox,Cleveland Guardians,0.44,24.17,10.63,328,skipped,their trade is only 11 USD,,
2026-09-23 22:34:56,1790195696700,0xcd84d7f9262516865553555751609fb6f52abec6,Donkey14,BUY,mlb-cle-bos-2026-09-23,Cleveland Guardians vs. Boston Red Sox,Cleveland Guardians,0.44,8.05,3.54,323,skipped,their trade is only 4 USD,,
2026-09-23 22:34:56,1790195696700,0xcd84d7f9262516865553555751609fb6f52abec6,Donkey14,BUY,mlb-cle-bos-2026-09-23,Cleveland Guardians vs. Boston Red Sox,Cleveland Guardians,0.44,33.24,14.63,308,skipped,their trade is only 15 USD,,
2026-09-23 22:34:56,1790195696701,0xcd84d7f9262516865553555751609fb6f52abec6,Donkey14,BUY,mlb-cle-bos-2026-09-23-spread-home-1pt5,Spread: Boston Red Sox (-1.5),Cleveland Guardians,0.64,702.0,449.28,304,skipped,max open copies reached,,
2026-09-23 22:34:56,1790195696701,0xcd84d7f9262516865553555751609fb6f52abec6,Donkey14,BUY,mlb-cle-bos-2026-09-23,Cleveland Guardians vs. Boston Red Sox,Cleveland Guardians,0.44,69.51,30.58,259,skipped,their trade is only 31 USD,,
2026-09-23 22:34:59,1790195699470,0x3dfb153c197d4c19d3b31c1ecd2c7b6860eeabaf,0x3DFb153c197D4C19D3B31c1ecD2c7B6860eeabAf-1722957908185,BUY,nfl-nyj-det-2026-09-27-spread-home-6pt5,Spread: Lions (-6.5),Jets,0.49,28.21,13.82,460,skipped,their trade is only 14 USD,,
2026-09-23 22:35:00,1790195700895,0x27f738fe203827445690339104aae35b20bc44b0,ic4cream,BUY,wnba-dal-sea-2026-09-23,Dallas Wings vs. Seattle Storm,Seattle Storm,0.22,6.03,1.33,269,skipped,their trade is only 1 USD,,
2026-09-23 22:35:00,1790195700895,0x27f738fe203827445690339104aae35b20bc44b0,ic4cream,BUY,wnba-dal-sea-2026-09-23,Dallas Wings vs. Seattle Storm,Seattle Storm,0.22,93.0,20.46,250,skipped,their trade is only 20 USD,,
2026-09-23 22:35:00,1790195700896,0x27f738fe203827445690339104aae35b20bc44b0,ic4cream,BUY,wnba-dal-sea-2026-09-23,Dallas Wings vs. Seattle Storm,Seattle Storm,0.22,72.0,15.84,233,skipped,their trade is only 16 USD,,
2026-09-23 22:35:00,1790195700896,0x27f738fe203827445690339104aae35b20bc44b0,ic4cream,BUY,wnba-dal-sea-2026-09-23,Dallas Wings vs. Seattle Storm,Seattle Storm,0.22,13.0,2.86,112,skipped,their trade is only 3 USD,,
2026-09-23 22:40:56,1790196056634,0xcd84d7f9262516865553555751609fb6f52abec6,Donkey14,BUY,mlb-cle-bos-2026-09-23,Cleveland Guardians vs. Boston Red Sox,Cleveland Guardians,0.44,33.24,14.63,568,skipped,their trade is only 15 USD,,
2026-09-23 22:40:56,1790196056635,0xcd84d7f9262516865553555751609fb6f52abec6,Donkey14,BUY,mlb-cle-bos-2026-09-23,Cleveland Guardians vs. Boston Red Sox,Cleveland Guardians,0.44,5.03,2.21,539,skipped,their trade is only 2 USD,,
2026-09-23 22:40:56,1790196056635,0xcd84d7f9262516865553555751609fb6f52abec6,Donkey14,BUY,mlb-cle-bos-2026-09-23,Cleveland Guardians vs. Boston Red Sox,Cleveland Guardians,0.44,51.37,22.6,533,skipped,their trade is only 23 USD,,
2026-09-23 22:40:56,1790196056635,0xcd84d7f9262516865553555751609fb6f52abec6,Donkey14,BUY,mlb-cle-bos-2026-09-23,Cleveland Guardians vs. Boston Red Sox,Cleveland Guardians,0.44,34.25,15.07,491,skipped,their trade is only 15 USD,,
2026-09-23 22:40:56,1790196056635,0xcd84d7f9262516865553555751609fb6f52abec6,Donkey14,BUY,mlb-cle-bos-2026-09-23,Cleveland Guardians vs. Boston Red Sox,Cleveland Guardians,0.44,8.05,3.54,473,skipped,their trade is only 4 USD,,
2026-09-23 22:40:56,1790196056636,0xcd84d7f9262516865553555751609fb6f52abec6,Donkey14,BUY,mlb-cle-bos-2026-09-23,Cleveland Guardians vs. Boston Red Sox,Cleveland Guardians,0.44,8.05,3.54,449,skipped,their trade is only 4 USD,,
2026-09-23 22:40:56,1790196056636,0xcd84d7f9262516865553555751609fb6f52abec6,Donkey14,BUY,mlb-tor-bal-2026-09-23-spread-home-1pt5,Spread: Baltimore Orioles (-1.5),Baltimore Orioles,0.340000066,1.818182,0.62,449,skipped,their trade is only 1 USD,,
2026-09-23 22:40:56,1790196056636,0xcd84d7f9262516865553555751609fb6f52abec6,Donkey14,BUY,mlb-cle-bos-2026-09-23,Cleveland Guardians vs. Boston Red Sox,Cleveland Guardians,0.44,6.04,2.66,437,skipped,their trade is only 3 USD,,
2026-09-23 22:40:56,1790196056636,0xcd84d7f9262516865553555751609fb6f52abec6,Donkey14,BUY,mlb-cin-atl-2026-09-23-spread-home-1pt5,Spread: Atlanta Braves (-1.5),Cincinnati Reds,0.49,50.0,24.5,422,skipped,their trade is only 24 USD,,
2026-09-23 22:40:56,1790196056636,0xcd84d7f9262516865553555751609fb6f52abec6,Donkey14,BUY,mlb-tb-nyy-2026-09-23-spread-home-1pt5,Spread: New York Yankees (-1.5),Tampa Bay Rays,0.65,80.0,52.0,415,skipped,max open copies reached,,
2026-09-23 22:40:56,1790196056636,0xcd84d7f9262516865553555751609fb6f52abec6,Donkey14,BUY,mlb-cle-bos-2026-09-23,Cleveland Guardians vs. Boston Red Sox,Cleveland Guardians,0.44,8.05,3.54,392,skipped,their trade is only 4 USD,,
2026-09-23 22:40:56,1790196056637,0xcd84d7f9262516865553555751609fb6f52abec6,Donkey14,BUY,mlb-cle-bos-2026-09-23,Cleveland Guardians vs. Boston Red Sox,Cleveland Guardians,0.44,8.05,3.54,347,skipped,their trade is only 4 USD,,
2026-09-23 22:40:56,1790196056637,0xcd84d7f9262516865553555751609fb6f52abec6,Donkey14,BUY,mlb-cle-bos-2026-09-23,Cleveland Guardians vs. Boston Red Sox,Cleveland Guardians,0.440000009,17.839286,7.85,341,skipped,their trade is only 8 USD,,
2026-09-23 22:40:56,1790196056637,0xcd84d7f9262516865553555751609fb6f52abec6,Donkey14,BUY,mlb-cle-bos-2026-09-23,Cleveland Guardians vs. Boston Red Sox,Cleveland Guardians,0.44,33.24,14.63,313,skipped,their trade is only 15 USD,,
2026-09-23 22:40:56,1790196056637,0xcd84d7f9262516865553555751609fb6f52abec6,Donkey14,BUY,mlb-cle-bos-2026-09-23,Cleveland Guardians vs. Boston Red Sox,Cleveland Guardians,0.44,123.91,54.52,304,skipped,max open copies reached,,
2026-09-23 22:40:56,1790196056637,0xcd84d7f9262516865553555751609fb6f52abec6,Donkey14,BUY,mlb-tor-bal-2026-09-23-spread-home-1pt5,Spread: Baltimore Orioles (-1.5),Baltimore Orioles,0.34,5.0,1.7,287,skipped,their trade is only 2 USD,,
2026-09-23 22:41:00,1790196060800,0x27f738fe203827445690339104aae35b20bc44b0,ic4cream,BUY,wnba-dal-sea-2026-09-23,Dallas Wings vs. Seattle Storm,Seattle Storm,0.22,32.0,7.04,236,skipped,their trade is only 7 USD,,
2026-09-23 22:41:00,1790196060800,0x27f738fe203827445690339104aae35b20bc44b0,ic4cream,BUY,wnba-dal-sea-2026-09-23,Dallas Wings vs. Seattle Storm,Seattle Storm,0.22,66.0,14.52,128,skipped,their trade is only 15 USD,,
2026-09-23 22:46:56,1790196416667,0xcd84d7f9262516865553555751609fb6f52abec6,Donkey14,BUY,mlb-cle-bos-2026-09-23,Cleveland Guardians vs. Boston Red Sox,Cleveland Guardians,0.44,25.18,11.08,641,skipped,their trade is only 11 USD,,
2026-09-23 22:46:56,1790196416667,0xcd84d7f9262516865553555751609fb6f52abec6,Donkey14,BUY,mlb-mia-chc-2026-09-23-spread-home-1pt5,Spread: Chicago Cubs (-1.5),Miami Marlins,0.58,11715.0,6794.7,635,skipped,max open copies reached,,
2026-09-23 22:46:56,1790196416668,0xcd84d7f9262516865553555751609fb6f52abec6,Donkey14,BUY,mlb-cle-bos-2026-09-23,Cleveland Guardians vs. Boston Red Sox,Cleveland Guardians,0.44,8.05,3.54,631,skipped,their trade is only 4 USD,,
2026-09-23 22:46:56,1790196416668,0xcd84d7f9262516865553555751609fb6f52abec6,Donkey14,BUY,mlb-cin-atl-2026-09-23-spread-home-1pt5,Spread: Atlanta Braves (-1.5),Cincinnati Reds,0.49,19.0,9.31,625,skipped,their trade is only 9 USD,,
2026-09-23 22:46:56,1790196416668,0xcd84d7f9262516865553555751609fb6f52abec6,Donkey14,BUY,mlb-cle-bos-2026-09-23,Cleveland Guardians vs. Boston Red Sox,Cleveland Guardians,0.44,17.12,7.53,598,skipped,their trade is only 8 USD,,
2026-09-23 22:46:56,1790196416668,0xcd84d7f9262516865553555751609fb6f52abec6,Donkey14,BUY,mlb-cle-bos-2026-09-23,Cleveland Guardians vs. Boston Red Sox,Cleveland Guardians,0.44,8.05,3.54,548,skipped,their trade is only 4 USD,,
2026-09-23 22:46:56,1790196416669,0xcd84d7f9262516865553555751609fb6f52abec6,Donkey14,BUY,mlb-tb-nyy-2026-09-23-spread-home-1pt5,Spread: New York Yankees (-1.5),Tampa Bay Rays,0.65,6.0,3.9,523,skipped,their trade is only 4 USD,,
2026-09-23 22:46:56,1790196416669,0xcd84d7f9262516865553555751609fb6f52abec6,Donkey14,BUY,mlb-tor-bal-2026-09-23,Toronto Blue Jays vs. Baltimore Orioles,Toronto Blue Jays,0.47,360.42,169.4,521,skipped,max open copies reached,,
2026-09-23 22:46:56,1790196416669,0xcd84d7f9262516865553555751609fb6f52abec6,Donkey14,BUY,mlb-cle-bos-2026-09-23,Cleveland Guardians vs. Boston Red Sox,Cleveland Guardians,0.44,25.18,11.08,517,skipped,their trade is only 11 USD,,
2026-09-23 22:46:56,1790196416669,0xcd84d7f9262516865553555751609fb6f52abec6,Donkey14,BUY,mlb-cle-bos-2026-09-23,Cleveland Guardians vs. Boston Red Sox,Cleveland Guardians,0.44,86.64,38.12,515,skipped,their trade is only 38 USD,,
2026-09-23 22:46:56,1790196416669,0xcd84d7f9262516865553555751609fb6f52abec6,Donkey14,BUY,mlb-nym-tex-2026-09-23,New York Mets vs. Texas Rangers,Texas Rangers,0.5,59.44,29.72,502,skipped,their trade is only 30 USD,,
2026-09-23 22:46:56,1790196416670,0xcd84d7f9262516865553555751609fb6f52abec6,Donkey14,BUY,mlb-cle-bos-2026-09-23,Cleveland Guardians vs. Boston Red Sox,Cleveland Guardians,0.44,136.0,59.84,493,skipped,max open copies reached,,
2026-09-23 22:46:56,1790196416670,0xcd84d7f9262516865553555751609fb6f52abec6,Donkey14,BUY,mlb-cle-bos-2026-09-23,Cleveland Guardians vs. Boston Red Sox,Cleveland Guardians,0.44,34.25,15.07,443,skipped,their trade is only 15 USD,,
2026-09-23 22:46:56,1790196416670,0xcd84d7f9262516865553555751609fb6f52abec6,Donkey14,BUY,mlb-cin-atl-2026-09-23-spread-home-1pt5,Spread: Atlanta Braves (-1.5),Cincinnati Reds,0.49,48.0,23.52,398,skipped,their trade is only 24 USD,,
2026-09-23 22:46:56,1790196416670,0xcd84d7f9262516865553555751609fb6f52abec6,Donkey14,BUY,mlb-tor-bal-2026-09-23,Toronto Blue Jays vs. Baltimore Orioles,Toronto Blue Jays,0.47,300.0,141.0,310,skipped,max open copies reached,,
2026-09-23 22:46:56,1790196416670,0xcd84d7f9262516865553555751609fb6f52abec6,Donkey14,BUY,mlb-cin-atl-2026-09-23-spread-home-1pt5,Spread: Atlanta Braves (-1.5),Cincinnati Reds,0.49,210.0,102.9,263,skipped,max open copies reached,,
2026-09-23 22:47:00,1790196420811,0x27f738fe203827445690339104aae35b20bc44b0,ic4cream,BUY,wnba-dal-sea-2026-09-23,Dallas Wings vs. Seattle Storm,Seattle Storm,0.22,30.0,6.6,206,skipped,their trade is only 7 USD,,
2026-09-23 22:51:56,1790196716849,0xcd84d7f9262516865553555751609fb6f52abec6,Donkey14,BUY,mlb-tor-bal-2026-09-23,Toronto Blue Jays vs. Baltimore Orioles,Toronto Blue Jays,0.47,5.0,2.35,464,skipped,their trade is only 2 USD,,
2026-09-23 22:51:56,1790196716849,0xcd84d7f9262516865553555751609fb6f52abec6,Donkey14,BUY,mlb-tor-bal-2026-09-23,Toronto Blue Jays vs. Baltimore Orioles,Toronto Blue Jays,0.470000002,94.339623,44.34,455,skipped,their trade is only 44 USD,,
2026-09-23 22:51:56,1790196716850,0xcd84d7f9262516865553555751609fb6f52abec6,Donkey14,BUY,mlb-cin-atl-2026-09-23-spread-home-1pt5,Spread: Atlanta Braves (-1.5),Cincinnati Reds,0.49,9.0,4.41,445,skipped,their trade is only 4 USD,,
2026-09-23 22:51:56,1790196716850,0xcd84d7f9262516865553555751609fb6f52abec6,Donkey14,BUY,mlb-nym-tex-2026-09-23,New York Mets vs. Texas Rangers,Texas Rangers,0.5,20.0,10.0,364,skipped,their trade is only 10 USD,,
2026-09-23 22:57:56,1790197076689,0xcd84d7f9262516865553555751609fb6f52abec6,Donkey14,BUY,mlb-cle-bos-2026-09-23,Cleveland Guardians vs. Boston Red Sox,Cleveland Guardians,0.44,1785.5,785.62,526,skipped,max open copies reached,,
2026-09-23 22:57:56,1790197076690,0xcd84d7f9262516865553555751609fb6f52abec6,Donkey14,BUY,mlb-cin-atl-2026-09-23-spread-home-1pt5,Spread: Atlanta Braves (-1.5),Cincinnati Reds,0.49,104.0,50.96,520,skipped,max open copies reached,,
2026-09-23 22:57:56,1790197076690,0xcd84d7f9262516865553555751609fb6f52abec6,Donkey14,BUY,mlb-cin-atl-2026-09-23-spread-home-1pt5,Spread: Atlanta Braves (-1.5),Cincinnati Reds,0.49,10.0,4.9,452,skipped,their trade is only 5 USD,,
2026-09-23 22:57:56,1790197076690,0xcd84d7f9262516865553555751609fb6f52abec6,Donkey14,BUY,mlb-cle-bos-2026-09-23,Cleveland Guardians vs. Boston Red Sox,Cleveland Guardians,0.44,107.0,47.08,415,skipped,their trade is only 47 USD,,
2026-09-23 22:58:00,1790197080892,0x27f738fe203827445690339104aae35b20bc44b0,ic4cream,BUY,wnba-dal-sea-2026-09-23,Dallas Wings vs. Seattle Storm,Seattle Storm,0.2200000109,12.820513,2.82,352,skipped,their trade is only 3 USD,,
2026-09-23 22:58:00,1790197080893,0x27f738fe203827445690339104aae35b20bc44b0,ic4cream,BUY,wnba-dal-sea-2026-09-23,Dallas Wings vs. Seattle Storm,Seattle Storm,0.22,1.28205,0.28,245,skipped,their trade is only 0 USD,,
2026-09-23 22:58:00,1790197080893,0x27f738fe203827445690339104aae35b20bc44b0,ic4cream,BUY,wnba-dal-sea-2026-09-23,Dallas Wings vs. Seattle Storm,Seattle Storm,0.22,51.28205,11.28,31,skipped,their trade is only 11 USD,,
2026-09-23 23:03:56,1790197436654,0xcd84d7f9262516865553555751609fb6f52abec6,Donkey14,BUY,mlb-mia-chc-2026-09-23-spread-home-1pt5,Spread: Chicago Cubs (-1.5),Miami Marlins,0.58,949.0,550.42,653,skipped,max open copies reached,,
2026-09-23 23:03:56,1790197436655,0xcd84d7f9262516865553555751609fb6f52abec6,Donkey14,BUY,mlb-cin-atl-2026-09-23-spread-home-1pt5,Spread: Atlanta Braves (-1.5),Cincinnati Reds,0.49,29.0,14.21,304,skipped,their trade is only 14 USD,,
2026-09-23 23:03:56,1790197436655,0xcd84d7f9262516865553555751609fb6f52abec6,Donkey14,BUY,mlb-cin-atl-2026-09-23-spread-home-1pt5,Spread: Atlanta Braves (-1.5),Cincinnati Reds,0.49,22.0,10.78,287,skipped,their trade is only 11 USD,,
2026-09-23 23:03:56,1790197436655,0xcd84d7f9262516865553555751609fb6f52abec6,Donkey14,BUY,mlb-cin-atl-2026-09-23-spread-home-1pt5,Spread: Atlanta Braves (-1.5),Cincinnati Reds,0.49,500.0,245.0,178,skipped,max open copies reached,,
2026-09-23 23:03:56,1790197436655,0xcd84d7f9262516865553555751609fb6f52abec6,Donkey14,BUY,mlb-ari-col-2026-09-23,Arizona Diamondbacks vs. Colorado Rockies,Colorado Rockies,0.4,7049.92,2819.97,91,skipped,max open copies reached,,
2026-09-23 23:03:56,1790197436655,0xcd84d7f9262516865553555751609fb6f52abec6,Donkey14,BUY,mlb-ari-col-2026-09-23,Arizona Diamondbacks vs. Colorado Rockies,Colorado Rockies,0.4,8.0,3.2,52,skipped,their trade is only 3 USD,,
2026-09-23 23:03:56,1790197436656,0xcd84d7f9262516865553555751609fb6f52abec6,Donkey14,BUY,mlb-cle-bos-2026-09-23,Cleveland Guardians vs. Boston Red Sox,Cleveland Guardians,0.4400000045,35.714286,15.71,52,skipped,their trade is only 16 USD,,
2026-09-23 23:09:56,1790197796699,0xcd84d7f9262516865553555751609fb6f52abec6,Donkey14,BUY,mlb-tor-bal-2026-09-23,Toronto Blue Jays vs. Baltimore Orioles,Toronto Blue Jays,0.4700000132,3.773585,1.77,404,skipped,their trade is only 2 USD,,
2026-09-23 23:09:56,1790197796700,0xcd84d7f9262516865553555751609fb6f52abec6,Donkey14,BUY,mlb-cle-bos-2026-09-23,Cleveland Guardians vs. Boston Red Sox,Cleveland Guardians,0.44,8.5,3.74,397,skipped,their trade is only 4 USD,,
2026-09-23 23:09:56,1790197796700,0xcd84d7f9262516865553555751609fb6f52abec6,Donkey14,BUY,mlb-cin-atl-2026-09-23-spread-home-1pt5,Spread: Atlanta Braves (-1.5),Cincinnati Reds,0.49,1038.0,508.62,391,skipped,max open copies reached,,
2026-09-23 23:09:56,1790197796700,0xcd84d7f9262516865553555751609fb6f52abec6,Donkey14,BUY,mlb-cin-atl-2026-09-23-spread-home-1pt5,Spread: Atlanta Braves (-1.5),Cincinnati Reds,0.49,11.0,5.39,314,skipped,their trade is only 5 USD,,
2026-09-23 23:09:56,1790197796701,0xcd84d7f9262516865553555751609fb6f52abec6,Donkey14,BUY,mlb-tor-bal-2026-09-23,Toronto Blue Jays vs. Baltimore Orioles,Toronto Blue Jays,0.47,3800.0,1786.0,302,skipped,max open copies reached,,
2026-09-23 23:09:56,1790197796701,0xcd84d7f9262516865553555751609fb6f52abec6,Donkey14,BUY,mlb-mia-chc-2026-09-23-spread-home-1pt5,Spread: Chicago Cubs (-1.5),Miami Marlins,0.58,14925.5,8656.79,100,skipped,max open copies reached,,
2026-09-23 23:09:59,1790197799406,0x3dfb153c197d4c19d3b31c1ecd2c7b6860eeabaf,0x3DFb153c197D4C19D3B31c1ecD2c7B6860eeabAf-1722957908185,BUY,cfb-hawaii-wyom-2026-09-26-spread-away-2pt5,Spread: Hawai'i (-2.5),Wyoming,0.47,7.0,3.29,334,skipped,their trade is only 3 USD,,
2026-09-23 23:09:59,1790197799406,0x3dfb153c197d4c19d3b31c1ecd2c7b6860eeabaf,0x3DFb153c197D4C19D3B31c1ecD2c7B6860eeabAf-1722957908185,BUY,nfl-nyj-det-2026-09-27-spread-home-7pt5,Spread: Lions (-7.5),Jets,0.57,2000.0,1140.0,301,skipped,already copied this position,,
2026-09-23 23:09:59,1790197799407,0x3dfb153c197d4c19d3b31c1ecd2c7b6860eeabaf,0x3DFb153c197D4C19D3B31c1ecD2c7B6860eeabAf-1722957908185,BUY,cfb-hawaii-wyom-2026-09-26-spread-away-2pt5,Spread: Hawai'i (-2.5),Wyoming,0.47,12195.13,5731.71,109,skipped,already copied this position,,
2026-09-23 23:10:00,1790197800859,0x27f738fe203827445690339104aae35b20bc44b0,ic4cream,BUY,wnba-dal-sea-2026-09-23,Dallas Wings vs. Seattle Storm,Seattle Storm,0.2200000021,19.230768,4.23,338,skipped,their trade is only 4 USD,,
2026-09-23 23:10:00,1790197800860,0x27f738fe203827445690339104aae35b20bc44b0,ic4cream,BUY,wnba-dal-sea-2026-09-23,Dallas Wings vs. Seattle Storm,Seattle Storm,0.2200000312,3.846154,0.85,-1,skipped,their trade is only 1 USD,,
2026-09-23 23:15:56,1790198156663,0xcd84d7f9262516865553555751609fb6f52abec6,Donkey14,BUY,mlb-cin-atl-2026-09-23-spread-home-1pt5,Spread: Atlanta Braves (-1.5),Cincinnati Reds,0.49,2.0,0.98,386,skipped,their trade is only 1 USD,,
2026-09-23 23:15:56,1790198156664,0xcd84d7f9262516865553555751609fb6f52abec6,Donkey14,BUY,mlb-cin-atl-2026-09-23-spread-home-1pt5,Spread: Atlanta Braves (-1.5),Cincinnati Reds,0.49,19.0,9.31,362,skipped,their trade is only 9 USD,,
2026-09-23 23:15:56,1790198156664,0xcd84d7f9262516865553555751609fb6f52abec6,Donkey14,BUY,mlb-cin-atl-2026-09-23-spread-home-1pt5,Spread: Atlanta Braves (-1.5),Cincinnati Reds,0.49,147.0,72.03,362,skipped,max open copies reached,,
2026-09-23 23:15:56,1790198156664,0xcd84d7f9262516865553555751609fb6f52abec6,Donkey14,BUY,mlb-cle-bos-2026-09-23,Cleveland Guardians vs. Boston Red Sox,Cleveland Guardians,0.44,20.0,8.8,361,skipped,their trade is only 9 USD,,
2026-09-23 23:15:56,1790198156665,0xcd84d7f9262516865553555751609fb6f52abec6,Donkey14,BUY,mlb-cin-atl-2026-09-23-spread-home-1pt5,Spread: Atlanta Braves (-1.5),Cincinnati Reds,0.49,47.0,23.03,295,skipped,their trade is only 23 USD,,
2026-09-23 23:15:56,1790198156665,0xcd84d7f9262516865553555751609fb6f52abec6,Donkey14,BUY,mlb-cin-atl-2026-09-23-spread-home-1pt5,Spread: Atlanta Braves (-1.5),Cincinnati Reds,0.49,10.0,4.9,265,skipped,their trade is only 5 USD,,
2026-09-23 23:15:56,1790198156665,0xcd84d7f9262516865553555751609fb6f52abec6,Donkey14,BUY,mlb-mia-chc-2026-09-23-spread-home-1pt5,Spread: Chicago Cubs (-1.5),Miami Marlins,0.5800000034,23.809524,13.81,235,skipped,their trade is only 14 USD,,
2026-09-23 23:15:56,1790198156665,0xcd84d7f9262516865553555751609fb6f52abec6,Donkey14,BUY,mlb-mil-phi-2026-09-23,Milwaukee Brewers vs. Philadelphia Phillies,Philadelphia Phillies,0.4600000001,2638.957408,1213.92,175,skipped,max open copies reached,,
2026-09-23 23:15:56,1790198156666,0xcd84d7f9262516865553555751609fb6f52abec6,Donkey14,BUY,mlb-cin-atl-2026-09-23-spread-home-1pt5,Spread: Atlanta Braves (-1.5),Cincinnati Reds,0.49,96.0,47.04,166,skipped,their trade is only 47 USD,,
2026-09-23 23:21:56,1790198516775,0xcd84d7f9262516865553555751609fb6f52abec6,Donkey14,BUY,mlb-mil-phi-2026-09-23,Milwaukee Brewers vs. Philadelphia Phillies,Philadelphia Phillies,0.4600000551,5.444445,2.5,506,skipped,their trade is only 3 USD,,
2026-09-23 23:21:56,1790198516775,0xcd84d7f9262516865553555751609fb6f52abec6,Donkey14,BUY,mlb-cin-atl-2026-09-23-spread-home-1pt5,Spread: Atlanta Braves (-1.5),Cincinnati Reds,0.49,48.0,23.52,409,skipped,their trade is only 24 USD,,
2026-09-23 23:21:56,1790198516776,0xcd84d7f9262516865553555751609fb6f52abec6,Donkey14,BUY,mlb-mia-chc-2026-09-23-spread-home-1pt5,Spread: Chicago Cubs (-1.5),Miami Marlins,0.58,750.48,435.28,307,skipped,max open copies reached,,
2026-09-23 23:21:56,1790198516776,0xcd84d7f9262516865553555751609fb6f52abec6,Donkey14,BUY,mlb-mia-chc-2026-09-23-spread-home-1pt5,Spread: Chicago Cubs (-1.5),Miami Marlins,0.58,8.05,4.67,298,skipped,their trade is only 5 USD,,
2026-09-23 23:21:56,1790198516776,0xcd84d7f9262516865553555751609fb6f52abec6,Donkey14,BUY,mlb-mia-chc-2026-09-23-spread-home-1pt5,Spread: Chicago Cubs (-1.5),Miami Marlins,0.58,9.06,5.25,259,skipped,their trade is only 5 USD,,
2026-09-23 23:21:56,1790198516777,0xcd84d7f9262516865553555751609fb6f52abec6,Donkey14,BUY,mlb-mil-phi-2026-09-23,Milwaukee Brewers vs. Philadelphia Phillies,Philadelphia Phillies,0.46,9259.25926,4259.26,248,skipped,max open copies reached,,
2026-09-23 23:21:56,1790198516777,0xcd84d7f9262516865553555751609fb6f52abec6,Donkey14,BUY,mlb-mil-phi-2026-09-23,Milwaukee Brewers vs. Philadelphia Phillies,Philadelphia Phillies,0.4600000009,370.370371,170.37,239,skipped,max open copies reached,,
2026-09-23 23:21:56,1790198516777,0xcd84d7f9262516865553555751609fb6f52abec6,Donkey14,BUY,mlb-cin-atl-2026-09-23,Cincinnati Reds vs. Atlanta Braves,Atlanta Braves,0.71,5259.58138,3734.3,236,skipped,max open copies reached,,
2026-09-23 23:21:56,1790198516777,0xcd84d7f9262516865553555751609fb6f52abec6,Donkey14,BUY,mlb-cle-bos-2026-09-23,Cleveland Guardians vs. Boston Red Sox,Cleveland Guardians,0.44,1563.75,688.05,221,skipped,max open copies reached,,
2026-09-23 23:21:56,1790198516778,0xcd84d7f9262516865553555751609fb6f52abec6,Donkey14,BUY,mlb-mil-phi-2026-09-23,Milwaukee Brewers vs. Philadelphia Phillies,Philadelphia Phillies,0.4600000008,203.703704,93.7,205,skipped,max open copies reached,,
2026-09-23 23:21:56,1790198516778,0xcd84d7f9262516865553555751609fb6f52abec6,Donkey14,BUY,mlb-ari-col-2026-09-23,Arizona Diamondbacks vs. Colorado Rockies,Colorado Rockies,0.4,21.15,8.46,137,skipped,their trade is only 8 USD,,
2026-09-23 23:21:56,1790198516778,0xcd84d7f9262516865553555751609fb6f52abec6,Donkey14,BUY,mlb-cin-atl-2026-09-23-spread-home-1pt5,Spread: Atlanta Braves (-1.5),Cincinnati Reds,0.49,19.0,9.31,136,skipped,their trade is only 9 USD,,
2026-09-23 23:21:56,1790198516778,0xcd84d7f9262516865553555751609fb6f52abec6,Donkey14,BUY,mlb-mil-phi-2026-09-23,Milwaukee Brewers vs. Philadelphia Phillies,Philadelphia Phillies,0.4600000006,485.444445,223.3,119,skipped,max open copies reached,,
2026-09-23 23:27:56,1790198876649,0xcd84d7f9262516865553555751609fb6f52abec6,Donkey14,BUY,mlb-ari-col-2026-09-23,Arizona Diamondbacks vs. Colorado Rockies,Colorado Rockies,0.4,56.4,22.56,454,skipped,their trade is only 23 USD,,
2026-09-23 23:27:56,1790198876650,0xcd84d7f9262516865553555751609fb6f52abec6,Donkey14,BUY,mlb-cin-atl-2026-09-23-spread-home-1pt5,Spread: Atlanta Braves (-1.5),Cincinnati Reds,0.49,96.0,47.04,404,skipped,their trade is only 47 USD,,
2026-09-23 23:27:56,1790198876650,0xcd84d7f9262516865553555751609fb6f52abec6,Donkey14,BUY,mlb-tor-bal-2026-09-23,Toronto Blue Jays vs. Baltimore Orioles,Toronto Blue Jays,0.4700000132,18.867925,8.87,404,skipped,their trade is only 9 USD,,
2026-09-23 23:27:56,1790198876650,0xcd84d7f9262516865553555751609fb6f52abec6,Donkey14,BUY,mlb-mil-phi-2026-09-23,Milwaukee Brewers vs. Philadelphia Phillies,Philadelphia Phillies,0.4600000001,5895.25926,2711.82,400,skipped,max open copies reached,,
2026-09-23 23:27:56,1790198876650,0xcd84d7f9262516865553555751609fb6f52abec6,Donkey14,BUY,mlb-mil-phi-2026-09-23,Milwaukee Brewers vs. Philadelphia Phillies,Philadelphia Phillies,0.4600000151,25.148147,11.57,373,skipped,their trade is only 12 USD,,
2026-09-23 23:27:56,1790198876650,0xcd84d7f9262516865553555751609fb6f52abec6,Donkey14,BUY,mlb-tor-bal-2026-09-23,Toronto Blue Jays vs. Baltimore Orioles,Toronto Blue Jays,0.4700000413,9.433963,4.43,361,skipped,their trade is only 4 USD,,
2026-09-23 23:27:56,1790198876651,0xcd84d7f9262516865553555751609fb6f52abec6,Donkey14,BUY,mlb-ari-col-2026-09-23,Arizona Diamondbacks vs. Colorado Rockies,Colorado Rockies,0.4,32.23,12.89,220,skipped,their trade is only 13 USD,,
2026-09-23 23:27:56,1790198876651,0xcd84d7f9262516865553555751609fb6f52abec6,Donkey14,BUY,mlb-ari-col-2026-09-23,Arizona Diamondbacks vs. Colorado Rockies,Colorado Rockies,0.4,3.02,1.21,196,skipped,their trade is only 1 USD,,
2026-09-23 23:27:56,1790198876651,0xcd84d7f9262516865553555751609fb6f52abec6,Donkey14,BUY,mlb-mia-chc-2026-09-23-spread-home-1pt5,Spread: Chicago Cubs (-1.5),Miami Marlins,0.5800000034,11.904762,6.9,191,skipped,their trade is only 7 USD,,
2026-09-23 23:27:56,1790198876651,0xcd84d7f9262516865553555751609fb6f52abec6,Donkey14,BUY,mlb-mia-chc-2026-09-23-spread-home-1pt5,Spread: Chicago Cubs (-1.5),Miami Marlins,0.58,7.0,4.06,184,skipped,their trade is only 4 USD,,
2026-09-23 23:27:56,1790198876651,0xcd84d7f9262516865553555751609fb6f52abec6,Donkey14,BUY,mlb-cin-atl-2026-09-23-spread-home-1pt5,Spread: Atlanta Braves (-1.5),Cincinnati Reds,0.49,19.0,9.31,152,skipped,their trade is only 9 USD,,
2026-09-23 23:33:56,1790199236707,0xcd84d7f9262516865553555751609fb6f52abec6,Donkey14,BUY,mlb-mia-chc-2026-09-23-spread-home-1pt5,Spread: Chicago Cubs (-1.5),Miami Marlins,0.58,304.47,176.59,493,skipped,max open copies reached,,
2026-09-23 23:33:56,1790199236708,0xcd84d7f9262516865553555751609fb6f52abec6,Donkey14,BUY,mlb-mia-chc-2026-09-23-spread-home-1pt5,Spread: Chicago Cubs (-1.5),Miami Marlins,0.58,300.0,174.0,478,skipped,max open copies reached,,
2026-09-23 23:33:56,1790199236708,0xcd84d7f9262516865553555751609fb6f52abec6,Donkey14,BUY,mlb-ari-col-2026-09-23,Arizona Diamondbacks vs. Colorado Rockies,Colorado Rockies,0.4,5.0,2.0,473,skipped,their trade is only 2 USD,,
2026-09-23 23:33:56,1790199236708,0xcd84d7f9262516865553555751609fb6f52abec6,Donkey14,BUY,mlb-mia-chc-2026-09-23-spread-home-1pt5,Spread: Chicago Cubs (-1.5),Miami Marlins,0.58,22.16,12.85,469,skipped,their trade is only 13 USD,,
2026-09-23 23:33:56,1790199236708,0xcd84d7f9262516865553555751609fb6f52abec6,Donkey14,BUY,mlb-mia-chc-2026-09-23-spread-home-1pt5,Spread: Chicago Cubs (-1.5),Miami Marlins,0.58,116.0,67.28,452,skipped,max open copies reached,,
2026-09-23 23:33:56,1790199236709,0xcd84d7f9262516865553555751609fb6f52abec6,Donkey14,BUY,mlb-mil-phi-2026-09-23,Milwaukee Brewers vs. Philadelphia Phillies,Philadelphia Phillies,0.4600000001,4896.11111,2252.21,412,skipped,max open copies reached,,
2026-09-23 23:33:56,1790199236709,0xcd84d7f9262516865553555751609fb6f52abec6,Donkey14,BUY,mlb-ari-col-2026-09-23,Arizona Diamondbacks vs. Colorado Rockies,Colorado Rockies,0.4,505.64,202.26,398,skipped,max open copies reached,,
2026-09-23 23:33:56,1790199236709,0xcd84d7f9262516865553555751609fb6f52abec6,Donkey14,BUY,mlb-ari-col-2026-09-23,Arizona Diamondbacks vs. Colorado Rockies,Colorado Rockies,0.4,16.11,6.44,394,skipped,their trade is only 6 USD,,
2026-09-23 23:33:56,1790199236709,0xcd84d7f9262516865553555751609fb6f52abec6,Donkey14,BUY,mlb-ari-col-2026-09-23,Arizona Diamondbacks vs. Colorado Rockies,Colorado Rockies,0.4,3.02,1.21,359,skipped,their trade is only 1 USD,,
2026-09-23 23:33:56,1790199236709,0xcd84d7f9262516865553555751609fb6f52abec6,Donkey14,BUY,mlb-mia-chc-2026-09-23-spread-home-1pt5,Spread: Chicago Cubs (-1.5),Miami Marlins,0.58,22.16,12.85,317,skipped,their trade is only 13 USD,,
2026-09-23 23:33:56,1790199236709,0xcd84d7f9262516865553555751609fb6f52abec6,Donkey14,BUY,mlb-mil-phi-2026-09-23,Milwaukee Brewers vs. Philadelphia Phillies,Philadelphia Phillies,0.46,9.25,4.25,311,skipped,their trade is only 4 USD,,
2026-09-23 23:33:56,1790199236710,0xcd84d7f9262516865553555751609fb6f52abec6,Donkey14,BUY,mlb-stl-pit-2026-09-23,St. Louis Cardinals vs. Pittsburgh Pirates,St. Louis Cardinals,0.43,2159.41,928.55,301,skipped,max open copies reached,,
2026-09-23 23:33:56,1790199236710,0xcd84d7f9262516865553555751609fb6f52abec6,Donkey14,BUY,mlb-stl-pit-2026-09-23,St. Louis Cardinals vs. Pittsburgh Pirates,St. Louis Cardinals,0.4300001546,2.070176,0.89,298,skipped,their trade is only 1 USD,,
2026-09-23 23:33:56,1790199236710,0xcd84d7f9262516865553555751609fb6f52abec6,Donkey14,BUY,mlb-tor-bal-2026-09-23-spread-home-1pt5,Spread: Baltimore Orioles (-1.5),Baltimore Orioles,0.34,12044.681817,4095.19,242,skipped,max open copies reached,,
2026-09-23 23:33:59,1790199239349,0x3dfb153c197d4c19d3b31c1ecd2c7b6860eeabaf,0x3DFb153c197D4C19D3B31c1ecD2c7B6860eeabAf-1722957908185,BUY,nfl-ten-nyg-2026-09-27,Titans vs. Giants,Titans,0.43,20.0,8.6,355,skipped,their trade is only 9 USD,,
2026-09-23 23:39:56,1790199596698,0xcd84d7f9262516865553555751609fb6f52abec6,Donkey14,BUY,mlb-mil-phi-2026-09-23,Milwaukee Brewers vs. Philadelphia Phillies,Philadelphia Phillies,0.4600000432,9.25926,4.26,557,skipped,their trade is only 4 USD,,
2026-09-23 23:39:56,1790199596699,0xcd84d7f9262516865553555751609fb6f52abec6,Donkey14,BUY,mlb-ari-col-2026-09-23,Arizona Diamondbacks vs. Colorado Rockies,Colorado Rockies,0.4,10.0,4.0,556,skipped,their trade is only 4 USD,,
2026-09-23 23:39:56,1790199596699,0xcd84d7f9262516865553555751609fb6f52abec6,Donkey14,BUY,mlb-cin-atl-2026-09-23-spread-home-1pt5,Spread: Atlanta Braves (-1.5),Cincinnati Reds,0.49,2.0,0.98,553,skipped,their trade is only 1 USD,,
2026-09-23 23:39:56,1790199596699,0xcd84d7f9262516865553555751609fb6f52abec6,Donkey14,BUY,mlb-ari-col-2026-09-23,Arizona Diamondbacks vs. Colorado Rockies,Colorado Rockies,0.4,10.0,4.0,550,skipped,their trade is only 4 USD,,
2026-09-23 23:39:56,1790199596699,0xcd84d7f9262516865553555751609fb6f52abec6,Donkey14,BUY,mlb-mia-chc-2026-09-23-spread-home-1pt5,Spread: Chicago Cubs (-1.5),Miami Marlins,0.58,45.33,26.29,538,skipped,their trade is only 26 USD,,
2026-09-23 23:39:56,1790199596699,0xcd84d7f9262516865553555751609fb6f52abec6,Donkey14,BUY,mlb-nym-tex-2026-09-23,New York Mets vs. Texas Rangers,Texas Rangers,0.5,10.0,5.0,538,skipped,their trade is only 5 USD,,
2026-09-23 23:39:56,1790199596700,0xcd84d7f9262516865553555751609fb6f52abec6,Donkey14,BUY,mlb-mil-phi-2026-09-23,Milwaukee Brewers vs. Philadelphia Phillies,Philadelphia Phillies,0.46,19680.01,9052.8,524,skipped,max open copies reached,,
2026-09-23 23:39:56,1790199596700,0xcd84d7f9262516865553555751609fb6f52abec6,Donkey14,BUY,mlb-cws-kc-2026-09-23,Chicago White Sox vs. Kansas City Royals,Kansas City Royals,0.47,8254.29,3879.52,503,skipped,max open copies reached,,
2026-09-23 23:39:56,1790199596700,0xcd84d7f9262516865553555751609fb6f52abec6,Donkey14,BUY,mlb-cws-kc-2026-09-23,Chicago White Sox vs. Kansas City Royals,Kansas City Royals,0.4700000771,2.075472,0.98,502,skipped,their trade is only 1 USD,,
2026-09-23 23:39:56,1790199596700,0xcd84d7f9262516865553555751609fb6f52abec6,Donkey14,BUY,mlb-ari-col-2026-09-23,Arizona Diamondbacks vs. Colorado Rockies,Colorado Rockies,0.4,19.13,7.65,463,skipped,their trade is only 8 USD,,
2026-09-23 23:39:56,1790199596700,0xcd84d7f9262516865553555751609fb6f52abec6,Donkey14,BUY,mlb-cin-atl-2026-09-23-spread-home-1pt5,Spread: Atlanta Braves (-1.5),Cincinnati Reds,0.49,48.0,23.52,457,skipped,their trade is only 24 USD,,
2026-09-23 23:39:56,1790199596701,0xcd84d7f9262516865553555751609fb6f52abec6,Donkey14,BUY,mlb-ari-col-2026-09-23,Arizona Diamondbacks vs. Colorado Rockies,Colorado Rockies,0.4,13016.66,5206.66,430,skipped,max open copies reached,,
2026-09-23 23:39:56,1790199596701,0xcd84d7f9262516865553555751609fb6f52abec6,Donkey14,BUY,mlb-ari-col-2026-09-23,Arizona Diamondbacks vs. Colorado Rockies,Colorado Rockies,0.4000000968,2.066667,0.83,427,skipped,their trade is only 1 USD,,
2026-09-23 23:39:56,1790199596701,0xcd84d7f9262516865553555751609fb6f52abec6,Donkey14,BUY,mlb-cin-atl-2026-09-23-spread-home-1pt5,Spread: Atlanta Braves (-1.5),Cincinnati Reds,0.49,1949.019608,955.02,419,skipped,max open copies reached,,
2026-09-23 23:39:56,1790199596701,0xcd84d7f9262516865553555751609fb6f52abec6,Donkey14,BUY,mlb-tor-bal-2026-09-23-spread-home-1pt5,Spread: Baltimore Orioles (-1.5),Baltimore Orioles,0.3400000495,6.060605,2.06,419,skipped,their trade is only 2 USD,,
2026-09-23 23:39:56,1790199596701,0xcd84d7f9262516865553555751609fb6f52abec6,Donkey14,BUY,mlb-ari-col-2026-09-23,Arizona Diamondbacks vs. Colorado Rockies,Colorado Rockies,0.4,31.22,12.49,415,skipped,their trade is only 12 USD,,
2026-09-23 23:39:56,1790199596702,0xcd84d7f9262516865553555751609fb6f52abec6,Donkey14,BUY,mlb-tor-bal-2026-09-23-spread-home-1pt5,Spread: Baltimore Orioles (-1.5),Baltimore Orioles,0.340000066,1.818182,0.62,388,skipped,their trade is only 1 USD,,
2026-09-23 23:39:56,1790199596702,0xcd84d7f9262516865553555751609fb6f52abec6,Donkey14,BUY,mlb-ari-col-2026-09-23,Arizona Diamondbacks vs. Colorado Rockies,Colorado Rockies,0.4,50.36,20.14,367,skipped,their trade is only 20 USD,,
2026-09-23 23:39:56,1790199596702,0xcd84d7f9262516865553555751609fb6f52abec6,Donkey14,BUY,mlb-mia-chc-2026-09-23-spread-home-1pt5,Spread: Chicago Cubs (-1.5),Miami Marlins,0.58,288.1,167.1,355,skipped,max open copies reached,,
2026-09-23 23:39:56,1790199596702,0xcd84d7f9262516865553555751609fb6f52abec6,Donkey14,BUY,mlb-ari-col-2026-09-23,Arizona Diamondbacks vs. Colorado Rockies,Colorado Rockies,0.4,35.25,14.1,322,skipped,their trade is only 14 USD,,
2026-09-23 23:39:56,1790199596702,0xcd84d7f9262516865553555751609fb6f52abec6,Donkey14,BUY,mlb-ari-col-2026-09-23,Arizona Diamondbacks vs. Colorado Rockies,Colorado Rockies,0.4,118.85,47.54,248,skipped,their trade is only 48 USD,,
2026-09-23 23:45:56,1790199956702,0xcd84d7f9262516865553555751609fb6f52abec6,Donkey14,BUY,mlb-nym-tex-2026-09-23,New York Mets vs. Texas Rangers,Texas Rangers,0.5,3.7,1.85,604,skipped,their trade is only 2 USD,,
2026-09-23 23:45:56,1790199956703,0xcd84d7f9262516865553555751609fb6f52abec6,Donkey14,BUY,mlb-ari-col-2026-09-23,Arizona Diamondbacks vs. Colorado Rockies,Colorado Rockies,0.4,97.7,39.08,596,skipped,their trade is only 39 USD,,
2026-09-23 23:45:56,1790199956703,0xcd84d7f9262516865553555751609fb6f52abec6,Donkey14,BUY,mlb-nym-tex-2026-09-23,New York Mets vs. Texas Rangers,Texas Rangers,0.5,3.7,1.85,589,skipped,their trade is only 2 USD,,
2026-09-23 23:45:56,1790199956703,0xcd84d7f9262516865553555751609fb6f52abec6,Donkey14,BUY,mlb-tor-bal-2026-09-23-spread-home-1pt5,Spread: Baltimore Orioles (-1.5),Baltimore Orioles,0.34,5.0,1.7,587,skipped,their trade is only 2 USD,,
2026-09-23 23:45:56,1790199956703,0xcd84d7f9262516865553555751609fb6f52abec6,Donkey14,BUY,mlb-nym-tex-2026-09-23,New York Mets vs. Texas Rangers,Texas Rangers,0.5,3.7,1.85,574,skipped,their trade is only 2 USD,,
2026-09-23 23:45:56,1790199956703,0xcd84d7f9262516865553555751609fb6f52abec6,Donkey14,BUY,mlb-nym-tex-2026-09-23,New York Mets vs. Texas Rangers,Texas Rangers,0.5,3.7,1.85,560,skipped,their trade is only 2 USD,,
2026-09-23 23:45:56,1790199956704,0xcd84d7f9262516865553555751609fb6f52abec6,Donkey14,BUY,mlb-cin-atl-2026-09-23-spread-home-1pt5,Spread: Atlanta Braves (-1.5),Cincinnati Reds,0.49,77.0,37.73,559,skipped,their trade is only 38 USD,,
2026-09-23 23:45:56,1790199956704,0xcd84d7f9262516865553555751609fb6f52abec6,Donkey14,BUY,mlb-nym-tex-2026-09-23,New York Mets vs. Texas Rangers,Texas Rangers,0.5,3.7,1.85,545,skipped,their trade is only 2 USD,,
2026-09-23 23:45:56,1790199956704,0xcd84d7f9262516865553555751609fb6f52abec6,Donkey14,BUY,mlb-nym-tex-2026-09-23,New York Mets vs. Texas Rangers,Texas Rangers,0.5,3.7,1.85,535,skipped,their trade is only 2 USD,,
2026-09-23 23:45:56,1790199956704,0xcd84d7f9262516865553555751609fb6f52abec6,Donkey14,BUY,mlb-stl-pit-2026-09-23,St. Louis Cardinals vs. Pittsburgh Pirates,St. Louis Cardinals,0.43,50.0,21.5,524,skipped,their trade is only 22 USD,,
2026-09-23 23:45:56,1790199956705,0xcd84d7f9262516865553555751609fb6f52abec6,Donkey14,BUY,mlb-cin-atl-2026-09-23-spread-home-1pt5,Spread: Atlanta Braves (-1.5),Cincinnati Reds,0.49,52.0,25.48,508,skipped,their trade is only 25 USD,,
2026-09-23 23:45:56,1790199956705,0xcd84d7f9262516865553555751609fb6f52abec6,Donkey14,BUY,mlb-nym-tex-2026-09-23,New York Mets vs. Texas Rangers,Texas Rangers,0.5,3.7,1.85,500,skipped,their trade is only 2 USD,,
2026-09-23 23:45:56,1790199956705,0xcd84d7f9262516865553555751609fb6f52abec6,Donkey14,BUY,mlb-stl-pit-2026-09-23,St. Louis Cardinals vs. Pittsburgh Pirates,St. Louis Cardinals,0.4300000007,438.59649,188.6,448,skipped,max open copies reached,,
2026-09-23 23:45:56,1790199956705,0xcd84d7f9262516865553555751609fb6f52abec6,Donkey14,BUY,mlb-tor-bal-2026-09-23-spread-home-1pt5,Spread: Baltimore Orioles (-1.5),Baltimore Orioles,0.3400000158,15.151514,5.15,427,skipped,their trade is only 5 USD,,
2026-09-23 23:45:56,1790199956705,0xcd84d7f9262516865553555751609fb6f52abec6,Donkey14,BUY,mlb-cin-atl-2026-09-23-spread-home-1pt5,Spread: Atlanta Braves (-1.5),Cincinnati Reds,0.4900001785,1.960785,0.96,410,skipped,their trade is only 1 USD,,
2026-09-23 23:45:56,1790199956706,0xcd84d7f9262516865553555751609fb6f52abec6,Donkey14,BUY,mlb-ari-col-2026-09-23,Arizona Diamondbacks vs. Colorado Rockies,Colorado Rockies,0.4,8.05,3.22,404,skipped,their trade is only 3 USD,,
2026-09-23 23:45:56,1790199956706,0xcd84d7f9262516865553555751609fb6f52abec6,Donkey14,BUY,mlb-ari-col-2026-09-23,Arizona Diamondbacks vs. Colorado Rockies,Colorado Rockies,0.4,3.02,1.21,391,skipped,their trade is only 1 USD,,
2026-09-23 23:45:56,1790199956706,0xcd84d7f9262516865553555751609fb6f52abec6,Donkey14,BUY,mlb-cin-atl-2026-09-23-spread-home-1pt5,Spread: Atlanta Braves (-1.5),Cincinnati Reds,0.49,10.0,4.9,355,skipped,their trade is only 5 USD,,
2026-09-23 23:45:56,1790199956706,0xcd84d7f9262516865553555751609fb6f52abec6,Donkey14,BUY,mlb-ari-col-2026-09-23,Arizona Diamondbacks vs. Colorado Rockies,Colorado Rockies,0.4,3.02,1.21,341,skipped,their trade is only 1 USD,,
2026-09-23 23:45:56,1790199956706,0xcd84d7f9262516865553555751609fb6f52abec6,Donkey14,BUY,mlb-ari-col-2026-09-23,Arizona Diamondbacks vs. Colorado Rockies,Colorado Rockies,0.4,81.58,32.63,304,skipped,their trade is only 33 USD,,
2026-09-23 23:45:56,1790199956707,0xcd84d7f9262516865553555751609fb6f52abec6,Donkey14,BUY,mlb-ari-col-2026-09-23,Arizona Diamondbacks vs. Colorado Rockies,Colorado Rockies,0.4,95.68,38.27,302,skipped,their trade is only 38 USD,,
2026-09-23 23:45:59,1790199959387,0x3dfb153c197d4c19d3b31c1ecd2c7b6860eeabaf,0x3DFb153c197D4C19D3B31c1ecD2c7B6860eeabAf-1722957908185,BUY,nfl-cin-pit-2026-09-27,Bengals vs. Steelers,Bengals,0.63,500.0,315.0,517,skipped,max open copies reached,,
2026-09-23 23:46:00,1790199960811,0x27f738fe203827445690339104aae35b20bc44b0,ic4cream,BUY,wnba-dal-sea-2026-09-23,Dallas Wings vs. Seattle Storm,Seattle Storm,0.22,31.0,6.82,260,skipped,their trade is only 7 USD,,
2026-09-23 23:51:56,1790200316698,0xcd84d7f9262516865553555751609fb6f52abec6,Donkey14,BUY,mlb-cws-kc-2026-09-23,Chicago White Sox vs. Kansas City Royals,Kansas City Royals,0.4700001537,1.886793,0.89,548,skipped,their trade is only 1 USD,,
2026-09-23 23:51:56,1790200316698,0xcd84d7f9262516865553555751609fb6f52abec6,Donkey14,BUY,mlb-mia-chc-2026-09-23-spread-home-1pt5,Spread: Chicago Cubs (-1.5),Miami Marlins,0.58,47.0,27.26,524,skipped,their trade is only 27 USD,,
2026-09-23 23:51:56,1790200316699,0xcd84d7f9262516865553555751609fb6f52abec6,Donkey14,BUY,mlb-ari-col-2026-09-23,Arizona Diamondbacks vs. Colorado Rockies,Colorado Rockies,0.4000000012,166.666667,66.67,509,skipped,max open copies reached,,
2026-09-23 23:51:56,1790200316699,0xcd84d7f9262516865553555751609fb6f52abec6,Donkey14,BUY,mlb-cle-bos-2026-09-23,Cleveland Guardians vs. Boston Red Sox,Cleveland Guardians,0.4400000013,178.571429,78.57,491,skipped,max open copies reached,,
2026-09-23 23:51:56,1790200316699,0xcd84d7f9262516865553555751609fb6f52abec6,Donkey14,BUY,mlb-ari-col-2026-09-23,Arizona Diamondbacks vs. Colorado Rockies,Colorado Rockies,0.400000005,39.616667,15.85,491,skipped,their trade is only 16 USD,,
2026-09-23 23:51:56,1790200316699,0xcd84d7f9262516865553555751609fb6f52abec6,Donkey14,BUY,mlb-mia-chc-2026-09-23-spread-home-1pt5,Spread: Chicago Cubs (-1.5),Miami Marlins,0.58,12.0,6.96,421,skipped,their trade is only 7 USD,,
2026-09-23 23:51:56,1790200316700,0xcd84d7f9262516865553555751609fb6f52abec6,Donkey14,BUY,mlb-ari-col-2026-09-23-spread-away-1pt5,Spread: Arizona Diamondbacks (-1.5),Colorado Rockies,0.5,24.71,12.36,323,skipped,their trade is only 12 USD,,
2026-09-23 23:51:56,1790200316700,0xcd84d7f9262516865553555751609fb6f52abec6,Donkey14,BUY,mlb-ari-col-2026-09-23-spread-away-1pt5,Spread: Arizona Diamondbacks (-1.5),Colorado Rockies,0.5,40.3,20.15,319,skipped,their trade is only 20 USD,,
2026-09-23 23:51:56,1790200316700,0xcd84d7f9262516865553555751609fb6f52abec6,Donkey14,BUY,mlb-cin-atl-2026-09-23,Cincinnati Reds vs. Atlanta Braves,Atlanta Braves,0.7100000257,7.379311,5.24,313,skipped,their trade is only 5 USD,,
2026-09-23 23:51:56,1790200316700,0xcd84d7f9262516865553555751609fb6f52abec6,Donkey14,BUY,mlb-cws-kc-2026-09-23,Chicago White Sox vs. Kansas City Royals,Kansas City Royals,0.4700000693,6.490565,3.05,292,skipped,their trade is only 3 USD,,
2026-09-23 23:51:56,1790200316701,0xcd84d7f9262516865553555751609fb6f52abec6,Donkey14,BUY,mlb-stl-pit-2026-09-23,St. Louis Cardinals vs. Pittsburgh Pirates,St. Louis Cardinals,0.4300000265,6.035088,2.6,257,skipped,their trade is only 3 USD,,
2026-09-23 23:51:56,1790200316701,0xcd84d7f9262516865553555751609fb6f52abec6,Donkey14,BUY,mlb-nym-tex-2026-09-23,New York Mets vs. Texas Rangers,Texas Rangers,0.5,49.01,24.5,256,skipped,their trade is only 25 USD,,
2026-09-23 23:51:56,1790200316701,0xcd84d7f9262516865553555751609fb6f52abec6,Donkey14,BUY,mlb-ari-col-2026-09-23-spread-away-1pt5,Spread: Arizona Diamondbacks (-1.5),Colorado Rockies,0.5,50.37,25.18,253,skipped,their trade is only 25 USD,,
2026-09-23 23:51:56,1790200316701,0xcd84d7f9262516865553555751609fb6f52abec6,Donkey14,BUY,mlb-ari-col-2026-09-23,Arizona Diamondbacks vs. Colorado Rockies,Colorado Rockies,0.4,39.28,15.71,245,skipped,their trade is only 16 USD,,
2026-09-23 23:51:56,1790200316702,0xcd84d7f9262516865553555751609fb6f52abec6,Donkey14,BUY,mlb-cle-bos-2026-09-23,Cleveland Guardians vs. Boston Red Sox,Cleveland Guardians,0.4400000586,6.142856,2.7,242,skipped,their trade is only 3 USD,,
2026-09-23 23:51:56,1790200316702,0xcd84d7f9262516865553555751609fb6f52abec6,Donkey14,BUY,mlb-mia-chc-2026-09-23-spread-home-1pt5,Spread: Chicago Cubs (-1.5),Miami Marlins,0.58,228.67,132.63,239,skipped,max open copies reached,,
2026-09-23 23:51:56,1790200316702,0xcd84d7f9262516865553555751609fb6f52abec6,Donkey14,BUY,mlb-mia-chc-2026-09-23-spread-home-1pt5,Spread: Chicago Cubs (-1.5),Miami Marlins,0.58,10.07,5.84,238,skipped,their trade is only 6 USD,,
2026-09-23 23:51:56,1790200316702,0xcd84d7f9262516865553555751609fb6f52abec6,Donkey14,BUY,mlb-cws-kc-2026-09-23,Chicago White Sox vs. Kansas City Royals,Kansas City Royals,0.4700000132,11.320755,5.32,233,skipped,their trade is only 5 USD,,
2026-09-23 23:51:56,1790200316702,0xcd84d7f9262516865553555751609fb6f52abec6,Donkey14,BUY,mlb-nym-tex-2026-09-23,New York Mets vs. Texas Rangers,Texas Rangers,0.5,10713.1,5356.55,172,skipped,max open copies reached,,
2026-09-23 23:51:56,1790200316703,0xcd84d7f9262516865553555751609fb6f52abec6,Donkey14,BUY,mlb-nym-tex-2026-09-23,New York Mets vs. Texas Rangers,Texas Rangers,0.5,20.0,10.0,161,skipped,their trade is only 10 USD,,
2026-09-23 23:51:56,1790200316703,0xcd84d7f9262516865553555751609fb6f52abec6,Donkey14,BUY,mlb-nym-tex-2026-09-23,New York Mets vs. Texas Rangers,Texas Rangers,0.5,61.6,30.8,146,skipped,their trade is only 31 USD,,
2026-09-23 23:51:56,1790200316703,0xcd84d7f9262516865553555751609fb6f52abec6,Donkey14,BUY,mlb-ari-col-2026-09-23,Arizona Diamondbacks vs. Colorado Rockies,Colorado Rockies,0.4,8.05,3.22,140,skipped,their trade is only 3 USD,,
2026-09-23 23:51:56,1790200316703,0xcd84d7f9262516865553555751609fb6f52abec6,Donkey14,BUY,mlb-ari-col-2026-09-23,Arizona Diamondbacks vs. Colorado Rockies,Colorado Rockies,0.4,4.02,1.61,134,skipped,their trade is only 2 USD,,
2026-09-23 23:51:56,1790200316703,0xcd84d7f9262516865553555751609fb6f52abec6,Donkey14,BUY,mlb-mia-chc-2026-09-23-spread-home-1pt5,Spread: Chicago Cubs (-1.5),Miami Marlins,0.58,23.16,13.43,133,skipped,their trade is only 13 USD,,
2026-09-23 23:51:56,1790200316703,0xcd84d7f9262516865553555751609fb6f52abec6,Donkey14,BUY,mlb-cin-atl-2026-09-23-spread-home-1pt5,Spread: Atlanta Braves (-1.5),Cincinnati Reds,0.49,38.0,18.62,112,skipped,their trade is only 19 USD,,
2026-09-23 23:51:56,1790200316704,0xcd84d7f9262516865553555751609fb6f52abec6,Donkey14,BUY,mlb-ari-col-2026-09-23,Arizona Diamondbacks vs. Colorado Rockies,Colorado Rockies,0.4,95.68,38.27,100,skipped,their trade is only 38 USD,,
2026-09-23 23:51:56,1790200316704,0xcd84d7f9262516865553555751609fb6f52abec6,Donkey14,BUY,mlb-tor-bal-2026-09-23,Toronto Blue Jays vs. Baltimore Orioles,Toronto Blue Jays,0.47,5.0,2.35,92,skipped,their trade is only 2 USD,,
2026-09-23 23:51:56,1790200316704,0xcd84d7f9262516865553555751609fb6f52abec6,Donkey14,BUY,mlb-ari-col-2026-09-23,Arizona Diamondbacks vs. Colorado Rockies,Colorado Rockies,0.4,163.17,65.27,92,skipped,max open copies reached,,
2026-09-23 23:51:56,1790200316704,0xcd84d7f9262516865553555751609fb6f52abec6,Donkey14,BUY,mlb-ari-col-2026-09-23-spread-away-1pt5,Spread: Arizona Diamondbacks (-1.5),Colorado Rockies,0.5,428.21,214.1,83,skipped,max open copies reached,,
2026-09-23 23:51:56,1790200316704,0xcd84d7f9262516865553555751609fb6f52abec6,Donkey14,BUY,mlb-tor-bal-2026-09-23,Toronto Blue Jays vs. Baltimore Orioles,Toronto Blue Jays,0.47,15.0,7.05,43,skipped,their trade is only 7 USD,,
2026-09-23 23:57:56,1790200676669,0xcd84d7f9262516865553555751609fb6f52abec6,Donkey14,BUY,mlb-cin-atl-2026-09-23-spread-home-1pt5,Spread: Atlanta Braves (-1.5),Cincinnati Reds,0.49,20.0,9.8,359,skipped,their trade is only 10 USD,,
2026-09-23 23:57:56,1790200676669,0xcd84d7f9262516865553555751609fb6f52abec6,Donkey14,BUY,mlb-mia-chc-2026-09-23-spread-home-1pt5,Spread: Chicago Cubs (-1.5),Miami Marlins,0.58,89.65,52.0,319,skipped,max open copies reached,,
2026-09-23 23:57:56,1790200676670,0xcd84d7f9262516865553555751609fb6f52abec6,Donkey14,BUY,mlb-mia-chc-2026-09-23-spread-home-1pt5,Spread: Chicago Cubs (-1.5),Miami Marlins,0.5800000034,59.52381,34.52,314,skipped,their trade is only 35 USD,,
2026-09-23 23:57:56,1790200676670,0xcd84d7f9262516865553555751609fb6f52abec6,Donkey14,BUY,mlb-ari-col-2026-09-23,Arizona Diamondbacks vs. Colorado Rockies,Colorado Rockies,0.4,12.08,4.83,295,skipped,their trade is only 5 USD,,
2026-09-23 23:57:56,1790200676670,0xcd84d7f9262516865553555751609fb6f52abec6,Donkey14,BUY,mlb-ari-col-2026-09-23,Arizona Diamondbacks vs. Colorado Rockies,Colorado Rockies,0.4,113.81,45.52,281,skipped,their trade is only 46 USD,,
2026-09-23 23:57:56,1790200676670,0xcd84d7f9262516865553555751609fb6f52abec6,Donkey14,BUY,mlb-ari-col-2026-09-23,Arizona Diamondbacks vs. Colorado Rockies,Colorado Rockies,0.4,32.23,12.89,275,skipped,their trade is only 13 USD,,
2026-09-23 23:57:56,1790200676670,0xcd84d7f9262516865553555751609fb6f52abec6,Donkey14,BUY,mlb-ari-col-2026-09-23,Arizona Diamondbacks vs. Colorado Rockies,Colorado Rockies,0.4,8.05,3.22,262,skipped,their trade is only 3 USD,,
2026-09-23 23:57:56,1790200676671,0xcd84d7f9262516865553555751609fb6f52abec6,Donkey14,BUY,mlb-ari-col-2026-09-23,Arizona Diamondbacks vs. Colorado Rockies,Colorado Rockies,0.4,8.05,3.22,260,skipped,their trade is only 3 USD,,
2026-09-23 23:57:56,1790200676671,0xcd84d7f9262516865553555751609fb6f52abec6,Donkey14,BUY,mlb-ari-col-2026-09-23-spread-away-1pt5,Spread: Arizona Diamondbacks (-1.5),Colorado Rockies,0.5,11.08,5.54,257,skipped,their trade is only 6 USD,,
2026-09-23 23:57:56,1790200676671,0xcd84d7f9262516865553555751609fb6f52abec6,Donkey14,BUY,mlb-cin-atl-2026-09-23-spread-home-1pt5,Spread: Atlanta Braves (-1.5),Cincinnati Reds,0.49,105.0,51.45,248,skipped,max open copies reached,,
2026-09-23 23:57:56,1790200676671,0xcd84d7f9262516865553555751609fb6f52abec6,Donkey14,BUY,mlb-ari-col-2026-09-23,Arizona Diamondbacks vs. Colorado Rockies,Colorado Rockies,0.4,56.4,22.56,245,skipped,their trade is only 23 USD,,
2026-09-23 23:57:56,1790200676671,0xcd84d7f9262516865553555751609fb6f52abec6,Donkey14,BUY,mlb-ari-col-2026-09-23,Arizona Diamondbacks vs. Colorado Rockies,Colorado Rockies,0.4,16.11,6.44,242,skipped,their trade is only 6 USD,,
2026-09-23 23:57:56,1790200676672,0xcd84d7f9262516865553555751609fb6f52abec6,Donkey14,BUY,mlb-mia-chc-2026-09-23-spread-home-1pt5,Spread: Chicago Cubs (-1.5),Miami Marlins,0.58,9.06,5.25,241,skipped,their trade is only 5 USD,,
2026-09-23 23:57:56,1790200676672,0xcd84d7f9262516865553555751609fb6f52abec6,Donkey14,BUY,mlb-mia-chc-2026-09-23-spread-home-1pt5,Spread: Chicago Cubs (-1.5),Miami Marlins,0.5800000002,1190.476191,690.48,214,skipped,max open copies reached,,
2026-09-23 23:57:56,1790200676672,0xcd84d7f9262516865553555751609fb6f52abec6,Donkey14,BUY,mlb-ari-col-2026-09-23,Arizona Diamondbacks vs. Colorado Rockies,Colorado Rockies,0.4,40.29,16.12,211,skipped,their trade is only 16 USD,,
2026-09-23 23:57:56,1790200676672,0xcd84d7f9262516865553555751609fb6f52abec6,Donkey14,BUY,mlb-ari-col-2026-09-23-spread-away-1pt5,Spread: Arizona Diamondbacks (-1.5),Colorado Rockies,0.5,19.14,9.57,206,skipped,their trade is only 10 USD,,
2026-09-23 23:57:56,1790200676672,0xcd84d7f9262516865553555751609fb6f52abec6,Donkey14,BUY,mlb-cws-kc-2026-09-23,Chicago White Sox vs. Kansas City Royals,Kansas City Royals,0.47,37.83,17.78,184,skipped,their trade is only 18 USD,,
2026-09-23 23:57:56,1790200676673,0xcd84d7f9262516865553555751609fb6f52abec6,Donkey14,BUY,mlb-stl-pit-2026-09-23,St. Louis Cardinals vs. Pittsburgh Pirates,St. Louis Cardinals,0.43,35.17,15.12,179,skipped,their trade is only 15 USD,,
2026-09-23 23:57:56,1790200676673,0xcd84d7f9262516865553555751609fb6f52abec6,Donkey14,BUY,mlb-stl-pit-2026-09-23,St. Louis Cardinals vs. Pittsburgh Pirates,St. Louis Cardinals,0.43,5.0,2.15,151,skipped,their trade is only 2 USD,,
2026-09-23 23:57:56,1790200676673,0xcd84d7f9262516865553555751609fb6f52abec6,Donkey14,BUY,mlb-ari-col-2026-09-23,Arizona Diamondbacks vs. Colorado Rockies,Colorado Rockies,0.4,40.29,16.12,137,skipped,their trade is only 16 USD,,
2026-09-23 23:57:56,1790200676673,0xcd84d7f9262516865553555751609fb6f52abec6,Donkey14,BUY,mlb-ari-col-2026-09-23,Arizona Diamondbacks vs. Colorado Rockies,Colorado Rockies,0.4,11.07,4.43,128,skipped,their trade is only 4 USD,,
2026-09-23 23:57:56,1790200676673,0xcd84d7f9262516865553555751609fb6f52abec6,Donkey14,BUY,mlb-ari-col-2026-09-23,Arizona Diamondbacks vs. Colorado Rockies,Colorado Rockies,0.4,40.29,16.12,128,skipped,their trade is only 16 USD,,
2026-09-23 23:57:56,1790200676673,0xcd84d7f9262516865553555751609fb6f52abec6,Donkey14,BUY,mlb-ari-col-2026-09-23,Arizona Diamondbacks vs. Colorado Rockies,Colorado Rockies,0.4,41.29,16.52,106,skipped,their trade is only 17 USD,,
2026-09-23 23:57:56,1790200676674,0xcd84d7f9262516865553555751609fb6f52abec6,Donkey14,BUY,mlb-ari-col-2026-09-23,Arizona Diamondbacks vs. Colorado Rockies,Colorado Rockies,0.4,1202.65,481.06,95,skipped,max open copies reached,,
2026-09-23 23:57:59,1790200679388,0x3dfb153c197d4c19d3b31c1ecd2c7b6860eeabaf,0x3DFb153c197D4C19D3B31c1ecD2c7B6860eeabAf-1722957908185,BUY,cfb-hawaii-wyom-2026-09-26-spread-away-2pt5,Spread: Hawai'i (-2.5),Wyoming,0.47,198.48,93.29,352,skipped,already copied this position,,
2026-09-24 00:03:32,1790201012304,0xcd84d7f9262516865553555751609fb6f52abec6,Donkey14,BUY,mlb-ari-col-2026-09-23,Arizona Diamondbacks vs. Colorado Rockies,Colorado Rockies,0.4,334.4,133.76,423,skipped,max open copies reached,,
2026-09-24 00:03:32,1790201012305,0xcd84d7f9262516865553555751609fb6f52abec6,Donkey14,BUY,mlb-nym-tex-2026-09-23,New York Mets vs. Texas Rangers,Texas Rangers,0.5,50.0,25.0,411,skipped,their trade is only 25 USD,,
2026-09-24 00:03:32,1790201012305,0xcd84d7f9262516865553555751609fb6f52abec6,Donkey14,BUY,mlb-ari-col-2026-09-23,Arizona Diamondbacks vs. Colorado Rockies,Colorado Rockies,0.4,40.29,16.12,407,skipped,their trade is only 16 USD,,
2026-09-24 00:03:32,1790201012305,0xcd84d7f9262516865553555751609fb6f52abec6,Donkey14,BUY,mlb-ari-col-2026-09-23,Arizona Diamondbacks vs. Colorado Rockies,Colorado Rockies,0.4,7.05,2.82,404,skipped,their trade is only 3 USD,,
2026-09-24 00:03:32,1790201012305,0xcd84d7f9262516865553555751609fb6f52abec6,Donkey14,BUY,mlb-stl-pit-2026-09-23,St. Louis Cardinals vs. Pittsburgh Pirates,St. Louis Cardinals,0.4300000082,43.859648,18.86,390,skipped,their trade is only 19 USD,,
2026-09-24 00:03:32,1790201012306,0xcd84d7f9262516865553555751609fb6f52abec6,Donkey14,BUY,mlb-ari-col-2026-09-23,Arizona Diamondbacks vs. Colorado Rockies,Colorado Rockies,0.4,50.36,20.14,381,skipped,their trade is only 20 USD,,
2026-09-24 00:03:32,1790201012306,0xcd84d7f9262516865553555751609fb6f52abec6,Donkey14,BUY,mlb-cin-atl-2026-09-23-spread-home-1pt5,Spread: Atlanta Braves (-1.5),Cincinnati Reds,0.49,1443.0,707.07,356,skipped,max open copies reached,,
2026-09-24 00:03:32,1790201012306,0xcd84d7f9262516865553555751609fb6f52abec6,Donkey14,BUY,mlb-ari-col-2026-09-23,Arizona Diamondbacks vs. Colorado Rockies,Colorado Rockies,0.4,159.14,63.66,347,skipped,max open copies reached,,
2026-09-24 00:03:32,1790201012306,0xcd84d7f9262516865553555751609fb6f52abec6,Donkey14,BUY,mlb-ari-col-2026-09-23,Arizona Diamondbacks vs. Colorado Rockies,Colorado Rockies,0.4,8.05,3.22,344,skipped,their trade is only 3 USD,,
2026-09-24 00:03:32,1790201012306,0xcd84d7f9262516865553555751609fb6f52abec6,Donkey14,BUY,mlb-ari-col-2026-09-23,Arizona Diamondbacks vs. Colorado Rockies,Colorado Rockies,0.4,24.17,9.67,327,skipped,their trade is only 10 USD,,
2026-09-24 00:03:32,1790201012307,0xcd84d7f9262516865553555751609fb6f52abec6,Donkey14,BUY,mlb-ari-col-2026-09-23,Arizona Diamondbacks vs. Colorado Rockies,Colorado Rockies,0.4,128.92,51.57,317,skipped,max open copies reached,,
2026-09-24 00:03:32,1790201012307,0xcd84d7f9262516865553555751609fb6f52abec6,Donkey14,BUY,mlb-ari-col-2026-09-23,Arizona Diamondbacks vs. Colorado Rockies,Colorado Rockies,0.4,24.17,9.67,302,skipped,their trade is only 10 USD,,
2026-09-24 00:03:32,1790201012307,0xcd84d7f9262516865553555751609fb6f52abec6,Donkey14,BUY,mlb-ari-col-2026-09-23,Arizona Diamondbacks vs. Colorado Rockies,Colorado Rockies,0.4,3.02,1.21,279,skipped,their trade is only 1 USD,,
2026-09-24 00:03:32,1790201012307,0xcd84d7f9262516865553555751609fb6f52abec6,Donkey14,BUY,mlb-ari-col-2026-09-23,Arizona Diamondbacks vs. Colorado Rockies,Colorado Rockies,0.4,5.03,2.01,276,skipped,their trade is only 2 USD,,
2026-09-24 00:03:32,1790201012307,0xcd84d7f9262516865553555751609fb6f52abec6,Donkey14,BUY,mlb-cin-atl-2026-09-23-spread-home-1pt5,Spread: Atlanta Braves (-1.5),Cincinnati Reds,0.49,21.0,10.29,258,skipped,their trade is only 10 USD,,
2026-09-24 00:03:32,1790201012307,0xcd84d7f9262516865553555751609fb6f52abec6,Donkey14,BUY,mlb-cin-atl-2026-09-23-spread-home-1pt5,Spread: Atlanta Braves (-1.5),Cincinnati Reds,0.49,185.0,90.65,249,skipped,max open copies reached,,
2026-09-24 00:03:32,1790201012308,0xcd84d7f9262516865553555751609fb6f52abec6,Donkey14,BUY,mlb-ari-col-2026-09-23,Arizona Diamondbacks vs. Colorado Rockies,Colorado Rockies,0.4,13.09,5.24,216,skipped,their trade is only 5 USD,,
2026-09-24 00:03:32,1790201012308,0xcd84d7f9262516865553555751609fb6f52abec6,Donkey14,BUY,mlb-ari-col-2026-09-23,Arizona Diamondbacks vs. Colorado Rockies,Colorado Rockies,0.4,79.57,31.83,204,skipped,their trade is only 32 USD,,
2026-09-24 00:03:32,1790201012308,0xcd84d7f9262516865553555751609fb6f52abec6,Donkey14,BUY,mlb-ari-col-2026-09-23-spread-away-1pt5,Spread: Arizona Diamondbacks (-1.5),Colorado Rockies,0.5,9.06,4.53,197,skipped,their trade is only 5 USD,,
2026-09-24 00:03:32,1790201012308,0xcd84d7f9262516865553555751609fb6f52abec6,Donkey14,BUY,mlb-ari-col-2026-09-23,Arizona Diamondbacks vs. Colorado Rockies,Colorado Rockies,0.4,8.05,3.22,188,skipped,their trade is only 3 USD,,
2026-09-24 00:03:32,1790201012308,0xcd84d7f9262516865553555751609fb6f52abec6,Donkey14,BUY,mlb-ari-col-2026-09-23,Arizona Diamondbacks vs. Colorado Rockies,Colorado Rockies,0.4,81.58,32.63,156,skipped,their trade is only 33 USD,,
2026-09-24 00:03:32,1790201012308,0xcd84d7f9262516865553555751609fb6f52abec6,Donkey14,BUY,mlb-ari-col-2026-09-23,Arizona Diamondbacks vs. Colorado Rockies,Colorado Rockies,0.4,32.23,12.89,137,skipped,their trade is only 13 USD,,
2026-09-24 00:03:32,1790201012309,0xcd84d7f9262516865553555751609fb6f52abec6,Donkey14,BUY,mlb-cin-atl-2026-09-23-spread-home-1pt5,Spread: Atlanta Braves (-1.5),Cincinnati Reds,0.49,38.0,18.62,137,skipped,their trade is only 19 USD,,
2026-09-24 00:03:32,1790201012309,0xcd84d7f9262516865553555751609fb6f52abec6,Donkey14,BUY,mlb-mia-chc-2026-09-23-spread-home-1pt5,Spread: Chicago Cubs (-1.5),Miami Marlins,0.58,9364.29,5431.29,125,skipped,max open copies reached,,
2026-09-24 00:03:32,1790201012309,0xcd84d7f9262516865553555751609fb6f52abec6,Donkey14,BUY,mlb-ari-col-2026-09-23,Arizona Diamondbacks vs. Colorado Rockies,Colorado Rockies,0.4,32.23,12.89,123,skipped,their trade is only 13 USD,,
2026-09-24 00:03:34,1790201014956,0x27f738fe203827445690339104aae35b20bc44b0,ic4cream,BUY,atp-sweeny-daniel-2026-09-24,Hangzhou Open: Dane Sweeny vs Taro Daniel,Dane Sweeny,0.4,1110.0,444.0,87,skipped,wallet no longer passes the gate,,
2026-09-24 00:09:31,1790201371030,0x3dfb153c197d4c19d3b31c1ecd2c7b6860eeabaf,0x3DFb153c197D4C19D3B31c1ecD2c7B6860eeabAf-1722957908185,BUY,nfl-nyj-det-2026-09-27-spread-home-6pt5,Spread: Lions (-6.5),Jets,0.49,14.1,6.91,360,skipped,their trade is only 7 USD,,
2026-09-24 00:09:32,1790201372345,0xcd84d7f9262516865553555751609fb6f52abec6,Donkey14,BUY,mlb-cin-atl-2026-09-23-spread-home-1pt5,Spread: Atlanta Braves (-1.5),Cincinnati Reds,0.49,19.0,9.31,471,skipped,their trade is only 9 USD,,
2026-09-24 00:09:32,1790201372346,0xcd84d7f9262516865553555751609fb6f52abec6,Donkey14,BUY,mlb-cws-kc-2026-09-23-spread-away-1pt5,Spread: Chicago White Sox (-1.5),Chicago White Sox,0.4,6325.736667,2530.29,459,skipped,max open copies reached,,
2026-09-24 00:09:32,1790201372346,0xcd84d7f9262516865553555751609fb6f52abec6,Donkey14,BUY,mlb-mia-chc-2026-09-23-spread-home-1pt5,Spread: Chicago Cubs (-1.5),Miami Marlins,0.58,2.63,1.53,459,skipped,their trade is only 2 USD,,
2026-09-24 00:09:32,1790201372346,0xcd84d7f9262516865553555751609fb6f52abec6,Donkey14,BUY,mlb-cws-kc-2026-09-23-spread-away-1pt5,Spread: Chicago White Sox (-1.5),Chicago White Sox,0.4,1.83,0.73,420,skipped,their trade is only 1 USD,,
2026-09-24 00:09:32,1790201372346,0xcd84d7f9262516865553555751609fb6f52abec6,Donkey14,BUY,mlb-cws-kc-2026-09-23-spread-away-1pt5,Spread: Chicago White Sox (-1.5),Chicago White Sox,0.40000003,6.666667,2.67,384,skipped,their trade is only 3 USD,,
2026-09-24 00:09:32,1790201372347,0xcd84d7f9262516865553555751609fb6f52abec6,Donkey14,BUY,mlb-mia-chc-2026-09-23-spread-home-1pt5,Spread: Chicago Cubs (-1.5),Miami Marlins,0.58,27.0,15.66,374,skipped,their trade is only 16 USD,,
2026-09-24 00:09:32,1790201372347,0xcd84d7f9262516865553555751609fb6f52abec6,Donkey14,BUY,mlb-tor-bal-2026-09-23,Toronto Blue Jays vs. Baltimore Orioles,Toronto Blue Jays,0.4700000046,73.660378,34.62,359,skipped,their trade is only 35 USD,,
2026-09-24 00:09:32,1790201372347,0xcd84d7f9262516865553555751609fb6f52abec6,Donkey14,BUY,mlb-ari-col-2026-09-23,Arizona Diamondbacks vs. Colorado Rockies,Colorado Rockies,0.4,79.57,31.83,345,skipped,their trade is only 32 USD,,
2026-09-24 00:09:32,1790201372347,0xcd84d7f9262516865553555751609fb6f52abec6,Donkey14,BUY,mlb-cws-kc-2026-09-23,Chicago White Sox vs. Kansas City Royals,Kansas City Royals,0.470000001,71.283019,33.5,345,skipped,their trade is only 34 USD,,
2026-09-24 00:09:32,1790201372347,0xcd84d7f9262516865553555751609fb6f52abec6,Donkey14,BUY,mlb-ari-col-2026-09-23,Arizona Diamondbacks vs. Colorado Rockies,Colorado Rockies,0.4,195.4,78.16,321,skipped,max open copies reached,,
2026-09-24 00:09:32,1790201372348,0xcd84d7f9262516865553555751609fb6f52abec6,Donkey14,BUY,mlb-cin-atl-2026-09-23-spread-home-1pt5,Spread: Atlanta Braves (-1.5),Cincinnati Reds,0.49,9368.63,4590.63,299,skipped,max open copies reached,,
2026-09-24 00:09:32,1790201372348,0xcd84d7f9262516865553555751609fb6f52abec6,Donkey14,BUY,mlb-mia-chc-2026-09-23-spread-home-1pt5,Spread: Chicago Cubs (-1.5),Miami Marlins,0.58,22.16,12.85,261,skipped,their trade is only 13 USD,,
2026-09-24 00:09:32,1790201372348,0xcd84d7f9262516865553555751609fb6f52abec6,Donkey14,BUY,mlb-stl-pit-2026-09-23,St. Louis Cardinals vs. Pittsburgh Pirates,St. Louis Cardinals,0.4300000114,35.08772,15.09,258,skipped,their trade is only 15 USD,,
2026-09-24 00:09:32,1790201372348,0xcd84d7f9262516865553555751609fb6f52abec6,Donkey14,BUY,mlb-ari-col-2026-09-23,Arizona Diamondbacks vs. Colorado Rockies,Colorado Rockies,0.4,32.23,12.89,242,skipped,their trade is only 13 USD,,
2026-09-24 00:09:32,1790201372349,0xcd84d7f9262516865553555751609fb6f52abec6,Donkey14,BUY,mlb-cws-kc-2026-09-23-spread-away-1pt5,Spread: Chicago White Sox (-1.5),Chicago White Sox,0.4,82.0,32.8,227,skipped,their trade is only 33 USD,,
2026-09-24 00:09:32,1790201372349,0xcd84d7f9262516865553555751609fb6f52abec6,Donkey14,BUY,mlb-cin-atl-2026-09-23,Cincinnati Reds vs. Atlanta Braves,Atlanta Braves,0.71,40.36,28.66,207,skipped,their trade is only 29 USD,,
2026-09-24 00:09:32,1790201372349,0xcd84d7f9262516865553555751609fb6f52abec6,Donkey14,BUY,mlb-ari-col-2026-09-23,Arizona Diamondbacks vs. Colorado Rockies,Colorado Rockies,0.4,16.11,6.44,168,skipped,their trade is only 6 USD,,
2026-09-24 00:15:32,1790201732329,0xcd84d7f9262516865553555751609fb6f52abec6,Donkey14,BUY,mlb-ari-col-2026-09-23-spread-away-1pt5,Spread: Arizona Diamondbacks (-1.5),Colorado Rockies,0.5,19.14,9.57,498,skipped,their trade is only 10 USD,,
2026-09-24 00:15:32,1790201732330,0xcd84d7f9262516865553555751609fb6f52abec6,Donkey14,BUY,mlb-ari-col-2026-09-23-spread-away-1pt5,Spread: Arizona Diamondbacks (-1.5),Colorado Rockies,0.5,194.45,97.22,482,skipped,max open copies reached,,
2026-09-24 00:15:32,1790201732330,0xcd84d7f9262516865553555751609fb6f52abec6,Donkey14,BUY,mlb-ari-col-2026-09-23,Arizona Diamondbacks vs. Colorado Rockies,Colorado Rockies,0.4,48.34,19.34,471,skipped,their trade is only 19 USD,,
2026-09-24 00:15:32,1790201732330,0xcd84d7f9262516865553555751609fb6f52abec6,Donkey14,BUY,mlb-cin-atl-2026-09-23-spread-home-1pt5,Spread: Atlanta Braves (-1.5),Cincinnati Reds,0.49,43.0,21.07,468,skipped,their trade is only 21 USD,,
2026-09-24 00:15:32,1790201732330,0xcd84d7f9262516865553555751609fb6f52abec6,Donkey14,BUY,mlb-cin-atl-2026-09-23-spread-home-1pt5,Spread: Atlanta Braves (-1.5),Cincinnati Reds,0.49,20.0,9.8,423,skipped,their trade is only 10 USD,,
2026-09-24 00:15:32,1790201732331,0xcd84d7f9262516865553555751609fb6f52abec6,Donkey14,BUY,mlb-ari-col-2026-09-23-spread-away-1pt5,Spread: Arizona Diamondbacks (-1.5),Colorado Rockies,0.5,75.56,37.78,416,skipped,their trade is only 38 USD,,
2026-09-24 00:15:32,1790201732331,0xcd84d7f9262516865553555751609fb6f52abec6,Donkey14,BUY,mlb-tor-bal-2026-09-23-spread-home-1pt5,Spread: Baltimore Orioles (-1.5),Baltimore Orioles,0.3400000158,15.151514,5.15,389,skipped,their trade is only 5 USD,,
2026-09-24 00:15:32,1790201732331,0xcd84d7f9262516865553555751609fb6f52abec6,Donkey14,BUY,mlb-ari-col-2026-09-23,Arizona Diamondbacks vs. Colorado Rockies,Colorado Rockies,0.4,32.23,12.89,378,skipped,their trade is only 13 USD,,
2026-09-24 00:15:32,1790201732331,0xcd84d7f9262516865553555751609fb6f52abec6,Donkey14,BUY,mlb-mia-chc-2026-09-23-spread-home-1pt5,Spread: Chicago Cubs (-1.5),Miami Marlins,0.58,57.41,33.3,353,skipped,their trade is only 33 USD,,
2026-09-24 00:15:32,1790201732332,0xcd84d7f9262516865553555751609fb6f52abec6,Donkey14,BUY,mlb-mia-chc-2026-09-23-spread-home-1pt5,Spread: Chicago Cubs (-1.5),Miami Marlins,0.58,163.19,94.65,348,skipped,max open copies reached,,
2026-09-24 00:15:32,1790201732332,0xcd84d7f9262516865553555751609fb6f52abec6,Donkey14,BUY,mlb-ari-col-2026-09-23-spread-away-1pt5,Spread: Arizona Diamondbacks (-1.5),Colorado Rockies,0.5,62.46,31.23,338,skipped,their trade is only 31 USD,,
2026-09-24 00:15:32,1790201732332,0xcd84d7f9262516865553555751609fb6f52abec6,Donkey14,BUY,mlb-ari-col-2026-09-23-spread-away-1pt5,Spread: Arizona Diamondbacks (-1.5),Colorado Rockies,0.5,2015.11,1007.55,327,skipped,max open copies reached,,
2026-09-24 00:15:32,1790201732332,0xcd84d7f9262516865553555751609fb6f52abec6,Donkey14,BUY,mlb-mia-chc-2026-09-23-spread-home-1pt5,Spread: Chicago Cubs (-1.5),Miami Marlins,0.58,145.0,84.1,314,skipped,max open copies reached,,
2026-09-24 00:15:32,1790201732332,0xcd84d7f9262516865553555751609fb6f52abec6,Donkey14,BUY,mlb-ari-col-2026-09-23,Arizona Diamondbacks vs. Colorado Rockies,Colorado Rockies,0.4,105.76,42.3,306,skipped,their trade is only 42 USD,,
2026-09-24 00:15:32,1790201732332,0xcd84d7f9262516865553555751609fb6f52abec6,Donkey14,BUY,mlb-ari-col-2026-09-23,Arizona Diamondbacks vs. Colorado Rockies,Colorado Rockies,0.4,81.58,32.63,305,skipped,their trade is only 33 USD,,
2026-09-24 00:15:32,1790201732333,0xcd84d7f9262516865553555751609fb6f52abec6,Donkey14,BUY,mlb-mia-chc-2026-09-23-spread-home-1pt5,Spread: Chicago Cubs (-1.5),Miami Marlins,0.58,34.25,19.86,303,skipped,their trade is only 20 USD,,
2026-09-24 00:15:32,1790201732333,0xcd84d7f9262516865553555751609fb6f52abec6,Donkey14,BUY,mlb-ari-col-2026-09-23-spread-away-1pt5,Spread: Arizona Diamondbacks (-1.5),Colorado Rockies,0.5,9.06,4.53,300,skipped,their trade is only 5 USD,,
2026-09-24 00:15:32,1790201732333,0xcd84d7f9262516865553555751609fb6f52abec6,Donkey14,BUY,mlb-cin-atl-2026-09-23-spread-home-1pt5,Spread: Atlanta Braves (-1.5),Cincinnati Reds,0.49,97.0,47.53,294,skipped,their trade is only 48 USD,,
2026-09-24 00:15:32,1790201732333,0xcd84d7f9262516865553555751609fb6f52abec6,Donkey14,BUY,mlb-ari-col-2026-09-23,Arizona Diamondbacks vs. Colorado Rockies,Colorado Rockies,0.4,24.17,9.67,282,skipped,their trade is only 10 USD,,
2026-09-24 00:15:32,1790201732333,0xcd84d7f9262516865553555751609fb6f52abec6,Donkey14,BUY,mlb-mia-chc-2026-09-23-spread-home-1pt5,Spread: Chicago Cubs (-1.5),Miami Marlins,0.58,58.0,33.64,258,skipped,their trade is only 34 USD,,
2026-09-24 00:15:32,1790201732334,0xcd84d7f9262516865553555751609fb6f52abec6,Donkey14,BUY,mlb-cin-atl-2026-09-23-spread-home-1pt5,Spread: Atlanta Braves (-1.5),Cincinnati Reds,0.49,19.0,9.31,258,skipped,their trade is only 9 USD,,
2026-09-24 00:15:32,1790201732334,0xcd84d7f9262516865553555751609fb6f52abec6,Donkey14,BUY,mlb-mia-chc-2026-09-23-spread-home-1pt5,Spread: Chicago Cubs (-1.5),Miami Marlins,0.58,921.73,534.6,252,skipped,max open copies reached,,
2026-09-24 00:15:32,1790201732334,0xcd84d7f9262516865553555751609fb6f52abec6,Donkey14,BUY,mlb-ari-col-2026-09-23,Arizona Diamondbacks vs. Colorado Rockies,Colorado Rockies,0.4,64.46,25.78,246,skipped,their trade is only 26 USD,,
2026-09-24 00:15:32,1790201732334,0xcd84d7f9262516865553555751609fb6f52abec6,Donkey14,BUY,mlb-cws-kc-2026-09-23-spread-away-1pt5,Spread: Chicago White Sox (-1.5),Chicago White Sox,0.4,8.0,3.2,234,skipped,their trade is only 3 USD,,
2026-09-24 00:15:32,1790201732334,0xcd84d7f9262516865553555751609fb6f52abec6,Donkey14,BUY,mlb-cws-kc-2026-09-23-spread-away-1pt5,Spread: Chicago White Sox (-1.5),Chicago White Sox,0.4,25.0,10.0,234,skipped,their trade is only 10 USD,,
2026-09-24 00:15:32,1790201732334,0xcd84d7f9262516865553555751609fb6f52abec6,Donkey14,BUY,mlb-cin-atl-2026-09-23-spread-home-1pt5,Spread: Atlanta Braves (-1.5),Cincinnati Reds,0.49,9.0,4.41,231,skipped,their trade is only 4 USD,,
2026-09-24 00:15:32,1790201732335,0xcd84d7f9262516865553555751609fb6f52abec6,Donkey14,BUY,mlb-mia-chc-2026-09-23-spread-home-1pt5,Spread: Chicago Cubs (-1.5),Miami Marlins,0.58,57.41,33.3,227,skipped,their trade is only 33 USD,,
2026-09-24 00:15:32,1790201732335,0xcd84d7f9262516865553555751609fb6f52abec6,Donkey14,BUY,mlb-stl-pit-2026-09-23,St. Louis Cardinals vs. Pittsburgh Pirates,St. Louis Cardinals,0.4300000114,35.08772,15.09,219,skipped,their trade is only 15 USD,,
2026-09-24 00:15:32,1790201732335,0xcd84d7f9262516865553555751609fb6f52abec6,Donkey14,BUY,mlb-cin-atl-2026-09-23-spread-home-1pt5,Spread: Atlanta Braves (-1.5),Cincinnati Reds,0.49,97.0,47.53,219,skipped,their trade is only 48 USD,,
2026-09-24 00:15:32,1790201732335,0xcd84d7f9262516865553555751609fb6f52abec6,Donkey14,BUY,mlb-cle-bos-2026-09-23,Cleveland Guardians vs. Boston Red Sox,Cleveland Guardians,0.440000028,14.285715,6.29,218,skipped,their trade is only 6 USD,,
2026-09-24 00:15:35,1790201735012,0x27f738fe203827445690339104aae35b20bc44b0,ic4cream,BUY,wnba-dal-sea-2026-09-23,Dallas Wings vs. Seattle Storm,Seattle Storm,0.22,1.28205,0.28,216,skipped,wallet no longer passes the gate,,
2026-09-24 00:15:35,1790201735012,0x27f738fe203827445690339104aae35b20bc44b0,ic4cream,BUY,wnba-dal-sea-2026-09-23,Dallas Wings vs. Seattle Storm,Seattle Storm,0.2200000091,15.384613,3.38,209,skipped,wallet no longer passes the gate,,
2026-09-24 00:15:35,1790201735012,0x27f738fe203827445690339104aae35b20bc44b0,ic4cream,BUY,wnba-dal-sea-2026-09-23-total-173pt5,Dallas Wings vs. Seattle Storm: O/U 173.5,Over,0.4900000051,11.764706,5.76,77,skipped,wallet no longer passes the gate,,
2026-09-24 00:15:35,1790201735012,0x27f738fe203827445690339104aae35b20bc44b0,ic4cream,BUY,mlb-stl-pit-2026-09-23-total-7pt5,St. Louis Cardinals vs. Pittsburgh Pirates: O/U 7.5,Under,0.5200000384,4.166667,2.17,69,skipped,wallet no longer passes the gate,,
2026-09-24 00:21:32,1790202092283,0xcd84d7f9262516865553555751609fb6f52abec6,Donkey14,BUY,mlb-cin-atl-2026-09-23-spread-home-1pt5,Spread: Atlanta Braves (-1.5),Cincinnati Reds,0.49,6504.0,3186.96,524,skipped,max open copies reached,,
2026-09-24 00:21:32,1790202092283,0xcd84d7f9262516865553555751609fb6f52abec6,Donkey14,BUY,mlb-cin-atl-2026-09-23-spread-home-1pt5,Spread: Atlanta Braves (-1.5),Cincinnati Reds,0.49,9423.53,4617.53,524,skipped,max open copies reached,,
2026-09-24 00:21:32,1790202092283,0xcd84d7f9262516865553555751609fb6f52abec6,Donkey14,BUY,mlb-cin-atl-2026-09-23-spread-home-1pt5,Spread: Atlanta Braves (-1.5),Cincinnati Reds,0.49,6976.666667,3418.57,521,skipped,max open copies reached,,
2026-09-24 00:21:32,1790202092283,0xcd84d7f9262516865553555751609fb6f52abec6,Donkey14,BUY,mlb-cin-atl-2026-09-23-spread-home-1pt5,Spread: Atlanta Braves (-1.5),Cincinnati Reds,0.49,185.0,90.65,518,skipped,max open copies reached,,
2026-09-24 00:21:32,1790202092284,0xcd84d7f9262516865553555751609fb6f52abec6,Donkey14,BUY,mlb-cin-atl-2026-09-23-spread-home-1pt5,Spread: Atlanta Braves (-1.5),Cincinnati Reds,0.49,33.0,16.17,504,skipped,their trade is only 16 USD,,
2026-09-24 00:21:32,1790202092284,0xcd84d7f9262516865553555751609fb6f52abec6,Donkey14,BUY,mlb-ari-col-2026-09-23,Arizona Diamondbacks vs. Colorado Rockies,Colorado Rockies,0.4,50.36,20.14,503,skipped,their trade is only 20 USD,,
2026-09-24 00:21:32,1790202092284,0xcd84d7f9262516865553555751609fb6f52abec6,Donkey14,BUY,mlb-ari-col-2026-09-23,Arizona Diamondbacks vs. Colorado Rockies,Colorado Rockies,0.4,81.58,32.63,503,skipped,their trade is only 33 USD,,
2026-09-24 00:21:32,1790202092284,0xcd84d7f9262516865553555751609fb6f52abec6,Donkey14,BUY,mlb-cin-atl-2026-09-23-spread-home-1pt5,Spread: Atlanta Braves (-1.5),Cincinnati Reds,0.49,924.0,452.76,503,skipped,max open copies reached,,
2026-09-24 00:21:32,1790202092284,0xcd84d7f9262516865553555751609fb6f52abec6,Donkey14,BUY,mlb-cws-kc-2026-09-23-spread-away-1pt5,Spread: Chicago White Sox (-1.5),Chicago White Sox,0.4000000006,333.333332,133.33,492,skipped,max open copies reached,,
2026-09-24 00:21:32,1790202092285,0xcd84d7f9262516865553555751609fb6f52abec6,Donkey14,BUY,mlb-mia-chc-2026-09-23-spread-home-1pt5,Spread: Chicago Cubs (-1.5),Miami Marlins,0.58,161.17,93.48,485,skipped,max open copies reached,,
2026-09-24 00:21:32,1790202092285,0xcd84d7f9262516865553555751609fb6f52abec6,Donkey14,BUY,mlb-ari-col-2026-09-23,Arizona Diamondbacks vs. Colorado Rockies,Colorado Rockies,0.4,129.93,51.97,479,skipped,max open copies reached,,
2026-09-24 00:21:32,1790202092285,0xcd84d7f9262516865553555751609fb6f52abec6,Donkey14,BUY,mlb-cin-atl-2026-09-23-spread-home-1pt5,Spread: Atlanta Braves (-1.5),Cincinnati Reds,0.49,41.5,20.34,471,skipped,their trade is only 20 USD,,
2026-09-24 00:21:32,1790202092285,0xcd84d7f9262516865553555751609fb6f52abec6,Donkey14,BUY,mlb-cws-kc-2026-09-23-spread-away-1pt5,Spread: Chicago White Sox (-1.5),Chicago White Sox,0.4,95.0,38.0,413,skipped,their trade is only 38 USD,,
2026-09-24 00:21:32,1790202092285,0xcd84d7f9262516865553555751609fb6f52abec6,Donkey14,BUY,mlb-cws-kc-2026-09-23-spread-away-1pt5,Spread: Chicago White Sox (-1.5),Chicago White Sox,0.4,91.0,36.4,413,skipped,their trade is only 36 USD,,
2026-09-24 00:21:32,1790202092286,0xcd84d7f9262516865553555751609fb6f52abec6,Donkey14,BUY,mlb-ari-col-2026-09-23-spread-away-1pt5,Spread: Arizona Diamondbacks (-1.5),Colorado Rockies,0.5,42.31,21.16,408,skipped,their trade is only 21 USD,,
2026-09-24 00:21:32,1790202092286,0xcd84d7f9262516865553555751609fb6f52abec6,Donkey14,BUY,mlb-ari-col-2026-09-23,Arizona Diamondbacks vs. Colorado Rockies,Colorado Rockies,0.4,1203.66,481.46,392,skipped,max open copies reached,,
2026-09-24 00:21:32,1790202092286,0xcd84d7f9262516865553555751609fb6f52abec6,Donkey14,BUY,mlb-cin-atl-2026-09-23,Cincinnati Reds vs. Atlanta Braves,Atlanta Braves,0.7100000194,11.827587,8.4,380,skipped,their trade is only 8 USD,,
2026-09-24 00:21:32,1790202092286,0xcd84d7f9262516865553555751609fb6f52abec6,Donkey14,BUY,mlb-cws-kc-2026-09-23-spread-away-1pt5,Spread: Chicago White Sox (-1.5),Chicago White Sox,0.4,1710.0,684.0,377,skipped,max open copies reached,,
2026-09-24 00:21:32,1790202092286,0xcd84d7f9262516865553555751609fb6f52abec6,Donkey14,BUY,mlb-ari-col-2026-09-23,Arizona Diamondbacks vs. Colorado Rockies,Colorado Rockies,0.4000000006,333.333332,133.33,372,skipped,max open copies reached,,
2026-09-24 00:21:32,1790202092287,0xcd84d7f9262516865553555751609fb6f52abec6,Donkey14,BUY,mlb-stl-pit-2026-09-23,St. Louis Cardinals vs. Pittsburgh Pirates,St. Louis Cardinals,0.4300000008,482.456141,207.46,354,skipped,max open copies reached,,
2026-09-24 00:21:32,1790202092287,0xcd84d7f9262516865553555751609fb6f52abec6,Donkey14,BUY,mlb-mia-chc-2026-09-23-spread-home-1pt5,Spread: Chicago Cubs (-1.5),Miami Marlins,0.58,50.36,29.21,330,skipped,their trade is only 29 USD,,
2026-09-24 00:21:32,1790202092287,0xcd84d7f9262516865553555751609fb6f52abec6,Donkey14,BUY,mlb-mia-chc-2026-09-23-spread-home-1pt5,Spread: Chicago Cubs (-1.5),Miami Marlins,0.58,299.18,173.52,315,skipped,max open copies reached,,
2026-09-24 00:21:32,1790202092287,0xcd84d7f9262516865553555751609fb6f52abec6,Donkey14,BUY,mlb-ari-col-2026-09-23,Arizona Diamondbacks vs. Colorado Rockies,Colorado Rockies,0.4,3.02,1.21,300,skipped,their trade is only 1 USD,,
2026-09-24 00:21:32,1790202092288,0xcd84d7f9262516865553555751609fb6f52abec6,Donkey14,BUY,mlb-mia-chc-2026-09-23-spread-home-1pt5,Spread: Chicago Cubs (-1.5),Miami Marlins,0.58,201.47,116.85,296,skipped,max open copies reached,,
2026-09-24 00:21:32,1790202092288,0xcd84d7f9262516865553555751609fb6f52abec6,Donkey14,BUY,mlb-mia-chc-2026-09-23-spread-home-1pt5,Spread: Chicago Cubs (-1.5),Miami Marlins,0.58,229.67,133.21,296,skipped,max open copies reached,,
2026-09-24 00:21:32,1790202092288,0xcd84d7f9262516865553555751609fb6f52abec6,Donkey14,BUY,mlb-mia-chc-2026-09-23-spread-home-1pt5,Spread: Chicago Cubs (-1.5),Miami Marlins,0.58,22.16,12.85,275,skipped,their trade is only 13 USD,,
2026-09-24 00:21:32,1790202092288,0xcd84d7f9262516865553555751609fb6f52abec6,Donkey14,BUY,mlb-mia-chc-2026-09-23-spread-home-1pt5,Spread: Chicago Cubs (-1.5),Miami Marlins,0.58,68.5,39.73,272,skipped,their trade is only 40 USD,,
2026-09-24 00:21:32,1790202092288,0xcd84d7f9262516865553555751609fb6f52abec6,Donkey14,BUY,mlb-cin-atl-2026-09-23,Cincinnati Reds vs. Atlanta Braves,Atlanta Braves,0.7100000116,17.24138,12.24,270,skipped,their trade is only 12 USD,,
2026-09-24 00:21:32,1790202092288,0xcd84d7f9262516865553555751609fb6f52abec6,Donkey14,BUY,mlb-stl-pit-2026-09-23,St. Louis Cardinals vs. Pittsburgh Pirates,Pittsburgh Pirates,0.56,17042.07,9543.56,264,skipped,max open copies reached,,
2026-09-24 00:21:32,1790202092289,0xcd84d7f9262516865553555751609fb6f52abec6,Donkey14,BUY,mlb-ari-col-2026-09-23,Arizona Diamondbacks vs. Colorado Rockies,Colorado Rockies,0.4,40.29,16.12,252,skipped,their trade is only 16 USD,,
2026-09-24 00:21:34,1790202094986,0x27f738fe203827445690339104aae35b20bc44b0,ic4cream,BUY,wnba-dal-sea-2026-09-23,Dallas Wings vs. Seattle Storm,Seattle Storm,0.22,6.0,1.32,341,skipped,wallet no longer passes the gate,,
2026-09-24 00:21:34,1790202094987,0x27f738fe203827445690339104aae35b20bc44b0,ic4cream,BUY,mlb-stl-pit-2026-09-23-total-7pt5,St. Louis Cardinals vs. Pittsburgh Pirates: O/U 7.5,Under,0.5200000015,104.166667,54.17,282,skipped,wallet no longer passes the gate,,
2026-09-24 00:21:34,1790202094987,0x27f738fe203827445690339104aae35b20bc44b0,ic4cream,BUY,wnba-dal-sea-2026-09-23,Dallas Wings vs. Seattle Storm,Seattle Storm,0.22,30.0,6.6,50,skipped,wallet no longer passes the gate,,
2026-09-24 00:24:35,1790202275698,0x8c0b024c17831a0dde038547b7e791ae6a0d7aa5,THEHIGHLIFE,BUY,val-tl1-pr1-2026-09-24,Valorant: Team Liquid vs Paper Rex (BO3) - VCT Champions Group C,Paper Rex,0.55,28.19,15.5,39,skipped,wallet no longer passes the gate,,
2026-09-24 00:27:32,1790202452341,0xcd84d7f9262516865553555751609fb6f52abec6,Donkey14,BUY,mlb-ari-col-2026-09-23,Arizona Diamondbacks vs. Colorado Rockies,Colorado Rockies,0.40000006,3.333332,1.33,588,skipped,their trade is only 1 USD,,
2026-09-24 00:27:32,1790202452341,0xcd84d7f9262516865553555751609fb6f52abec6,Donkey14,BUY,mlb-ari-col-2026-09-23,Arizona Diamondbacks vs. Colorado Rockies,Colorado Rockies,0.4000000005,416.666667,166.67,570,skipped,max open copies reached,,
2026-09-24 00:27:32,1790202452341,0xcd84d7f9262516865553555751609fb6f52abec6,Donkey14,BUY,mlb-cws-kc-2026-09-23,Chicago White Sox vs. Kansas City Royals,Chicago White Sox,0.52,16636.92,8651.2,570,skipped,max open copies reached,,
2026-09-24 00:27:32,1790202452341,0xcd84d7f9262516865553555751609fb6f52abec6,Donkey14,BUY,mlb-ari-col-2026-09-23-spread-away-1pt5,Spread: Arizona Diamondbacks (-1.5),Colorado Rockies,0.5,486.64,243.32,560,skipped,max open copies reached,,
2026-09-24 00:27:32,1790202452342,0xcd84d7f9262516865553555751609fb6f52abec6,Donkey14,BUY,mlb-ari-col-2026-09-23,Arizona Diamondbacks vs. Colorado Rockies,Colorado Rockies,0.4,8.05,3.22,537,skipped,their trade is only 3 USD,,
2026-09-24 00:27:32,1790202452342,0xcd84d7f9262516865553555751609fb6f52abec6,Donkey14,BUY,mlb-ari-col-2026-09-23,Arizona Diamondbacks vs. Colorado Rockies,Colorado Rockies,0.4,40.29,16.12,522,skipped,their trade is only 16 USD,,
2026-09-24 00:27:32,1790202452342,0xcd84d7f9262516865553555751609fb6f52abec6,Donkey14,BUY,mlb-tor-bal-2026-09-23,Toronto Blue Jays vs. Baltimore Orioles,Toronto Blue Jays,0.4700000132,3.773585,1.77,506,skipped,their trade is only 2 USD,,
2026-09-24 00:27:32,1790202452342,0xcd84d7f9262516865553555751609fb6f52abec6,Donkey14,BUY,mlb-ari-col-2026-09-23,Arizona Diamondbacks vs. Colorado Rockies,Colorado Rockies,0.4,32.23,12.89,480,skipped,their trade is only 13 USD,,
2026-09-24 00:27:32,1790202452342,0xcd84d7f9262516865553555751609fb6f52abec6,Donkey14,BUY,mlb-ari-col-2026-09-23-spread-away-1pt5,Spread: Arizona Diamondbacks (-1.5),Colorado Rockies,0.5,7.05,3.52,459,skipped,their trade is only 4 USD,,
2026-09-24 00:27:32,1790202452343,0xcd84d7f9262516865553555751609fb6f52abec6,Donkey14,BUY,mlb-tor-bal-2026-09-23,Toronto Blue Jays vs. Baltimore Orioles,Toronto Blue Jays,0.4700000012,132.075472,62.08,455,skipped,max open copies reached,,
2026-09-24 00:27:32,1790202452343,0xcd84d7f9262516865553555751609fb6f52abec6,Donkey14,BUY,mlb-ari-col-2026-09-23-spread-away-1pt5,Spread: Arizona Diamondbacks (-1.5),Colorado Rockies,0.5,19.14,9.57,455,skipped,their trade is only 10 USD,,
2026-09-24 00:27:32,1790202452343,0xcd84d7f9262516865553555751609fb6f52abec6,Donkey14,BUY,mlb-stl-pit-2026-09-23,St. Louis Cardinals vs. Pittsburgh Pirates,St. Louis Cardinals,0.4300000021,122.807018,52.81,450,skipped,max open copies reached,,
2026-09-24 00:27:32,1790202452343,0xcd84d7f9262516865553555751609fb6f52abec6,Donkey14,BUY,mlb-cws-kc-2026-09-23-spread-away-1pt5,Spread: Chicago White Sox (-1.5),Chicago White Sox,0.4,164.0,65.6,440,skipped,max open copies reached,,
2026-09-24 00:27:32,1790202452343,0xcd84d7f9262516865553555751609fb6f52abec6,Donkey14,BUY,mlb-cle-bos-2026-09-23,Cleveland Guardians vs. Boston Red Sox,Cleveland Guardians,0.44,125.0,55.0,438,skipped,max open copies reached,,
2026-09-24 00:27:32,1790202452344,0xcd84d7f9262516865553555751609fb6f52abec6,Donkey14,BUY,mlb-ari-col-2026-09-23-spread-away-1pt5,Spread: Arizona Diamondbacks (-1.5),Colorado Rockies,0.5,194.45,97.22,435,skipped,max open copies reached,,
2026-09-24 00:27:32,1790202452344,0xcd84d7f9262516865553555751609fb6f52abec6,Donkey14,BUY,mlb-cws-kc-2026-09-23,Chicago White Sox vs. Kansas City Royals,Chicago White Sox,0.5200000022,145.833334,75.83,431,skipped,max open copies reached,,
2026-09-24 00:27:32,1790202452344,0xcd84d7f9262516865553555751609fb6f52abec6,Donkey14,BUY,mlb-stl-pit-2026-09-23,St. Louis Cardinals vs. Pittsburgh Pirates,Pittsburgh Pirates,0.5600000001,1098.477273,615.15,413,skipped,max open copies reached,,
2026-09-24 00:27:32,1790202452344,0xcd84d7f9262516865553555751609fb6f52abec6,Donkey14,BUY,mlb-stl-pit-2026-09-23,St. Louis Cardinals vs. Pittsburgh Pirates,Pittsburgh Pirates,0.5600000491,6.522728,3.65,392,skipped,their trade is only 4 USD,,
2026-09-24 00:27:32,1790202452344,0xcd84d7f9262516865553555751609fb6f52abec6,Donkey14,BUY,mlb-ari-col-2026-09-23,Arizona Diamondbacks vs. Colorado Rockies,Colorado Rockies,0.4,6533.03,2613.21,392,skipped,max open copies reached,,
2026-09-24 00:27:32,1790202452345,0xcd84d7f9262516865553555751609fb6f52abec6,Donkey14,BUY,mlb-cws-kc-2026-09-23,Chicago White Sox vs. Kansas City Royals,Kansas City Royals,0.47,189.0,88.83,378,skipped,max open copies reached,,
2026-09-24 00:27:32,1790202452345,0xcd84d7f9262516865553555751609fb6f52abec6,Donkey14,BUY,mlb-cws-kc-2026-09-23,Chicago White Sox vs. Kansas City Royals,Kansas City Royals,0.4700000021,179.679246,84.45,368,skipped,max open copies reached,,
2026-09-24 00:27:32,1790202452345,0xcd84d7f9262516865553555751609fb6f52abec6,Donkey14,BUY,mlb-ari-col-2026-09-23,Arizona Diamondbacks vs. Colorado Rockies,Colorado Rockies,0.4,16.11,6.44,366,skipped,their trade is only 6 USD,,
2026-09-24 00:27:32,1790202452345,0xcd84d7f9262516865553555751609fb6f52abec6,Donkey14,BUY,mlb-mia-chc-2026-09-23-spread-home-1pt5,Spread: Chicago Cubs (-1.5),Miami Marlins,0.58,18.13,10.52,359,skipped,their trade is only 11 USD,,
2026-09-24 00:27:32,1790202452345,0xcd84d7f9262516865553555751609fb6f52abec6,Donkey14,BUY,mlb-ari-col-2026-09-23-spread-away-1pt5,Spread: Arizona Diamondbacks (-1.5),Colorado Rockies,0.5,38.28,19.14,338,skipped,their trade is only 19 USD,,
2026-09-24 00:27:32,1790202452346,0xcd84d7f9262516865553555751609fb6f52abec6,Donkey14,BUY,mlb-mia-chc-2026-09-23-spread-home-1pt5,Spread: Chicago Cubs (-1.5),Miami Marlins,0.58,6.04,3.5,326,skipped,their trade is only 4 USD,,
2026-09-24 00:27:32,1790202452346,0xcd84d7f9262516865553555751609fb6f52abec6,Donkey14,BUY,mlb-ari-col-2026-09-23,Arizona Diamondbacks vs. Colorado Rockies,Colorado Rockies,0.4,16.11,6.44,315,skipped,their trade is only 6 USD,,
2026-09-24 00:27:35,1790202455042,0x27f738fe203827445690339104aae35b20bc44b0,ic4cream,BUY,mlb-stl-pit-2026-09-23-total-7pt5,St. Louis Cardinals vs. Pittsburgh Pirates: O/U 7.5,Under,0.52,611.15,317.8,47,skipped,wallet no longer passes the gate,,
2026-09-24 00:33:31,1790202811074,0x3dfb153c197d4c19d3b31c1ecd2c7b6860eeabaf,0x3DFb153c197D4C19D3B31c1ecD2c7B6860eeabAf-1722957908185,BUY,mlb-stl-pit-2026-09-23-total-6pt5,St. Louis Cardinals vs. Pittsburgh Pirates: O/U 6.5,Over,0.6,9383.21,5629.93,602,skipped,max open copies reached,,
2026-09-24 00:33:32,1790202812366,0xcd84d7f9262516865553555751609fb6f52abec6,Donkey14,BUY,mlb-cws-kc-2026-09-23-spread-away-1pt5,Spread: Chicago White Sox (-1.5),Chicago White Sox,0.4,18.0,7.2,449,skipped,their trade is only 7 USD,,
2026-09-24 00:33:32,1790202812366,0xcd84d7f9262516865553555751609fb6f52abec6,Donkey14,BUY,mlb-cws-kc-2026-09-23-spread-away-1pt5,Spread: Chicago White Sox (-1.5),Chicago White Sox,0.4,3.0,1.2,440,skipped,their trade is only 1 USD,,
2026-09-24 00:33:32,1790202812367,0xcd84d7f9262516865553555751609fb6f52abec6,Donkey14,BUY,mlb-nym-tex-2026-09-23,New York Mets vs. Texas Rangers,New York Mets,0.4900000224,19.607844,9.61,438,skipped,their trade is only 10 USD,,
2026-09-24 00:33:32,1790202812367,0xcd84d7f9262516865553555751609fb6f52abec6,Donkey14,BUY,mlb-stl-pit-2026-09-23,St. Louis Cardinals vs. Pittsburgh Pirates,St. Louis Cardinals,0.4300000017,175.438597,75.44,419,skipped,max open copies reached,,
2026-09-24 00:33:32,1790202812367,0xcd84d7f9262516865553555751609fb6f52abec6,Donkey14,BUY,mlb-nym-tex-2026-09-23,New York Mets vs. Texas Rangers,New York Mets,0.4900000224,9.803922,4.8,393,skipped,their trade is only 5 USD,,
2026-09-24 00:33:32,1790202812367,0xcd84d7f9262516865553555751609fb6f52abec6,Donkey14,BUY,mlb-tor-bal-2026-09-23,Toronto Blue Jays vs. Baltimore Orioles,Toronto Blue Jays,0.4700001537,1.886793,0.89,387,skipped,their trade is only 1 USD,,
2026-09-24 00:33:32,1790202812367,0xcd84d7f9262516865553555751609fb6f52abec6,Donkey14,BUY,mlb-stl-pit-2026-09-23,St. Louis Cardinals vs. Pittsburgh Pirates,Pittsburgh Pirates,0.5600000117,34.09091,19.09,353,skipped,their trade is only 19 USD,,
2026-09-24 00:33:32,1790202812368,0xcd84d7f9262516865553555751609fb6f52abec6,Donkey14,BUY,mlb-mia-chc-2026-09-23-spread-home-1pt5,Spread: Chicago Cubs (-1.5),Miami Marlins,0.58,38.27,22.2,348,skipped,their trade is only 22 USD,,
2026-09-24 00:33:32,1790202812368,0xcd84d7f9262516865553555751609fb6f52abec6,Donkey14,BUY,mlb-cws-kc-2026-09-23-spread-away-1pt5,Spread: Chicago White Sox (-1.5),Chicago White Sox,0.4000000006,333.333332,133.33,312,skipped,max open copies reached,,
2026-09-24 00:33:32,1790202812368,0xcd84d7f9262516865553555751609fb6f52abec6,Donkey14,BUY,mlb-nym-tex-2026-09-23,New York Mets vs. Texas Rangers,New York Mets,0.49,9521.568628,4665.57,311,skipped,max open copies reached,,
2026-09-24 00:33:32,1790202812368,0xcd84d7f9262516865553555751609fb6f52abec6,Donkey14,BUY,mlb-mia-chc-2026-09-23-spread-home-1pt5,Spread: Chicago Cubs (-1.5),Miami Marlins,0.58,11.08,6.43,300,skipped,their trade is only 6 USD,,
2026-09-24 00:33:32,1790202812368,0xcd84d7f9262516865553555751609fb6f52abec6,Donkey14,BUY,mlb-nym-tex-2026-09-23,New York Mets vs. Texas Rangers,New York Mets,0.4900000019,47.647059,23.35,293,skipped,their trade is only 23 USD,,
2026-09-24 00:33:32,1790202812369,0xcd84d7f9262516865553555751609fb6f52abec6,Donkey14,BUY,mlb-cws-kc-2026-09-23-spread-away-1pt5,Spread: Chicago White Sox (-1.5),Chicago White Sox,0.4,24.0,9.6,273,skipped,their trade is only 10 USD,,
2026-09-24 00:33:32,1790202812369,0xcd84d7f9262516865553555751609fb6f52abec6,Donkey14,BUY,mlb-stl-pit-2026-09-23,St. Louis Cardinals vs. Pittsburgh Pirates,St. Louis Cardinals,0.4300000114,17.54386,7.54,255,skipped,their trade is only 8 USD,,
2026-09-24 00:33:32,1790202812369,0xcd84d7f9262516865553555751609fb6f52abec6,Donkey14,BUY,mlb-cws-kc-2026-09-23-spread-away-1pt5,Spread: Chicago White Sox (-1.5),Chicago White Sox,0.4,17.0,6.8,237,skipped,their trade is only 7 USD,,
2026-09-24 00:33:32,1790202812369,0xcd84d7f9262516865553555751609fb6f52abec6,Donkey14,BUY,mlb-tor-bal-2026-09-23,Toronto Blue Jays vs. Baltimore Orioles,Toronto Blue Jays,0.4700001537,1.886793,0.89,233,skipped,their trade is only 1 USD,,
2026-09-24 00:33:32,1790202812369,0xcd84d7f9262516865553555751609fb6f52abec6,Donkey14,BUY,mlb-cws-kc-2026-09-23-spread-away-1pt5,Spread: Chicago White Sox (-1.5),Chicago White Sox,0.4000000001,3333.333332,1333.33,221,skipped,max open copies reached,,
2026-09-24 00:33:32,1790202812370,0xcd84d7f9262516865553555751609fb6f52abec6,Donkey14,BUY,mlb-mia-chc-2026-09-23-spread-home-1pt5,Spread: Chicago Cubs (-1.5),Miami Marlins,0.58,11.08,6.43,213,skipped,their trade is only 6 USD,,
2026-09-24 00:33:32,1790202812370,0xcd84d7f9262516865553555751609fb6f52abec6,Donkey14,BUY,mlb-stl-pit-2026-09-23,St. Louis Cardinals vs. Pittsburgh Pirates,Pittsburgh Pirates,0.56,207.79,116.36,198,skipped,max open copies reached,,
2026-09-24 00:33:32,1790202812370,0xcd84d7f9262516865553555751609fb6f52abec6,Donkey14,BUY,mlb-stl-pit-2026-09-23,St. Louis Cardinals vs. Pittsburgh Pirates,Pittsburgh Pirates,0.56,10.83,6.06,197,skipped,their trade is only 6 USD,,
2026-09-24 00:33:32,1790202812370,0xcd84d7f9262516865553555751609fb6f52abec6,Donkey14,BUY,mlb-mia-chc-2026-09-23-spread-home-1pt5,Spread: Chicago Cubs (-1.5),Miami Marlins,0.58,11.08,6.43,191,skipped,their trade is only 6 USD,,
2026-09-24 00:33:32,1790202812370,0xcd84d7f9262516865553555751609fb6f52abec6,Donkey14,BUY,mlb-stl-pit-2026-09-23,St. Louis Cardinals vs. Pittsburgh Pirates,Pittsburgh Pirates,0.5600000648,3.704546,2.07,156,skipped,their trade is only 2 USD,,
2026-09-24 00:33:32,1790202812371,0xcd84d7f9262516865553555751609fb6f52abec6,Donkey14,BUY,mlb-mia-chc-2026-09-23-spread-home-1pt5,Spread: Chicago Cubs (-1.5),Miami Marlins,0.58,114.83,66.6,146,skipped,max open copies reached,,
2026-09-24 00:33:32,1790202812371,0xcd84d7f9262516865553555751609fb6f52abec6,Donkey14,BUY,mlb-cws-kc-2026-09-23,Chicago White Sox vs. Kansas City Royals,Chicago White Sox,0.52,31.25,16.25,140,skipped,their trade is only 16 USD,,
2026-09-24 00:33:32,1790202812371,0xcd84d7f9262516865553555751609fb6f52abec6,Donkey14,BUY,mlb-cws-kc-2026-09-23-spread-away-1pt5,Spread: Chicago White Sox (-1.5),Chicago White Sox,0.4,16.0,6.4,120,skipped,their trade is only 6 USD,,
2026-09-24 00:33:32,1790202812371,0xcd84d7f9262516865553555751609fb6f52abec6,Donkey14,BUY,mlb-cws-kc-2026-09-23,Chicago White Sox vs. Kansas City Royals,Kansas City Royals,0.4700000333,13.207548,6.21,80,skipped,their trade is only 6 USD,,
2026-09-24 00:33:32,1790202812371,0xcd84d7f9262516865553555751609fb6f52abec6,Donkey14,BUY,mlb-mia-chc-2026-09-23,Miami Marlins vs. Chicago Cubs,Miami Marlins,0.370000034,8.539683,3.16,71,skipped,their trade is only 3 USD,,
2026-09-24 00:33:32,1790202812372,0xcd84d7f9262516865553555751609fb6f52abec6,Donkey14,BUY,mlb-cws-kc-2026-09-23,Chicago White Sox vs. Kansas City Royals,Chicago White Sox,0.52,15.625,8.12,54,skipped,their trade is only 8 USD,,
2026-09-24 00:33:32,1790202812372,0xcd84d7f9262516865553555751609fb6f52abec6,Donkey14,BUY,mlb-mia-chc-2026-09-23-spread-home-1pt5,Spread: Chicago Cubs (-1.5),Miami Marlins,0.58,57.41,33.3,35,skipped,their trade is only 33 USD,,
2026-09-24 00:33:32,1790202812372,0xcd84d7f9262516865553555751609fb6f52abec6,Donkey14,BUY,mlb-ari-col-2026-09-23-spread-away-1pt5,Spread: Arizona Diamondbacks (-1.5),Colorado Rockies,0.5,28.21,14.11,32,skipped,their trade is only 14 USD,,
2026-09-24 00:36:35,1790202995619,0x8c0b024c17831a0dde038547b7e791ae6a0d7aa5,THEHIGHLIFE,BUY,val-tl1-pr1-2026-09-24,Valorant: Team Liquid vs Paper Rex (BO3) - VCT Champions Group C,Paper Rex,0.5500000196,7.666667,4.22,197,skipped,wallet no longer passes the gate,,
2026-09-24 00:39:32,1790203172391,0xcd84d7f9262516865553555751609fb6f52abec6,Donkey14,BUY,mlb-stl-pit-2026-09-23,St. Louis Cardinals vs. Pittsburgh Pirates,Pittsburgh Pirates,0.560000044,4.545455,2.55,321,skipped,their trade is only 3 USD,,
2026-09-24 00:39:32,1790203172392,0xcd84d7f9262516865553555751609fb6f52abec6,Donkey14,BUY,mlb-stl-pit-2026-09-23,St. Louis Cardinals vs. Pittsburgh Pirates,Pittsburgh Pirates,0.56,175.43,98.24,314,skipped,max open copies reached,,
2026-09-24 00:39:32,1790203172392,0xcd84d7f9262516865553555751609fb6f52abec6,Donkey14,BUY,mlb-mia-chc-2026-09-23,Miami Marlins vs. Chicago Cubs,Miami Marlins,0.3700000013,166.238094,61.51,287,skipped,max open copies reached,,
2026-09-24 00:39:32,1790203172392,0xcd84d7f9262516865553555751609fb6f52abec6,Donkey14,BUY,mlb-stl-pit-2026-09-23,St. Louis Cardinals vs. Pittsburgh Pirates,St. Louis Cardinals,0.4300000114,35.08772,15.09,281,skipped,their trade is only 15 USD,,
2026-09-24 00:39:32,1790203172392,0xcd84d7f9262516865553555751609fb6f52abec6,Donkey14,BUY,mlb-stl-pit-2026-09-23,St. Louis Cardinals vs. Pittsburgh Pirates,St. Louis Cardinals,0.4300000114,17.54386,7.54,279,skipped,their trade is only 8 USD,,
2026-09-24 00:39:32,1790203172392,0xcd84d7f9262516865553555751609fb6f52abec6,Donkey14,BUY,mlb-mia-chc-2026-09-23-spread-home-1pt5,Spread: Chicago Cubs (-1.5),Miami Marlins,0.58,695.07,403.14,267,skipped,max open copies reached,,
2026-09-24 00:39:32,1790203172393,0xcd84d7f9262516865553555751609fb6f52abec6,Donkey14,BUY,mlb-mia-chc-2026-09-23-spread-home-1pt5,Spread: Chicago Cubs (-1.5),Miami Marlins,0.58,4.02,2.33,266,skipped,their trade is only 2 USD,,
2026-09-24 00:39:32,1790203172393,0xcd84d7f9262516865553555751609fb6f52abec6,Donkey14,BUY,mlb-mia-chc-2026-09-23-spread-home-1pt5,Spread: Chicago Cubs (-1.5),Miami Marlins,0.58,8.05,4.67,260,skipped,their trade is only 5 USD,,
2026-09-24 00:39:32,1790203172393,0xcd84d7f9262516865553555751609fb6f52abec6,Donkey14,BUY,mlb-mia-chc-2026-09-23-spread-home-1pt5,Spread: Chicago Cubs (-1.5),Miami Marlins,0.58,70.51,40.9,251,skipped,their trade is only 41 USD,,
2026-09-24 00:39:32,1790203172393,0xcd84d7f9262516865553555751609fb6f52abec6,Donkey14,BUY,mlb-cws-kc-2026-09-23-spread-away-1pt5,Spread: Chicago White Sox (-1.5),Chicago White Sox,0.4,234.68,93.87,249,skipped,max open copies reached,,
2026-09-24 00:39:32,1790203172393,0xcd84d7f9262516865553555751609fb6f52abec6,Donkey14,BUY,mlb-stl-pit-2026-09-23,St. Louis Cardinals vs. Pittsburgh Pirates,St. Louis Cardinals,0.4300000114,35.08772,15.09,248,skipped,their trade is only 15 USD,,
2026-09-24 00:39:32,1790203172394,0xcd84d7f9262516865553555751609fb6f52abec6,Donkey14,BUY,mlb-ari-col-2026-09-23-spread-away-1pt5,Spread: Arizona Diamondbacks (-1.5),Colorado Rockies,0.5,4.0,2.0,200,skipped,their trade is only 2 USD,,
2026-09-24 00:39:32,1790203172394,0xcd84d7f9262516865553555751609fb6f52abec6,Donkey14,BUY,mlb-mia-chc-2026-09-23-spread-home-1pt5,Spread: Chicago Cubs (-1.5),Miami Marlins,0.58,229.67,133.21,176,skipped,max open copies reached,,
2026-09-24 00:39:32,1790203172394,0xcd84d7f9262516865553555751609fb6f52abec6,Donkey14,BUY,mlb-cws-kc-2026-09-23,Chicago White Sox vs. Kansas City Royals,Chicago White Sox,0.52,10.3125,5.36,174,skipped,their trade is only 5 USD,,
2026-09-24 00:39:32,1790203172394,0xcd84d7f9262516865553555751609fb6f52abec6,Donkey14,BUY,mlb-cws-kc-2026-09-23,Chicago White Sox vs. Kansas City Royals,Chicago White Sox,0.52,6.25,3.25,158,skipped,their trade is only 3 USD,,
2026-09-24 00:39:32,1790203172394,0xcd84d7f9262516865553555751609fb6f52abec6,Donkey14,BUY,mlb-mia-chc-2026-09-23,Miami Marlins vs. Chicago Cubs,Miami Marlins,0.37,3180.0,1176.6,146,skipped,max open copies reached,,
2026-09-24 00:39:32,1790203172395,0xcd84d7f9262516865553555751609fb6f52abec6,Donkey14,BUY,mlb-cws-kc-2026-09-23-spread-away-1pt5,Spread: Chicago White Sox (-1.5),Chicago White Sox,0.4000000316,6.333332,2.53,132,skipped,their trade is only 3 USD,,
2026-09-24 00:39:32,1790203172395,0xcd84d7f9262516865553555751609fb6f52abec6,Donkey14,BUY,mlb-mia-chc-2026-09-23-spread-home-1pt5,Spread: Chicago Cubs (-1.5),Miami Marlins,0.58,22.16,12.85,117,skipped,their trade is only 13 USD,,
2026-09-24 00:39:32,1790203172395,0xcd84d7f9262516865553555751609fb6f52abec6,Donkey14,BUY,mlb-cws-kc-2026-09-23-spread-away-1pt5,Spread: Chicago White Sox (-1.5),Chicago White Sox,0.4,25.0,10.0,107,skipped,their trade is only 10 USD,,
2026-09-24 00:39:32,1790203172395,0xcd84d7f9262516865553555751609fb6f52abec6,Donkey14,BUY,mlb-cws-kc-2026-09-23,Chicago White Sox vs. Kansas City Royals,Kansas City Royals,0.4700000039,113.207548,53.21,107,skipped,max open copies reached,,
2026-09-24 00:39:32,1790203172395,0xcd84d7f9262516865553555751609fb6f52abec6,Donkey14,BUY,mlb-nym-tex-2026-09-23,New York Mets vs. Texas Rangers,Texas Rangers,0.5,14.0,7.0,105,skipped,their trade is only 7 USD,,
2026-09-24 00:39:32,1790203172395,0xcd84d7f9262516865553555751609fb6f52abec6,Donkey14,BUY,mlb-cws-kc-2026-09-23-spread-away-1pt5,Spread: Chicago White Sox (-1.5),Chicago White Sox,0.4,8.05,3.22,89,skipped,their trade is only 3 USD,,
2026-09-24 00:39:32,1790203172396,0xcd84d7f9262516865553555751609fb6f52abec6,Donkey14,BUY,mlb-mia-chc-2026-09-23,Miami Marlins vs. Chicago Cubs,Miami Marlins,0.3700000023,95.238094,35.24,81,skipped,their trade is only 35 USD,,
2026-09-24 00:39:32,1790203172396,0xcd84d7f9262516865553555751609fb6f52abec6,Donkey14,BUY,mlb-cws-kc-2026-09-23-spread-away-1pt5,Spread: Chicago White Sox (-1.5),Chicago White Sox,0.4,508.0,203.2,69,skipped,max open copies reached,,
2026-09-24 00:39:32,1790203172396,0xcd84d7f9262516865553555751609fb6f52abec6,Donkey14,BUY,mlb-ari-col-2026-09-23-spread-away-1pt5,Spread: Arizona Diamondbacks (-1.5),Colorado Rockies,0.5,9.06,4.53,65,skipped,their trade is only 5 USD,,
2026-09-24 00:39:32,1790203172396,0xcd84d7f9262516865553555751609fb6f52abec6,Donkey14,BUY,mlb-cws-kc-2026-09-23-spread-away-1pt5,Spread: Chicago White Sox (-1.5),Chicago White Sox,0.4,16.0,6.4,42,skipped,their trade is only 6 USD,,
2026-09-24 00:39:32,1790203172396,0xcd84d7f9262516865553555751609fb6f52abec6,Donkey14,BUY,mlb-cws-kc-2026-09-23-spread-away-1pt5,Spread: Chicago White Sox (-1.5),Chicago White Sox,0.4,1619.66,647.86,36,skipped,max open copies reached,,
2026-09-24 00:39:32,1790203172397,0xcd84d7f9262516865553555751609fb6f52abec6,Donkey14,BUY,mlb-mia-chc-2026-09-23-spread-home-1pt5,Spread: Chicago Cubs (-1.5),Miami Marlins,0.58,3.02,1.75,12,skipped,their trade is only 2 USD,,
2026-09-24 00:39:32,1790203172397,0xcd84d7f9262516865553555751609fb6f52abec6,Donkey14,BUY,mlb-cws-kc-2026-09-23-spread-away-1pt5,Spread: Chicago White Sox (-1.5),Chicago White Sox,0.4,11.07,4.43,3,skipped,their trade is only 4 USD,,
2026-09-24 00:39:32,1790203172397,0xcd84d7f9262516865553555751609fb6f52abec6,Donkey14,BUY,mlb-nym-tex-2026-09-23,New York Mets vs. Texas Rangers,Texas Rangers,0.5,235.34,117.67,3,skipped,max open copies reached,,
2026-09-24 00:39:35,1790203175037,0x27f738fe203827445690339104aae35b20bc44b0,ic4cream,BUY,wnba-dal-sea-2026-09-23,Dallas Wings vs. Seattle Storm,Seattle Storm,0.2200000187,6.410254,1.41,0,skipped,wallet no longer passes the gate,,
2026-09-24 00:45:31,1790203531050,0x3dfb153c197d4c19d3b31c1ecd2c7b6860eeabaf,0x3DFb153c197D4C19D3B31c1ecD2c7B6860eeabAf-1722957908185,BUY,cfb-nill-gast-2026-09-26-total-54pt5,Northern Illinois vs. Georgia State: O/U 54.5,Over,0.56,1482.25,830.06,258,skipped,max open copies reached,,
2026-09-24 00:45:31,1790203531050,0x3dfb153c197d4c19d3b31c1ecd2c7b6860eeabaf,0x3DFb153c197D4C19D3B31c1ecD2c7B6860eeabAf-1722957908185,BUY,nfl-nyj-det-2026-09-27-spread-home-6pt5,Spread: Lions (-6.5),Jets,0.49,9.06,4.44,239,skipped,their trade is only 4 USD,,
2026-09-24 00:45:31,1790203531051,0x3dfb153c197d4c19d3b31c1ecd2c7b6860eeabaf,0x3DFb153c197D4C19D3B31c1ecD2c7B6860eeabAf-1722957908185,BUY,cfb-nill-gast-2026-09-26-total-54pt5,Northern Illinois vs. Georgia State: O/U 54.5,Over,0.56,4.0,2.24,206,skipped,their trade is only 2 USD,,
2026-09-24 00:45:31,1790203531051,0x3dfb153c197d4c19d3b31c1ecd2c7b6860eeabaf,0x3DFb153c197D4C19D3B31c1ecD2c7B6860eeabAf-1722957908185,BUY,cfb-nill-gast-2026-09-26-total-54pt5,Northern Illinois vs. Georgia State: O/U 54.5,Over,0.56,2.29,1.28,77,skipped,their trade is only 1 USD,,
2026-09-24 00:45:32,1790203532341,0xcd84d7f9262516865553555751609fb6f52abec6,Donkey14,BUY,mlb-nym-tex-2026-09-23,New York Mets vs. Texas Rangers,Texas Rangers,0.5,5.26,2.63,351,skipped,their trade is only 3 USD,,
2026-09-24 00:45:32,1790203532341,0xcd84d7f9262516865553555751609fb6f52abec6,Donkey14,BUY,mlb-nym-tex-2026-09-23,New York Mets vs. Texas Rangers,Texas Rangers,0.5,180.0,90.0,312,skipped,max open copies reached,,
2026-09-24 00:45:32,1790203532342,0xcd84d7f9262516865553555751609fb6f52abec6,Donkey14,BUY,mlb-cws-kc-2026-09-23-spread-away-1pt5,Spread: Chicago White Sox (-1.5),Chicago White Sox,0.4,55.0,22.0,302,skipped,their trade is only 22 USD,,
2026-09-24 00:45:32,1790203532342,0xcd84d7f9262516865553555751609fb6f52abec6,Donkey14,BUY,mlb-mia-chc-2026-09-23-spread-home-1pt5,Spread: Chicago Cubs (-1.5),Miami Marlins,0.58,114.83,66.6,270,skipped,max open copies reached,,
2026-09-24 00:45:32,1790203532342,0xcd84d7f9262516865553555751609fb6f52abec6,Donkey14,BUY,mlb-mia-chc-2026-09-23-spread-home-1pt5,Spread: Chicago Cubs (-1.5),Miami Marlins,0.5800000235,8.52381,4.94,264,skipped,their trade is only 5 USD,,
2026-09-24 00:45:32,1790203532342,0xcd84d7f9262516865553555751609fb6f52abec6,Donkey14,BUY,mlb-cws-kc-2026-09-23-spread-away-1pt5,Spread: Chicago White Sox (-1.5),Chicago White Sox,0.4,3.02,1.21,245,skipped,their trade is only 1 USD,,
2026-09-24 00:45:32,1790203532342,0xcd84d7f9262516865553555751609fb6f52abec6,Donkey14,BUY,mlb-ari-col-2026-09-23-spread-away-1pt5,Spread: Arizona Diamondbacks (-1.5),Colorado Rockies,0.5,48.36,24.18,215,skipped,their trade is only 24 USD,,
2026-09-24 00:45:32,1790203532343,0xcd84d7f9262516865553555751609fb6f52abec6,Donkey14,BUY,mlb-cws-kc-2026-09-23,Chicago White Sox vs. Kansas City Royals,Chicago White Sox,0.52,6.75,3.51,198,skipped,their trade is only 4 USD,,
2026-09-24 00:45:32,1790203532343,0xcd84d7f9262516865553555751609fb6f52abec6,Donkey14,BUY,mlb-mia-chc-2026-09-23-spread-home-1pt5,Spread: Chicago Cubs (-1.5),Miami Marlins,0.58,57.41,33.3,176,skipped,their trade is only 33 USD,,
2026-09-24 00:45:32,1790203532343,0xcd84d7f9262516865553555751609fb6f52abec6,Donkey14,BUY,mlb-cws-kc-2026-09-23-spread-away-1pt5,Spread: Chicago White Sox (-1.5),Chicago White Sox,0.4,238.0,95.2,150,skipped,max open copies reached,,
2026-09-24 00:45:32,1790203532343,0xcd84d7f9262516865553555751609fb6f52abec6,Donkey14,BUY,mlb-cws-kc-2026-09-23-spread-away-1pt5,Spread: Chicago White Sox (-1.5),Chicago White Sox,0.4,35.0,14.0,134,skipped,their trade is only 14 USD,,
2026-09-24 00:45:32,1790203532343,0xcd84d7f9262516865553555751609fb6f52abec6,Donkey14,BUY,mlb-cws-kc-2026-09-23-spread-away-1pt5,Spread: Chicago White Sox (-1.5),Chicago White Sox,0.4,161.0,64.4,114,skipped,max open copies reached,,
2026-09-24 00:45:32,1790203532344,0xcd84d7f9262516865553555751609fb6f52abec6,Donkey14,BUY,mlb-ari-col-2026-09-23-spread-away-1pt5,Spread: Arizona Diamondbacks (-1.5),Colorado Rockies,0.5,95.71,47.85,89,skipped,their trade is only 48 USD,,
2026-09-24 00:45:32,1790203532344,0xcd84d7f9262516865553555751609fb6f52abec6,Donkey14,BUY,mlb-cws-kc-2026-09-23,Chicago White Sox vs. Kansas City Royals,Chicago White Sox,0.52,15.625,8.12,71,skipped,their trade is only 8 USD,,
2026-09-24 00:45:32,1790203532344,0xcd84d7f9262516865553555751609fb6f52abec6,Donkey14,BUY,mlb-cws-kc-2026-09-23,Chicago White Sox vs. Kansas City Royals,Kansas City Royals,0.470000002,94.339623,44.34,60,skipped,their trade is only 44 USD,,
2026-09-24 00:45:32,1790203532344,0xcd84d7f9262516865553555751609fb6f52abec6,Donkey14,BUY,mlb-mia-chc-2026-09-23-spread-home-1pt5,Spread: Chicago Cubs (-1.5),Miami Marlins,0.58,2503.36,1451.95,59,skipped,max open copies reached,,
2026-09-24 00:45:32,1790203532344,0xcd84d7f9262516865553555751609fb6f52abec6,Donkey14,BUY,mlb-cws-kc-2026-09-23-spread-away-1pt5,Spread: Chicago White Sox (-1.5),Chicago White Sox,0.4,1639.0,655.6,18,skipped,max open copies reached,,
2026-09-24 00:45:32,1790203532345,0xcd84d7f9262516865553555751609fb6f52abec6,Donkey14,BUY,mlb-cws-kc-2026-09-23-spread-away-1pt5,Spread: Chicago White Sox (-1.5),Chicago White Sox,0.4,33.0,13.2,11,skipped,their trade is only 13 USD,,
2026-09-24 00:45:32,1790203532345,0xcd84d7f9262516865553555751609fb6f52abec6,Donkey14,BUY,mlb-cws-kc-2026-09-23,Chicago White Sox vs. Kansas City Royals,Kansas City Royals,0.4700000032,18.528302,8.71,8,skipped,their trade is only 9 USD,,
2026-09-24 00:45:32,1790203532345,0xcd84d7f9262516865553555751609fb6f52abec6,Donkey14,BUY,mlb-cws-kc-2026-09-23-spread-away-1pt5,Spread: Chicago White Sox (-1.5),Chicago White Sox,0.4,24.0,9.6,8,skipped,their trade is only 10 USD,,
2026-09-24 00:45:32,1790203532345,0xcd84d7f9262516865553555751609fb6f52abec6,Donkey14,BUY,mlb-cws-kc-2026-09-23-spread-away-1pt5,Spread: Chicago White Sox (-1.5),Chicago White Sox,0.4,64.0,25.6,5,skipped,their trade is only 26 USD,,
2026-09-24 00:45:34,1790203534998,0x27f738fe203827445690339104aae35b20bc44b0,ic4cream,BUY,wnba-dal-sea-2026-09-23,Dallas Wings vs. Seattle Storm,Seattle Storm,0.2200000005,128.205127,28.21,246,skipped,wallet no longer passes the gate,,
2026-09-24 00:45:34,1790203534999,0x27f738fe203827445690339104aae35b20bc44b0,ic4cream,BUY,wnba-dal-sea-2026-09-23,Dallas Wings vs. Seattle Storm,Seattle Storm,0.22,1858.974359,408.97,182,skipped,wallet no longer passes the gate,,
2026-09-24 00:45:34,1790203534999,0x27f738fe203827445690339104aae35b20bc44b0,ic4cream,BUY,wnba-dal-sea-2026-09-23,Dallas Wings vs. Seattle Storm,Seattle Storm,0.2200000017,105.769231,23.27,158,skipped,wallet no longer passes the gate,,
2026-09-24 00:51:30,1790203890945,0x3dfb153c197d4c19d3b31c1ecd2c7b6860eeabaf,0x3DFb153c197D4C19D3B31c1ecD2c7B6860eeabAf-1722957908185,BUY,cfb-nill-gast-2026-09-26-total-54pt5,Northern Illinois vs. Georgia State: O/U 54.5,Over,0.56,5.0,2.8,296,skipped,their trade is only 3 USD,,
2026-09-24 00:51:30,1790203890946,0x3dfb153c197d4c19d3b31c1ecd2c7b6860eeabaf,0x3DFb153c197D4C19D3B31c1ecD2c7B6860eeabAf-1722957908185,BUY,mlb-nym-tex-2026-09-23,New York Mets vs. Texas Rangers,New York Mets,0.5,40255.99,20127.99,288,skipped,max open copies reached,,
2026-09-24 00:51:30,1790203890946,0x3dfb153c197d4c19d3b31c1ecd2c7b6860eeabaf,0x3DFb153c197D4C19D3B31c1ecD2c7B6860eeabAf-1722957908185,BUY,mlb-laa-oak-2026-09-23,Los Angeles Angels vs. Athletics,Los Angeles Angels,0.55,76268.99,41947.94,114,skipped,max open copies reached,,
2026-09-24 00:51:30,1790203890946,0x3dfb153c197d4c19d3b31c1ecd2c7b6860eeabaf,0x3DFb153c197D4C19D3B31c1ecD2c7B6860eeabAf-1722957908185,BUY,mlb-laa-oak-2026-09-23,Los Angeles Angels vs. Athletics,Los Angeles Angels,0.55,7.56,4.16,104,skipped,their trade is only 4 USD,,
2026-09-24 00:51:30,1790203890946,0x3dfb153c197d4c19d3b31c1ecd2c7b6860eeabaf,0x3DFb153c197D4C19D3B31c1ecD2c7B6860eeabAf-1722957908185,BUY,mlb-laa-oak-2026-09-23,Los Angeles Angels vs. Athletics,Los Angeles Angels,0.55,3.0,1.65,53,skipped,their trade is only 2 USD,,
2026-09-24 00:51:32,1790203892230,0xcd84d7f9262516865553555751609fb6f52abec6,Donkey14,BUY,mlb-cws-kc-2026-09-23,Chicago White Sox vs. Kansas City Royals,Chicago White Sox,0.52,12.5,6.5,351,skipped,their trade is only 6 USD,,
2026-09-24 00:51:32,1790203892230,0xcd84d7f9262516865553555751609fb6f52abec6,Donkey14,BUY,mlb-cws-kc-2026-09-23-spread-away-1pt5,Spread: Chicago White Sox (-1.5),Chicago White Sox,0.400000024,8.333332,3.33,333,skipped,their trade is only 3 USD,,
2026-09-24 00:51:32,1790203892231,0xcd84d7f9262516865553555751609fb6f52abec6,Donkey14,BUY,mlb-cws-kc-2026-09-23-spread-away-1pt5,Spread: Chicago White Sox (-1.5),Chicago White Sox,0.4,80.0,32.0,317,skipped,their trade is only 32 USD,,
2026-09-24 00:51:32,1790203892231,0xcd84d7f9262516865553555751609fb6f52abec6,Donkey14,BUY,mlb-cws-kc-2026-09-23,Chicago White Sox vs. Kansas City Royals,Kansas City Royals,0.4700000228,16.679246,7.84,312,skipped,their trade is only 8 USD,,
2026-09-24 00:51:32,1790203892231,0xcd84d7f9262516865553555751609fb6f52abec6,Donkey14,BUY,mlb-cws-kc-2026-09-23-spread-away-1pt5,Spread: Chicago White Sox (-1.5),Chicago White Sox,0.4,3.0,1.2,290,skipped,their trade is only 1 USD,,
2026-09-24 00:51:32,1790203892231,0xcd84d7f9262516865553555751609fb6f52abec6,Donkey14,BUY,mlb-cws-kc-2026-09-23-spread-away-1pt5,Spread: Chicago White Sox (-1.5),Chicago White Sox,0.4,40.0,16.0,290,skipped,their trade is only 16 USD,,
2026-09-24 00:51:32,1790203892231,0xcd84d7f9262516865553555751609fb6f52abec6,Donkey14,BUY,mlb-cws-kc-2026-09-23-spread-away-1pt5,Spread: Chicago White Sox (-1.5),Chicago White Sox,0.4,32.0,12.8,290,skipped,their trade is only 13 USD,,
2026-09-24 00:51:32,1790203892232,0xcd84d7f9262516865553555751609fb6f52abec6,Donkey14,BUY,mlb-nym-tex-2026-09-23,New York Mets vs. Texas Rangers,Texas Rangers,0.5,28284.73,14142.36,288,skipped,max open copies reached,,
2026-09-24 00:51:32,1790203892232,0xcd84d7f9262516865553555751609fb6f52abec6,Donkey14,BUY,mlb-cws-kc-2026-09-23,Chicago White Sox vs. Kansas City Royals,Chicago White Sox,0.52,62.5,32.5,276,skipped,their trade is only 32 USD,,
2026-09-24 00:51:32,1790203892232,0xcd84d7f9262516865553555751609fb6f52abec6,Donkey14,BUY,mlb-cws-kc-2026-09-23,Chicago White Sox vs. Kansas City Royals,Chicago White Sox,0.52,6.25,3.25,273,skipped,their trade is only 3 USD,,
2026-09-24 00:51:32,1790203892232,0xcd84d7f9262516865553555751609fb6f52abec6,Donkey14,BUY,mlb-cws-kc-2026-09-23-spread-away-1pt5,Spread: Chicago White Sox (-1.5),Chicago White Sox,0.4,40.29,16.12,269,skipped,their trade is only 16 USD,,
2026-09-24 00:51:32,1790203892232,0xcd84d7f9262516865553555751609fb6f52abec6,Donkey14,BUY,mlb-cws-kc-2026-09-23-spread-away-1pt5,Spread: Chicago White Sox (-1.5),Chicago White Sox,0.4,32.0,12.8,261,skipped,their trade is only 13 USD,,
2026-09-24 00:51:32,1790203892232,0xcd84d7f9262516865553555751609fb6f52abec6,Donkey14,BUY,mlb-cws-kc-2026-09-23-spread-away-1pt5,Spread: Chicago White Sox (-1.5),Chicago White Sox,0.4,80.0,32.0,260,skipped,their trade is only 32 USD,,
2026-09-24 00:51:32,1790203892233,0xcd84d7f9262516865553555751609fb6f52abec6,Donkey14,BUY,mlb-cws-kc-2026-09-23,Chicago White Sox vs. Kansas City Royals,Chicago White Sox,0.5200000078,20.416667,10.62,246,skipped,their trade is only 11 USD,,
2026-09-24 00:51:32,1790203892233,0xcd84d7f9262516865553555751609fb6f52abec6,Donkey14,BUY,mlb-cws-kc-2026-09-23-spread-away-1pt5,Spread: Chicago White Sox (-1.5),Chicago White Sox,0.4,40.0,16.0,240,skipped,their trade is only 16 USD,,
2026-09-24 00:51:32,1790203892233,0xcd84d7f9262516865553555751609fb6f52abec6,Donkey14,BUY,mlb-cws-kc-2026-09-23-spread-away-1pt5,Spread: Chicago White Sox (-1.5),Chicago White Sox,0.4,24.0,9.6,225,skipped,their trade is only 10 USD,,
2026-09-24 00:51:32,1790203892233,0xcd84d7f9262516865553555751609fb6f52abec6,Donkey14,BUY,mlb-cws-kc-2026-09-23-spread-away-1pt5,Spread: Chicago White Sox (-1.5),Chicago White Sox,0.4,16.0,6.4,215,skipped,their trade is only 6 USD,,
2026-09-24 00:51:32,1790203892233,0xcd84d7f9262516865553555751609fb6f52abec6,Donkey14,BUY,mlb-mia-chc-2026-09-23,Miami Marlins vs. Chicago Cubs,Miami Marlins,0.3700000001,3174.603175,1174.6,191,skipped,max open copies reached,,
2026-09-24 00:51:32,1790203892234,0xcd84d7f9262516865553555751609fb6f52abec6,Donkey14,BUY,mlb-cws-kc-2026-09-23-spread-away-1pt5,Spread: Chicago White Sox (-1.5),Chicago White Sox,0.4,27.19,10.88,183,skipped,their trade is only 11 USD,,
2026-09-24 00:51:32,1790203892234,0xcd84d7f9262516865553555751609fb6f52abec6,Donkey14,BUY,mlb-cws-kc-2026-09-23-spread-away-1pt5,Spread: Chicago White Sox (-1.5),Chicago White Sox,0.4,34.24,13.7,176,skipped,their trade is only 14 USD,,
2026-09-24 00:51:32,1790203892234,0xcd84d7f9262516865553555751609fb6f52abec6,Donkey14,BUY,mlb-cws-kc-2026-09-23-spread-away-1pt5,Spread: Chicago White Sox (-1.5),Chicago White Sox,0.4,32.23,12.89,167,skipped,their trade is only 13 USD,,
2026-09-24 00:51:32,1790203892234,0xcd84d7f9262516865553555751609fb6f52abec6,Donkey14,BUY,mlb-ari-col-2026-09-23-spread-away-1pt5,Spread: Arizona Diamondbacks (-1.5),Colorado Rockies,0.5,19.14,9.57,152,skipped,their trade is only 10 USD,,
2026-09-24 00:51:32,1790203892234,0xcd84d7f9262516865553555751609fb6f52abec6,Donkey14,BUY,mlb-cws-kc-2026-09-23-spread-away-1pt5,Spread: Chicago White Sox (-1.5),Chicago White Sox,0.4,16.11,6.44,146,skipped,their trade is only 6 USD,,
2026-09-24 00:51:32,1790203892235,0xcd84d7f9262516865553555751609fb6f52abec6,Donkey14,BUY,mlb-laa-oak-2026-09-23,Los Angeles Angels vs. Athletics,Athletics,0.45,44444.44,20000.0,114,skipped,max open copies reached,,
2026-09-24 00:51:32,1790203892235,0xcd84d7f9262516865553555751609fb6f52abec6,Donkey14,BUY,mlb-cws-kc-2026-09-23-spread-away-1pt5,Spread: Chicago White Sox (-1.5),Chicago White Sox,0.4,2.0,0.8,105,skipped,their trade is only 1 USD,,
2026-09-24 00:51:32,1790203892235,0xcd84d7f9262516865553555751609fb6f52abec6,Donkey14,BUY,mlb-cws-kc-2026-09-23-spread-away-1pt5,Spread: Chicago White Sox (-1.5),Chicago White Sox,0.4,40.0,16.0,102,skipped,their trade is only 16 USD,,
2026-09-24 00:51:32,1790203892235,0xcd84d7f9262516865553555751609fb6f52abec6,Donkey14,BUY,mlb-cws-kc-2026-09-23-spread-away-1pt5,Spread: Chicago White Sox (-1.5),Chicago White Sox,0.4,19.0,7.6,101,skipped,their trade is only 8 USD,,
2026-09-24 00:51:32,1790203892235,0xcd84d7f9262516865553555751609fb6f52abec6,Donkey14,BUY,mlb-cws-kc-2026-09-23-spread-away-1pt5,Spread: Chicago White Sox (-1.5),Chicago White Sox,0.4,32.0,12.8,81,skipped,their trade is only 13 USD,,
2026-09-24 00:51:32,1790203892236,0xcd84d7f9262516865553555751609fb6f52abec6,Donkey14,BUY,mlb-ari-col-2026-09-23-spread-away-1pt5,Spread: Arizona Diamondbacks (-1.5),Colorado Rockies,0.5,16.12,8.06,60,skipped,their trade is only 8 USD,,
2026-09-24 00:51:32,1790203892236,0xcd84d7f9262516865553555751609fb6f52abec6,Donkey14,BUY,mlb-cws-kc-2026-09-23-spread-away-1pt5,Spread: Chicago White Sox (-1.5),Chicago White Sox,0.4,32.0,12.8,59,skipped,their trade is only 13 USD,,
2026-09-24 00:51:34,1790203894824,0x27f738fe203827445690339104aae35b20bc44b0,ic4cream,BUY,wnba-dal-sea-2026-09-23,Dallas Wings vs. Seattle Storm,Seattle Storm,0.2200000008,229.821281,50.56,288,skipped,wallet no longer passes the gate,,
2026-09-24 00:51:34,1790203894825,0x27f738fe203827445690339104aae35b20bc44b0,ic4cream,BUY,wnba-dal-sea-2026-09-23,Dallas Wings vs. Seattle Storm,Seattle Storm,0.22,302.23,66.49,288,skipped,wallet no longer passes the gate,,
2026-09-24 00:51:34,1790203894825,0x27f738fe203827445690339104aae35b20bc44b0,ic4cream,BUY,wnba-dal-sea-2026-09-23,Dallas Wings vs. Seattle Storm,Seattle Storm,0.2200000109,12.820513,2.82,257,skipped,wallet no longer passes the gate,,
2026-09-24 00:56:30,1790204190918,0x3dfb153c197d4c19d3b31c1ecd2c7b6860eeabaf,0x3DFb153c197D4C19D3B31c1ecD2c7B6860eeabAf-1722957908185,BUY,mlb-nym-tex-2026-09-23,New York Mets vs. Texas Rangers,New York Mets,0.5,30.24,15.12,257,skipped,their trade is only 15 USD,,
2026-09-24 00:56:30,1790204190919,0x3dfb153c197d4c19d3b31c1ecd2c7b6860eeabaf,0x3DFb153c197D4C19D3B31c1ecD2c7B6860eeabAf-1722957908185,BUY,mlb-laa-oak-2026-09-23,Los Angeles Angels vs. Athletics,Los Angeles Angels,0.55,22.22,12.22,60,skipped,their trade is only 12 USD,,
2026-09-24 00:57:32,1790204252177,0xcd84d7f9262516865553555751609fb6f52abec6,Donkey14,BUY,mlb-tb-nyy-2026-09-23,Tampa Bay Rays vs. New York Yankees,Tampa Bay Rays,0.44,871.44,383.43,206,skipped,max open copies reached,,
2026-09-24 00:57:32,1790204252178,0xcd84d7f9262516865553555751609fb6f52abec6,Donkey14,BUY,mlb-tb-nyy-2026-09-23,Tampa Bay Rays vs. New York Yankees,Tampa Bay Rays,0.44,58.43,25.71,198,skipped,their trade is only 26 USD,,
2026-09-24 00:57:32,1790204252178,0xcd84d7f9262516865553555751609fb6f52abec6,Donkey14,BUY,mlb-tb-nyy-2026-09-23,Tampa Bay Rays vs. New York Yankees,Tampa Bay Rays,0.44,1792.24,788.59,186,skipped,max open copies reached,,
2026-09-24 00:57:32,1790204252178,0xcd84d7f9262516865553555751609fb6f52abec6,Donkey14,BUY,mlb-tb-nyy-2026-09-23,Tampa Bay Rays vs. New York Yankees,Tampa Bay Rays,0.44,60.44,26.59,183,skipped,their trade is only 27 USD,,
2026-09-24 00:57:32,1790204252178,0xcd84d7f9262516865553555751609fb6f52abec6,Donkey14,BUY,mlb-tb-nyy-2026-09-23,Tampa Bay Rays vs. New York Yankees,Tampa Bay Rays,0.44,101.75,44.77,182,skipped,their trade is only 45 USD,,
2026-09-24 00:57:32,1790204252178,0xcd84d7f9262516865553555751609fb6f52abec6,Donkey14,BUY,mlb-tb-nyy-2026-09-23,Tampa Bay Rays vs. New York Yankees,Tampa Bay Rays,0.44,86.64,38.12,182,skipped,their trade is only 38 USD,,
2026-09-24 00:57:32,1790204252179,0xcd84d7f9262516865553555751609fb6f52abec6,Donkey14,BUY,mlb-tb-nyy-2026-09-23,Tampa Bay Rays vs. New York Yankees,Tampa Bay Rays,0.44,17.12,7.53,179,skipped,their trade is only 8 USD,,
2026-09-24 00:57:32,1790204252179,0xcd84d7f9262516865553555751609fb6f52abec6,Donkey14,BUY,mlb-tb-nyy-2026-09-23,Tampa Bay Rays vs. New York Yankees,Tampa Bay Rays,0.44,11.98,5.27,176,skipped,their trade is only 5 USD,,
2026-09-24 00:57:32,1790204252179,0xcd84d7f9262516865553555751609fb6f52abec6,Donkey14,BUY,mlb-tb-nyy-2026-09-23,Tampa Bay Rays vs. New York Yankees,Tampa Bay Rays,0.44,174.28,76.68,168,skipped,max open copies reached,,
2026-09-24 00:57:32,1790204252179,0xcd84d7f9262516865553555751609fb6f52abec6,Donkey14,BUY,mlb-tb-nyy-2026-09-23,Tampa Bay Rays vs. New York Yankees,Tampa Bay Rays,0.44,51.37,22.6,161,skipped,their trade is only 23 USD,,
2026-09-24 00:57:32,1790204252179,0xcd84d7f9262516865553555751609fb6f52abec6,Donkey14,BUY,mlb-tb-nyy-2026-09-23,Tampa Bay Rays vs. New York Yankees,Tampa Bay Rays,0.44,2181.12,959.69,156,skipped,max open copies reached,,
2026-09-24 00:57:32,1790204252180,0xcd84d7f9262516865553555751609fb6f52abec6,Donkey14,BUY,mlb-cws-kc-2026-09-23-spread-away-1pt5,Spread: Chicago White Sox (-1.5),Chicago White Sox,0.4,16.11,6.44,156,skipped,their trade is only 6 USD,,
2026-09-24 00:57:32,1790204252180,0xcd84d7f9262516865553555751609fb6f52abec6,Donkey14,BUY,mlb-tb-nyy-2026-09-23,Tampa Bay Rays vs. New York Yankees,Tampa Bay Rays,0.44,8.05,3.54,153,skipped,their trade is only 4 USD,,
2026-09-24 00:57:32,1790204252180,0xcd84d7f9262516865553555751609fb6f52abec6,Donkey14,BUY,mlb-ari-col-2026-09-23-spread-away-1pt5,Spread: Arizona Diamondbacks (-1.5),Colorado Rockies,0.5,48.36,24.18,149,skipped,their trade is only 24 USD,,
2026-09-24 00:57:32,1790204252180,0xcd84d7f9262516865553555751609fb6f52abec6,Donkey14,BUY,mlb-tb-nyy-2026-09-23,Tampa Bay Rays vs. New York Yankees,Tampa Bay Rays,0.44,34.25,15.07,149,skipped,their trade is only 15 USD,,
2026-09-24 00:57:32,1790204252180,0xcd84d7f9262516865553555751609fb6f52abec6,Donkey14,BUY,mlb-tb-nyy-2026-09-23,Tampa Bay Rays vs. New York Yankees,Tampa Bay Rays,0.44,178.0,78.32,146,skipped,max open copies reached,,
2026-09-24 00:57:32,1790204252181,0xcd84d7f9262516865553555751609fb6f52abec6,Donkey14,BUY,mlb-tb-nyy-2026-09-23,Tampa Bay Rays vs. New York Yankees,Tampa Bay Rays,0.44,5.2,2.29,144,skipped,their trade is only 2 USD,,
2026-09-24 00:57:32,1790204252181,0xcd84d7f9262516865553555751609fb6f52abec6,Donkey14,BUY,mlb-cws-kc-2026-09-23-spread-away-1pt5,Spread: Chicago White Sox (-1.5),Chicago White Sox,0.4,8.0,3.2,144,skipped,their trade is only 3 USD,,
2026-09-24 00:57:32,1790204252181,0xcd84d7f9262516865553555751609fb6f52abec6,Donkey14,BUY,mlb-tb-nyy-2026-09-23,Tampa Bay Rays vs. New York Yankees,Tampa Bay Rays,0.44,9.06,3.99,134,skipped,their trade is only 4 USD,,
2026-09-24 00:57:32,1790204252181,0xcd84d7f9262516865553555751609fb6f52abec6,Donkey14,BUY,mlb-cws-kc-2026-09-23,Chicago White Sox vs. Kansas City Royals,Kansas City Royals,0.47,5.0,2.35,132,skipped,their trade is only 2 USD,,
2026-09-24 00:57:32,1790204252181,0xcd84d7f9262516865553555751609fb6f52abec6,Donkey14,BUY,mlb-tb-nyy-2026-09-23,Tampa Bay Rays vs. New York Yankees,Tampa Bay Rays,0.44,279.06,122.79,129,skipped,max open copies reached,,
2026-09-24 00:57:32,1790204252182,0xcd84d7f9262516865553555751609fb6f52abec6,Donkey14,BUY,mlb-tb-nyy-2026-09-23,Tampa Bay Rays vs. New York Yankees,Tampa Bay Rays,0.44,436.22,191.94,126,skipped,max open copies reached,,
2026-09-24 00:57:32,1790204252182,0xcd84d7f9262516865553555751609fb6f52abec6,Donkey14,BUY,mlb-tb-nyy-2026-09-23,Tampa Bay Rays vs. New York Yankees,Tampa Bay Rays,0.44,17.12,7.53,122,skipped,their trade is only 8 USD,,
2026-09-24 00:57:32,1790204252182,0xcd84d7f9262516865553555751609fb6f52abec6,Donkey14,BUY,mlb-tb-nyy-2026-09-23,Tampa Bay Rays vs. New York Yankees,Tampa Bay Rays,0.44,13.09,5.76,117,skipped,their trade is only 6 USD,,
2026-09-24 00:57:32,1790204252182,0xcd84d7f9262516865553555751609fb6f52abec6,Donkey14,BUY,mlb-tb-nyy-2026-09-23,Tampa Bay Rays vs. New York Yankees,Tampa Bay Rays,0.44,25.18,11.08,116,skipped,their trade is only 11 USD,,
2026-09-24 00:57:32,1790204252182,0xcd84d7f9262516865553555751609fb6f52abec6,Donkey14,BUY,mlb-tb-nyy-2026-09-23,Tampa Bay Rays vs. New York Yankees,Tampa Bay Rays,0.4400000149,5.357143,2.36,116,skipped,their trade is only 2 USD,,
2026-09-24 00:57:32,1790204252183,0xcd84d7f9262516865553555751609fb6f52abec6,Donkey14,BUY,mlb-ari-col-2026-09-23-spread-away-1pt5,Spread: Arizona Diamondbacks (-1.5),Colorado Rockies,0.5,28.21,14.11,113,skipped,their trade is only 14 USD,,
2026-09-24 00:57:32,1790204252183,0xcd84d7f9262516865553555751609fb6f52abec6,Donkey14,BUY,mlb-tb-nyy-2026-09-23,Tampa Bay Rays vs. New York Yankees,Tampa Bay Rays,0.44,15.11,6.65,111,skipped,their trade is only 7 USD,,
2026-09-24 00:57:32,1790204252183,0xcd84d7f9262516865553555751609fb6f52abec6,Donkey14,BUY,mlb-tb-nyy-2026-09-23,Tampa Bay Rays vs. New York Yankees,Tampa Bay Rays,0.44,43.32,19.06,110,skipped,their trade is only 19 USD,,
2026-09-24 00:57:32,1790204252183,0xcd84d7f9262516865553555751609fb6f52abec6,Donkey14,BUY,mlb-tb-nyy-2026-09-23,Tampa Bay Rays vs. New York Yankees,Tampa Bay Rays,0.44,85.63,37.68,108,skipped,their trade is only 38 USD,,
2026-09-24 00:57:34,1790204254743,0x27f738fe203827445690339104aae35b20bc44b0,ic4cream,BUY,wnba-dal-sea-2026-09-23,Dallas Wings vs. Seattle Storm,Seattle Storm,0.22,10.91,2.4,116,skipped,wallet no longer passes the gate,,
2026-09-24 00:57:34,1790204254744,0x27f738fe203827445690339104aae35b20bc44b0,ic4cream,BUY,wnba-dal-sea-2026-09-23,Dallas Wings vs. Seattle Storm,Seattle Storm,0.22,16.83,3.7,116,skipped,wallet no longer passes the gate,,
2026-09-24 00:57:34,1790204254744,0x27f738fe203827445690339104aae35b20bc44b0,ic4cream,BUY,wnba-dal-sea-2026-09-23,Dallas Wings vs. Seattle Storm,Seattle Storm,0.22,37.42,8.23,111,skipped,wallet no longer passes the gate,,
2026-09-24 00:57:34,1790204254744,0x27f738fe203827445690339104aae35b20bc44b0,ic4cream,BUY,wnba-dal-sea-2026-09-23,Dallas Wings vs. Seattle Storm,Seattle Storm,0.22,12.0,2.64,95,skipped,wallet no longer passes the gate,,
2026-09-24 00:57:34,1790204254744,0x27f738fe203827445690339104aae35b20bc44b0,ic4cream,BUY,wnba-dal-sea-2026-09-23,Dallas Wings vs. Seattle Storm,Seattle Storm,0.22,12.33,2.71,80,skipped,wallet no longer passes the gate,,
2026-09-24 00:57:34,1790204254745,0x27f738fe203827445690339104aae35b20bc44b0,ic4cream,BUY,wnba-dal-sea-2026-09-23,Dallas Wings vs. Seattle Storm,Seattle Storm,0.22,24.94,5.49,65,skipped,wallet no longer passes the gate,,
2026-09-24 00:57:34,1790204254745,0x27f738fe203827445690339104aae35b20bc44b0,ic4cream,BUY,wnba-dal-sea-2026-09-23,Dallas Wings vs. Seattle Storm,Seattle Storm,0.22,75.0,16.5,26,skipped,wallet no longer passes the gate,,
2026-09-24 01:02:30,1790204550899,0x3dfb153c197d4c19d3b31c1ecd2c7b6860eeabaf,0x3DFb153c197D4C19D3B31c1ecD2c7B6860eeabAf-1722957908185,BUY,mlb-nym-tex-2026-09-23-spread-away-1pt5,Spread: New York Mets (-1.5),New York Mets,0.37,50.0,18.5,357,skipped,their trade is only 18 USD,,
2026-09-24 01:02:30,1790204550900,0x3dfb153c197d4c19d3b31c1ecd2c7b6860eeabaf,0x3DFb153c197D4C19D3B31c1ecD2c7B6860eeabAf-1722957908185,BUY,mlb-nym-tex-2026-09-23-spread-away-1pt5,Spread: New York Mets (-1.5),New York Mets,0.370000005,15.873016,5.87,231,skipped,their trade is only 6 USD,,
2026-09-24 01:03:32,1790204612343,0xcd84d7f9262516865553555751609fb6f52abec6,Donkey14,BUY,mlb-tb-nyy-2026-09-23,Tampa Bay Rays vs. New York Yankees,Tampa Bay Rays,0.44,5.03,2.21,411,skipped,their trade is only 2 USD,,
2026-09-24 01:03:32,1790204612344,0xcd84d7f9262516865553555751609fb6f52abec6,Donkey14,BUY,mlb-tb-nyy-2026-09-23,Tampa Bay Rays vs. New York Yankees,Tampa Bay Rays,0.44,340.51,149.82,405,skipped,max open copies reached,,
2026-09-24 01:03:32,1790204612344,0xcd84d7f9262516865553555751609fb6f52abec6,Donkey14,BUY,mlb-cws-kc-2026-09-23-spread-away-1pt5,Spread: Chicago White Sox (-1.5),Chicago White Sox,0.4,5.55,2.22,404,skipped,their trade is only 2 USD,,
2026-09-24 01:03:32,1790204612344,0xcd84d7f9262516865553555751609fb6f52abec6,Donkey14,BUY,mlb-cle-bos-2026-09-23-spread-home-1pt5,Spread: Boston Red Sox (-1.5),Cleveland Guardians,0.64,540.0,345.6,402,skipped,max open copies reached,,
2026-09-24 01:03:32,1790204612345,0xcd84d7f9262516865553555751609fb6f52abec6,Donkey14,BUY,mlb-cws-kc-2026-09-23-spread-away-1pt5,Spread: Chicago White Sox (-1.5),Chicago White Sox,0.4,9.3,3.72,401,skipped,their trade is only 4 USD,,
2026-09-24 01:03:32,1790204612345,0xcd84d7f9262516865553555751609fb6f52abec6,Donkey14,BUY,mlb-ari-col-2026-09-23-spread-away-1pt5,Spread: Arizona Diamondbacks (-1.5),Colorado Rockies,0.5,19.14,9.57,398,skipped,their trade is only 10 USD,,
2026-09-24 01:03:32,1790204612345,0xcd84d7f9262516865553555751609fb6f52abec6,Donkey14,BUY,mlb-cws-kc-2026-09-23-spread-away-1pt5,Spread: Chicago White Sox (-1.5),Chicago White Sox,0.4,11.07,4.43,393,skipped,their trade is only 4 USD,,
2026-09-24 01:03:32,1790204612345,0xcd84d7f9262516865553555751609fb6f52abec6,Donkey14,BUY,mlb-tb-nyy-2026-09-23,Tampa Bay Rays vs. New York Yankees,Tampa Bay Rays,0.44,24590.803572,10819.95,389,skipped,max open copies reached,,
2026-09-24 01:03:32,1790204612345,0xcd84d7f9262516865553555751609fb6f52abec6,Donkey14,BUY,mlb-cws-kc-2026-09-23-spread-away-1pt5,Spread: Chicago White Sox (-1.5),Chicago White Sox,0.4,16.0,6.4,383,skipped,their trade is only 6 USD,,
2026-09-24 01:03:32,1790204612346,0xcd84d7f9262516865553555751609fb6f52abec6,Donkey14,BUY,mlb-ari-col-2026-09-23-spread-away-1pt5,Spread: Arizona Diamondbacks (-1.5),Colorado Rockies,0.5,20.15,10.07,375,skipped,their trade is only 10 USD,,
2026-09-24 01:03:32,1790204612346,0xcd84d7f9262516865553555751609fb6f52abec6,Donkey14,BUY,mlb-tb-nyy-2026-09-23,Tampa Bay Rays vs. New York Yankees,Tampa Bay Rays,0.44,86.64,38.12,359,skipped,their trade is only 38 USD,,
2026-09-24 01:03:32,1790204612346,0xcd84d7f9262516865553555751609fb6f52abec6,Donkey14,BUY,mlb-tb-nyy-2026-09-23,Tampa Bay Rays vs. New York Yankees,Tampa Bay Rays,0.44,2094.48,921.57,359,skipped,max open copies reached,,
2026-09-24 01:03:32,1790204612346,0xcd84d7f9262516865553555751609fb6f52abec6,Donkey14,BUY,mlb-tb-nyy-2026-09-23,Tampa Bay Rays vs. New York Yankees,Tampa Bay Rays,0.44,20.14,8.86,351,skipped,their trade is only 9 USD,,
2026-09-24 01:03:32,1790204612346,0xcd84d7f9262516865553555751609fb6f52abec6,Donkey14,BUY,mlb-tb-nyy-2026-09-23,Tampa Bay Rays vs. New York Yankees,Tampa Bay Rays,0.44,42.31,18.62,350,skipped,their trade is only 19 USD,,
2026-09-24 01:03:32,1790204612347,0xcd84d7f9262516865553555751609fb6f52abec6,Donkey14,BUY,mlb-tb-nyy-2026-09-23,Tampa Bay Rays vs. New York Yankees,Tampa Bay Rays,0.44,8.05,3.54,345,skipped,their trade is only 4 USD,,
2026-09-24 01:03:32,1790204612347,0xcd84d7f9262516865553555751609fb6f52abec6,Donkey14,BUY,mlb-tb-nyy-2026-09-23,Tampa Bay Rays vs. New York Yankees,Tampa Bay Rays,0.4400000611,5.892856,2.59,345,skipped,their trade is only 3 USD,,
2026-09-24 01:03:32,1790204612347,0xcd84d7f9262516865553555751609fb6f52abec6,Donkey14,BUY,mlb-tb-nyy-2026-09-23,Tampa Bay Rays vs. New York Yankees,Tampa Bay Rays,0.44,41.3,18.17,330,skipped,their trade is only 18 USD,,
2026-09-24 01:03:32,1790204612347,0xcd84d7f9262516865553555751609fb6f52abec6,Donkey14,BUY,mlb-tb-nyy-2026-09-23,Tampa Bay Rays vs. New York Yankees,Tampa Bay Rays,0.44,53.39,23.49,317,skipped,their trade is only 23 USD,,
2026-09-24 01:03:32,1790204612347,0xcd84d7f9262516865553555751609fb6f52abec6,Donkey14,BUY,mlb-tb-nyy-2026-09-23,Tampa Bay Rays vs. New York Yankees,Tampa Bay Rays,0.44,6.04,2.66,306,skipped,their trade is only 3 USD,,
2026-09-24 01:03:32,1790204612348,0xcd84d7f9262516865553555751609fb6f52abec6,Donkey14,BUY,mlb-tb-nyy-2026-09-23,Tampa Bay Rays vs. New York Yankees,Tampa Bay Rays,0.44,240.77,105.94,302,skipped,max open copies reached,,
2026-09-24 01:03:32,1790204612348,0xcd84d7f9262516865553555751609fb6f52abec6,Donkey14,BUY,mlb-tb-nyy-2026-09-23,Tampa Bay Rays vs. New York Yankees,Tampa Bay Rays,0.44,25.18,11.08,294,skipped,their trade is only 11 USD,,
2026-09-24 01:03:32,1790204612348,0xcd84d7f9262516865553555751609fb6f52abec6,Donkey14,BUY,mlb-tb-nyy-2026-09-23,Tampa Bay Rays vs. New York Yankees,Tampa Bay Rays,0.44,51.37,22.6,285,skipped,their trade is only 23 USD,,
2026-09-24 01:03:32,1790204612348,0xcd84d7f9262516865553555751609fb6f52abec6,Donkey14,BUY,mlb-tb-nyy-2026-09-23,Tampa Bay Rays vs. New York Yankees,Tampa Bay Rays,0.44,89.0,39.16,281,skipped,their trade is only 39 USD,,
2026-09-24 01:03:32,1790204612348,0xcd84d7f9262516865553555751609fb6f52abec6,Donkey14,BUY,mlb-tb-nyy-2026-09-23,Tampa Bay Rays vs. New York Yankees,Tampa Bay Rays,0.44,10.07,4.43,264,skipped,their trade is only 4 USD,,
2026-09-24 01:03:32,1790204612348,0xcd84d7f9262516865553555751609fb6f52abec6,Donkey14,BUY,mlb-tb-nyy-2026-09-23,Tampa Bay Rays vs. New York Yankees,Tampa Bay Rays,0.4400000672,3.571429,1.57,261,skipped,their trade is only 2 USD,,
2026-09-24 01:03:32,1790204612349,0xcd84d7f9262516865553555751609fb6f52abec6,Donkey14,BUY,mlb-tb-nyy-2026-09-23,Tampa Bay Rays vs. New York Yankees,Tampa Bay Rays,0.44,121.9,53.64,260,skipped,max open copies reached,,
2026-09-24 01:03:32,1790204612349,0xcd84d7f9262516865553555751609fb6f52abec6,Donkey14,BUY,mlb-tb-nyy-2026-09-23,Tampa Bay Rays vs. New York Yankees,Tampa Bay Rays,0.44,70.52,31.03,258,skipped,their trade is only 31 USD,,
2026-09-24 01:03:32,1790204612349,0xcd84d7f9262516865553555751609fb6f52abec6,Donkey14,BUY,mlb-tb-nyy-2026-09-23,Tampa Bay Rays vs. New York Yankees,Tampa Bay Rays,0.44,43.32,19.06,239,skipped,their trade is only 19 USD,,
2026-09-24 01:03:32,1790204612349,0xcd84d7f9262516865553555751609fb6f52abec6,Donkey14,BUY,mlb-tb-nyy-2026-09-23,Tampa Bay Rays vs. New York Yankees,Tampa Bay Rays,0.44,44.53,19.59,237,skipped,their trade is only 20 USD,,
2026-09-24 01:03:32,1790204612349,0xcd84d7f9262516865553555751609fb6f52abec6,Donkey14,BUY,mlb-ari-col-2026-09-23-spread-away-1pt5,Spread: Arizona Diamondbacks (-1.5),Colorado Rockies,0.5,13.64,6.82,183,skipped,their trade is only 7 USD,,
2026-09-24 01:03:34,1790204614993,0x27f738fe203827445690339104aae35b20bc44b0,ic4cream,BUY,wnba-dal-sea-2026-09-23,Dallas Wings vs. Seattle Storm,Seattle Storm,0.22,13.0,2.86,342,skipped,wallet no longer passes the gate,,
2026-09-24 01:03:34,1790204614994,0x27f738fe203827445690339104aae35b20bc44b0,ic4cream,BUY,wnba-dal-sea-2026-09-23,Dallas Wings vs. Seattle Storm,Seattle Storm,0.22,6.0,1.32,303,skipped,wallet no longer passes the gate,,
2026-09-24 01:03:34,1790204614994,0x27f738fe203827445690339104aae35b20bc44b0,ic4cream,BUY,wnba-dal-sea-2026-09-23,Dallas Wings vs. Seattle Storm,Seattle Storm,0.22,33.68,7.41,302,skipped,wallet no longer passes the gate,,
2026-09-24 01:03:34,1790204614994,0x27f738fe203827445690339104aae35b20bc44b0,ic4cream,BUY,wnba-dal-sea-2026-09-23,Dallas Wings vs. Seattle Storm,Seattle Storm,0.22,6.0,1.32,246,skipped,wallet no longer passes the gate,,
2026-09-24 01:03:34,1790204614994,0x27f738fe203827445690339104aae35b20bc44b0,ic4cream,BUY,wnba-dal-sea-2026-09-23,Dallas Wings vs. Seattle Storm,Seattle Storm,0.22,8.49,1.87,219,skipped,wallet no longer passes the gate,,
2026-09-24 01:03:34,1790204614994,0x27f738fe203827445690339104aae35b20bc44b0,ic4cream,BUY,wnba-dal-sea-2026-09-23,Dallas Wings vs. Seattle Storm,Seattle Storm,0.22,13.0,2.86,204,skipped,wallet no longer passes the gate,,
2026-09-24 01:03:34,1790204614995,0x27f738fe203827445690339104aae35b20bc44b0,ic4cream,BUY,wnba-dal-sea-2026-09-23,Dallas Wings vs. Seattle Storm,Seattle Storm,0.22,21.19,4.66,198,skipped,wallet no longer passes the gate,,
2026-09-24 01:03:34,1790204614995,0x27f738fe203827445690339104aae35b20bc44b0,ic4cream,BUY,wnba-dal-sea-2026-09-23,Dallas Wings vs. Seattle Storm,Seattle Storm,0.22,123.0,27.06,191,skipped,wallet no longer passes the gate,,
2026-09-24 01:03:34,1790204614995,0x27f738fe203827445690339104aae35b20bc44b0,ic4cream,BUY,wnba-dal-sea-2026-09-23,Dallas Wings vs. Seattle Storm,Seattle Storm,0.22,102.29,22.5,188,skipped,wallet no longer passes the gate,,
2026-09-24 01:03:34,1790204614995,0x27f738fe203827445690339104aae35b20bc44b0,ic4cream,BUY,wnba-dal-sea-2026-09-23,Dallas Wings vs. Seattle Storm,Seattle Storm,0.22,21.0,4.62,180,skipped,wallet no longer passes the gate,,
2026-09-24 01:03:34,1790204614995,0x27f738fe203827445690339104aae35b20bc44b0,ic4cream,BUY,wnba-dal-sea-2026-09-23,Dallas Wings vs. Seattle Storm,Seattle Storm,0.22,78.58,17.29,164,skipped,wallet no longer passes the gate,,
2026-09-24 01:03:34,1790204614995,0x27f738fe203827445690339104aae35b20bc44b0,ic4cream,BUY,wnba-dal-sea-2026-09-23,Dallas Wings vs. Seattle Storm,Seattle Storm,0.22,6.23,1.37,143,skipped,wallet no longer passes the gate,,
2026-09-24 01:03:34,1790204614996,0x27f738fe203827445690339104aae35b20bc44b0,ic4cream,BUY,wnba-dal-sea-2026-09-23,Dallas Wings vs. Seattle Storm,Seattle Storm,0.22,12.0,2.64,132,skipped,wallet no longer passes the gate,,
2026-09-24 01:03:34,1790204614996,0x27f738fe203827445690339104aae35b20bc44b0,ic4cream,BUY,wnba-dal-sea-2026-09-23,Dallas Wings vs. Seattle Storm,Seattle Storm,0.22,31.17,6.86,131,skipped,wallet no longer passes the gate,,
2026-09-24 01:03:34,1790204614996,0x27f738fe203827445690339104aae35b20bc44b0,ic4cream,BUY,wnba-dal-sea-2026-09-23,Dallas Wings vs. Seattle Storm,Seattle Storm,0.22,7.0,1.54,129,skipped,wallet no longer passes the gate,,
2026-09-24 01:03:34,1790204614996,0x27f738fe203827445690339104aae35b20bc44b0,ic4cream,BUY,wnba-dal-sea-2026-09-23,Dallas Wings vs. Seattle Storm,Seattle Storm,0.22,174.24,38.33,59,skipped,wallet no longer passes the gate,,
2026-09-24 01:03:34,1790204614996,0x27f738fe203827445690339104aae35b20bc44b0,ic4cream,BUY,wnba-dal-sea-2026-09-23,Dallas Wings vs. Seattle Storm,Seattle Storm,0.22,5.0,1.1,57,skipped,wallet no longer passes the gate,,
2026-09-24 01:03:34,1790204614997,0x27f738fe203827445690339104aae35b20bc44b0,ic4cream,BUY,wnba-dal-sea-2026-09-23,Dallas Wings vs. Seattle Storm,Seattle Storm,0.22,13.71,3.02,17,skipped,wallet no longer passes the gate,,
2026-09-24 01:08:30,1790204910910,0x3dfb153c197d4c19d3b31c1ecd2c7b6860eeabaf,0x3DFb153c197D4C19D3B31c1ecD2c7B6860eeabAf-1722957908185,BUY,mlb-laa-oak-2026-09-23,Los Angeles Angels vs. Athletics,Los Angeles Angels,0.55,22.22,12.22,218,skipped,their trade is only 12 USD,,
2026-09-24 01:09:32,1790204972256,0xcd84d7f9262516865553555751609fb6f52abec6,Donkey14,BUY,mlb-cle-bos-2026-09-23-spread-home-1pt5,Spread: Boston Red Sox (-1.5),Cleveland Guardians,0.64,1388.888889,888.89,519,skipped,max open copies reached,,
2026-09-24 01:09:32,1790204972257,0xcd84d7f9262516865553555751609fb6f52abec6,Donkey14,BUY,mlb-cws-kc-2026-09-23,Chicago White Sox vs. Kansas City Royals,Kansas City Royals,0.4700000132,22.64151,10.64,504,skipped,their trade is only 11 USD,,
2026-09-24 01:09:32,1790204972257,0xcd84d7f9262516865553555751609fb6f52abec6,Donkey14,BUY,mlb-cle-bos-2026-09-23-spread-home-1pt5,Spread: Boston Red Sox (-1.5),Cleveland Guardians,0.64,1388.888889,888.89,495,skipped,max open copies reached,,
2026-09-24 01:09:32,1790204972257,0xcd84d7f9262516865553555751609fb6f52abec6,Donkey14,BUY,mlb-cws-kc-2026-09-23,Chicago White Sox vs. Kansas City Royals,Chicago White Sox,0.52,31.25,16.25,495,skipped,their trade is only 16 USD,,
2026-09-24 01:09:32,1790204972258,0xcd84d7f9262516865553555751609fb6f52abec6,Donkey14,BUY,mlb-cws-kc-2026-09-23-spread-away-1pt5,Spread: Chicago White Sox (-1.5),Chicago White Sox,0.4,42.0,16.8,494,skipped,their trade is only 17 USD,,
2026-09-24 01:09:32,1790204972258,0xcd84d7f9262516865553555751609fb6f52abec6,Donkey14,BUY,mlb-cws-kc-2026-09-23-spread-away-1pt5,Spread: Chicago White Sox (-1.5),Chicago White Sox,0.4,120.0,48.0,492,skipped,their trade is only 48 USD,,
2026-09-24 01:09:32,1790204972258,0xcd84d7f9262516865553555751609fb6f52abec6,Donkey14,BUY,mlb-mia-chc-2026-09-23,Miami Marlins vs. Chicago Cubs,Miami Marlins,0.3700000039,66.587302,24.64,470,skipped,their trade is only 25 USD,,
2026-09-24 01:09:32,1790204972259,0xcd84d7f9262516865553555751609fb6f52abec6,Donkey14,BUY,mlb-mia-chc-2026-09-23,Miami Marlins vs. Chicago Cubs,Miami Marlins,0.3700000001,3174.603175,1174.6,453,skipped,max open copies reached,,
2026-09-24 01:09:32,1790204972259,0xcd84d7f9262516865553555751609fb6f52abec6,Donkey14,BUY,mlb-ari-col-2026-09-23-spread-away-1pt5,Spread: Arizona Diamondbacks (-1.5),Colorado Rockies,0.5,147.0,73.5,447,skipped,max open copies reached,,
2026-09-24 01:09:32,1790204972259,0xcd84d7f9262516865553555751609fb6f52abec6,Donkey14,BUY,mlb-sd-lad-2026-09-23-spread-home-1pt5,Spread: Los Angeles Dodgers (-1.5),San Diego Padres,0.51,4294.47,2190.18,437,skipped,max open copies reached,,
2026-09-24 01:09:32,1790204972259,0xcd84d7f9262516865553555751609fb6f52abec6,Donkey14,BUY,mlb-ari-col-2026-09-23-spread-away-1pt5,Spread: Arizona Diamondbacks (-1.5),Colorado Rockies,0.5,11.0,5.5,432,skipped,their trade is only 6 USD,,
2026-09-24 01:09:32,1790204972260,0xcd84d7f9262516865553555751609fb6f52abec6,Donkey14,BUY,mlb-cws-kc-2026-09-23-spread-away-1pt5,Spread: Chicago White Sox (-1.5),Chicago White Sox,0.400000024,8.333332,3.33,261,skipped,their trade is only 3 USD,,
2026-09-24 01:09:34,1790204974829,0x27f738fe203827445690339104aae35b20bc44b0,ic4cream,BUY,wnba-dal-sea-2026-09-23,Dallas Wings vs. Seattle Storm,Seattle Storm,0.22,25.24,5.55,348,skipped,wallet no longer passes the gate,,
2026-09-24 01:09:34,1790204974829,0x27f738fe203827445690339104aae35b20bc44b0,ic4cream,BUY,wnba-dal-sea-2026-09-23,Dallas Wings vs. Seattle Storm,Seattle Storm,0.22,6.0,1.32,339,skipped,wallet no longer passes the gate,,
2026-09-24 01:09:34,1790204974830,0x27f738fe203827445690339104aae35b20bc44b0,ic4cream,BUY,wnba-dal-sea-2026-09-23,Dallas Wings vs. Seattle Storm,Seattle Storm,0.22,12.0,2.64,282,skipped,wallet no longer passes the gate,,
2026-09-24 01:09:34,1790204974830,0x27f738fe203827445690339104aae35b20bc44b0,ic4cream,BUY,wnba-dal-sea-2026-09-23,Dallas Wings vs. Seattle Storm,Seattle Storm,0.22,6.0,1.32,222,skipped,wallet no longer passes the gate,,
2026-09-24 01:09:34,1790204974830,0x27f738fe203827445690339104aae35b20bc44b0,ic4cream,BUY,wnba-dal-sea-2026-09-23,Dallas Wings vs. Seattle Storm,Seattle Storm,0.22,37.0,8.14,194,skipped,wallet no longer passes the gate,,
2026-09-24 01:09:34,1790204974831,0x27f738fe203827445690339104aae35b20bc44b0,ic4cream,BUY,wnba-dal-sea-2026-09-23,Dallas Wings vs. Seattle Storm,Seattle Storm,0.22,60.0,13.2,174,skipped,wallet no longer passes the gate,,
2026-09-24 01:09:34,1790204974831,0x27f738fe203827445690339104aae35b20bc44b0,ic4cream,BUY,wnba-dal-sea-2026-09-23,Dallas Wings vs. Seattle Storm,Seattle Storm,0.22,48.0,10.56,135,skipped,wallet no longer passes the gate,,
2026-09-24 01:09:34,1790204974831,0x27f738fe203827445690339104aae35b20bc44b0,ic4cream,BUY,wnba-dal-sea-2026-09-23,Dallas Wings vs. Seattle Storm,Seattle Storm,0.22,8.0,1.76,113,skipped,wallet no longer passes the gate,,
2026-09-24 01:09:34,1790204974831,0x27f738fe203827445690339104aae35b20bc44b0,ic4cream,BUY,wnba-dal-sea-2026-09-23,Dallas Wings vs. Seattle Storm,Seattle Storm,0.22,30.0,6.6,105,skipped,wallet no longer passes the gate,,
2026-09-24 01:09:34,1790204974831,0x27f738fe203827445690339104aae35b20bc44b0,ic4cream,BUY,wnba-dal-sea-2026-09-23,Dallas Wings vs. Seattle Storm,Seattle Storm,0.22,93.56,20.58,96,skipped,wallet no longer passes the gate,,
2026-09-24 01:09:34,1790204974832,0x27f738fe203827445690339104aae35b20bc44b0,ic4cream,BUY,wnba-dal-sea-2026-09-23,Dallas Wings vs. Seattle Storm,Seattle Storm,0.22,24.0,5.28,75,skipped,wallet no longer passes the gate,,
2026-09-24 01:09:34,1790204974832,0x27f738fe203827445690339104aae35b20bc44b0,ic4cream,BUY,wnba-dal-sea-2026-09-23,Dallas Wings vs. Seattle Storm,Seattle Storm,0.22,12.0,2.64,66,skipped,wallet no longer passes the gate,,
2026-09-24 01:09:34,1790204974832,0x27f738fe203827445690339104aae35b20bc44b0,ic4cream,BUY,wnba-dal-sea-2026-09-23,Dallas Wings vs. Seattle Storm,Seattle Storm,0.22,24.0,5.28,48,skipped,wallet no longer passes the gate,,
2026-09-24 01:09:34,1790204974832,0x27f738fe203827445690339104aae35b20bc44b0,ic4cream,BUY,wnba-dal-sea-2026-09-23,Dallas Wings vs. Seattle Storm,Seattle Storm,0.22,60.0,13.2,44,skipped,wallet no longer passes the gate,,
2026-09-24 01:09:34,1790204974832,0x27f738fe203827445690339104aae35b20bc44b0,ic4cream,BUY,wnba-dal-sea-2026-09-23,Dallas Wings vs. Seattle Storm,Seattle Storm,0.22,12.33,2.71,36,skipped,wallet no longer passes the gate,,
2026-09-24 01:09:34,1790204974832,0x27f738fe203827445690339104aae35b20bc44b0,ic4cream,BUY,wnba-dal-sea-2026-09-23,Dallas Wings vs. Seattle Storm,Seattle Storm,0.22,12.0,2.64,17,skipped,wallet no longer passes the gate,,
2026-09-24 01:09:34,1790204974833,0x27f738fe203827445690339104aae35b20bc44b0,ic4cream,BUY,wnba-dal-sea-2026-09-23,Dallas Wings vs. Seattle Storm,Seattle Storm,0.22,386.72,85.08,9,skipped,wallet no longer passes the gate,,
2026-09-24 01:14:30,1790205270971,0x3dfb153c197d4c19d3b31c1ecd2c7b6860eeabaf,0x3DFb153c197D4C19D3B31c1ecD2c7B6860eeabAf-1722957908185,BUY,mlb-nym-tex-2026-09-23,New York Mets vs. Texas Rangers,New York Mets,0.5,8.0,4.0,479,skipped,their trade is only 4 USD,,
2026-09-24 01:14:30,1790205270971,0x3dfb153c197d4c19d3b31c1ecd2c7b6860eeabaf,0x3DFb153c197D4C19D3B31c1ecD2c7B6860eeabAf-1722957908185,BUY,mlb-nym-tex-2026-09-23-spread-away-1pt5,Spread: New York Mets (-1.5),New York Mets,0.370000005,7.936508,2.94,252,skipped,their trade is only 3 USD,,
2026-09-24 01:14:30,1790205270972,0x3dfb153c197d4c19d3b31c1ecd2c7b6860eeabaf,0x3DFb153c197D4C19D3B31c1ecD2c7B6860eeabAf-1722957908185,BUY,mlb-nym-tex-2026-09-23-spread-away-1pt5,Spread: New York Mets (-1.5),New York Mets,0.3700000315,1.904762,0.7,252,skipped,their trade is only 1 USD,,
2026-09-24 01:15:32,1790205332299,0xcd84d7f9262516865553555751609fb6f52abec6,Donkey14,BUY,mlb-ari-col-2026-09-23-spread-away-1pt5,Spread: Arizona Diamondbacks (-1.5),Colorado Rockies,0.5,20.0,10.0,435,skipped,their trade is only 10 USD,,
2026-09-24 01:15:34,1790205334865,0x27f738fe203827445690339104aae35b20bc44b0,ic4cream,BUY,wnba-dal-sea-2026-09-23,Dallas Wings vs. Seattle Storm,Seattle Storm,0.22,7.0,1.54,342,skipped,wallet no longer passes the gate,,
2026-09-24 01:15:34,1790205334866,0x27f738fe203827445690339104aae35b20bc44b0,ic4cream,BUY,wnba-dal-sea-2026-09-23,Dallas Wings vs. Seattle Storm,Seattle Storm,0.22,6.45,1.42,321,skipped,wallet no longer passes the gate,,
2026-09-24 01:15:34,1790205334866,0x27f738fe203827445690339104aae35b20bc44b0,ic4cream,BUY,wnba-dal-sea-2026-09-23,Dallas Wings vs. Seattle Storm,Seattle Storm,0.22,20.0,4.4,320,skipped,wallet no longer passes the gate,,
2026-09-24 01:15:34,1790205334867,0x27f738fe203827445690339104aae35b20bc44b0,ic4cream,BUY,wnba-dal-sea-2026-09-23,Dallas Wings vs. Seattle Storm,Seattle Storm,0.22,6.32,1.39,317,skipped,wallet no longer passes the gate,,
2026-09-24 01:15:34,1790205334867,0x27f738fe203827445690339104aae35b20bc44b0,ic4cream,BUY,wnba-dal-sea-2026-09-23,Dallas Wings vs. Seattle Storm,Seattle Storm,0.22,9.97,2.19,305,skipped,wallet no longer passes the gate,,
2026-09-24 01:15:34,1790205334867,0x27f738fe203827445690339104aae35b20bc44b0,ic4cream,BUY,wnba-dal-sea-2026-09-23,Dallas Wings vs. Seattle Storm,Seattle Storm,0.22,6.0,1.32,261,skipped,wallet no longer passes the gate,,
2026-09-24 01:15:34,1790205334867,0x27f738fe203827445690339104aae35b20bc44b0,ic4cream,BUY,wnba-dal-sea-2026-09-23,Dallas Wings vs. Seattle Storm,Seattle Storm,0.22,65.98,14.52,227,skipped,wallet no longer passes the gate,,
2026-09-24 01:15:34,1790205334868,0x27f738fe203827445690339104aae35b20bc44b0,ic4cream,BUY,wnba-dal-sea-2026-09-23,Dallas Wings vs. Seattle Storm,Seattle Storm,0.22,7.0,1.54,210,skipped,wallet no longer passes the gate,,
2026-09-24 01:15:34,1790205334868,0x27f738fe203827445690339104aae35b20bc44b0,ic4cream,BUY,wnba-dal-sea-2026-09-23,Dallas Wings vs. Seattle Storm,Seattle Storm,0.22,124.74,27.44,164,skipped,wallet no longer passes the gate,,
2026-09-24 01:15:34,1790205334868,0x27f738fe203827445690339104aae35b20bc44b0,ic4cream,BUY,wnba-dal-sea-2026-09-23,Dallas Wings vs. Seattle Storm,Seattle Storm,0.22,31.18,6.86,152,skipped,wallet no longer passes the gate,,
2026-09-24 01:15:34,1790205334868,0x27f738fe203827445690339104aae35b20bc44b0,ic4cream,BUY,wnba-dal-sea-2026-09-23,Dallas Wings vs. Seattle Storm,Seattle Storm,0.22,200.0,44.0,116,skipped,wallet no longer passes the gate,,
2026-09-24 01:15:34,1790205334868,0x27f738fe203827445690339104aae35b20bc44b0,ic4cream,BUY,wnba-dal-sea-2026-09-23,Dallas Wings vs. Seattle Storm,Seattle Storm,0.22,15.0,3.3,104,skipped,wallet no longer passes the gate,,
2026-09-24 01:15:34,1790205334869,0x27f738fe203827445690339104aae35b20bc44b0,ic4cream,BUY,wnba-dal-sea-2026-09-23,Dallas Wings vs. Seattle Storm,Seattle Storm,0.22,20.0,4.4,63,skipped,wallet no longer passes the gate,,
2026-09-24 01:15:34,1790205334869,0x27f738fe203827445690339104aae35b20bc44b0,ic4cream,BUY,wnba-dal-sea-2026-09-23,Dallas Wings vs. Seattle Storm,Seattle Storm,0.22,15.0,3.3,59,skipped,wallet no longer passes the gate,,
2026-09-24 01:15:34,1790205334869,0x27f738fe203827445690339104aae35b20bc44b0,ic4cream,BUY,wnba-dal-sea-2026-09-23,Dallas Wings vs. Seattle Storm,Seattle Storm,0.22,48.49,10.67,24,skipped,wallet no longer passes the gate,,
2026-09-24 01:15:34,1790205334869,0x27f738fe203827445690339104aae35b20bc44b0,ic4cream,BUY,wnba-dal-sea-2026-09-23,Dallas Wings vs. Seattle Storm,Seattle Storm,0.22,469.0,103.18,8,skipped,wallet no longer passes the gate,,
2026-09-24 01:20:30,1790205630935,0x3dfb153c197d4c19d3b31c1ecd2c7b6860eeabaf,0x3DFb153c197D4C19D3B31c1ecD2c7B6860eeabAf-1722957908185,BUY,mlb-laa-oak-2026-09-23,Los Angeles Angels vs. Athletics,Los Angeles Angels,0.55,22.22,12.22,372,skipped,their trade is only 12 USD,,
2026-09-24 01:20:30,1790205630936,0x3dfb153c197d4c19d3b31c1ecd2c7b6860eeabaf,0x3DFb153c197D4C19D3B31c1ecD2c7B6860eeabAf-1722957908185,BUY,mlb-cin-atl-2026-09-23-spread-home-1pt5,Spread: Atlanta Braves (-1.5),Atlanta Braves,0.53,9687.23,5134.23,303,skipped,max open copies reached,,
2026-09-24 01:20:30,1790205630936,0x3dfb153c197d4c19d3b31c1ecd2c7b6860eeabaf,0x3DFb153c197D4C19D3B31c1ecD2c7B6860eeabAf-1722957908185,BUY,mlb-nym-tex-2026-09-23-spread-away-1pt5,Spread: New York Mets (-1.5),New York Mets,0.370000042,5.238094,1.94,299,skipped,their trade is only 2 USD,,
2026-09-24 01:20:30,1790205630936,0x3dfb153c197d4c19d3b31c1ecd2c7b6860eeabaf,0x3DFb153c197D4C19D3B31c1ecD2c7B6860eeabAf-1722957908185,BUY,mlb-cin-atl-2026-09-23-spread-home-1pt5,Spread: Atlanta Braves (-1.5),Atlanta Braves,0.53,193.0,102.29,299,skipped,max open copies reached,,
2026-09-24 01:20:30,1790205630937,0x3dfb153c197d4c19d3b31c1ecd2c7b6860eeabaf,0x3DFb153c197D4C19D3B31c1ecD2c7B6860eeabAf-1722957908185,BUY,mlb-cin-atl-2026-09-23-spread-home-1pt5,Spread: Atlanta Braves (-1.5),Atlanta Braves,0.53,12.56,6.66,293,skipped,their trade is only 7 USD,,
2026-09-24 01:20:30,1790205630937,0x3dfb153c197d4c19d3b31c1ecd2c7b6860eeabaf,0x3DFb153c197D4C19D3B31c1ecD2c7B6860eeabAf-1722957908185,BUY,mlb-cin-atl-2026-09-23-spread-home-1pt5,Spread: Atlanta Braves (-1.5),Atlanta Braves,0.53,11.86,6.29,270,skipped,their trade is only 6 USD,,
2026-09-24 01:20:30,1790205630937,0x3dfb153c197d4c19d3b31c1ecd2c7b6860eeabaf,0x3DFb153c197D4C19D3B31c1ecD2c7B6860eeabAf-1722957908185,BUY,mlb-cin-atl-2026-09-23-spread-home-1pt5,Spread: Atlanta Braves (-1.5),Atlanta Braves,0.53,9.57,5.07,267,skipped,their trade is only 5 USD,,
2026-09-24 01:21:32,1790205692403,0xcd84d7f9262516865553555751609fb6f52abec6,Donkey14,BUY,mlb-mia-chc-2026-09-23,Miami Marlins vs. Chicago Cubs,Miami Marlins,0.37,1984.0,734.08,519,skipped,max open copies reached,,
2026-09-24 01:21:32,1790205692403,0xcd84d7f9262516865553555751609fb6f52abec6,Donkey14,BUY,mlb-ari-col-2026-09-23-spread-away-1pt5,Spread: Arizona Diamondbacks (-1.5),Colorado Rockies,0.5,580.35,290.18,450,skipped,max open copies reached,,
2026-09-24 01:21:32,1790205692404,0xcd84d7f9262516865553555751609fb6f52abec6,Donkey14,BUY,mlb-cws-kc-2026-09-23-spread-away-1pt5,Spread: Chicago White Sox (-1.5),Chicago White Sox,0.4,17.0,6.8,450,skipped,their trade is only 7 USD,,
2026-09-24 01:21:32,1790205692404,0xcd84d7f9262516865553555751609fb6f52abec6,Donkey14,BUY,mlb-cws-kc-2026-09-23,Chicago White Sox vs. Kansas City Royals,Chicago White Sox,0.52,125.0,65.0,362,skipped,max open copies reached,,
2026-09-24 01:21:32,1790205692404,0xcd84d7f9262516865553555751609fb6f52abec6,Donkey14,BUY,mlb-cws-kc-2026-09-23-spread-away-1pt5,Spread: Chicago White Sox (-1.5),Chicago White Sox,0.4,33.0,13.2,353,skipped,their trade is only 13 USD,,
2026-09-24 01:21:32,1790205692404,0xcd84d7f9262516865553555751609fb6f52abec6,Donkey14,BUY,mlb-ari-col-2026-09-23-spread-away-1pt5,Spread: Arizona Diamondbacks (-1.5),Colorado Rockies,0.5,19.14,9.57,348,skipped,their trade is only 10 USD,,
2026-09-24 01:21:32,1790205692404,0xcd84d7f9262516865553555751609fb6f52abec6,Donkey14,BUY,mlb-cws-kc-2026-09-23,Chicago White Sox vs. Kansas City Royals,Chicago White Sox,0.5200001536,2.083334,1.08,197,skipped,their trade is only 1 USD,,
2026-09-24 01:21:32,1790205692404,0xcd84d7f9262516865553555751609fb6f52abec6,Donkey14,BUY,mlb-cws-kc-2026-09-23-spread-away-1pt5,Spread: Chicago White Sox (-1.5),Chicago White Sox,0.4,164.0,65.6,137,skipped,max open copies reached,,
2026-09-24 01:21:32,1790205692405,0xcd84d7f9262516865553555751609fb6f52abec6,Donkey14,BUY,mlb-cws-kc-2026-09-23,Chicago White Sox vs. Kansas City Royals,Chicago White Sox,0.52,125.0,65.0,125,skipped,max open copies reached,,
2026-09-24 01:21:32,1790205692405,0xcd84d7f9262516865553555751609fb6f52abec6,Donkey14,BUY,mlb-cws-kc-2026-09-23,Chicago White Sox vs. Kansas City Royals,Chicago White Sox,0.52,437.5,227.5,125,skipped,max open copies reached,,
2026-09-24 01:21:32,1790205692405,0xcd84d7f9262516865553555751609fb6f52abec6,Donkey14,BUY,mlb-sd-lad-2026-09-23-spread-home-1pt5,Spread: Los Angeles Dodgers (-1.5),San Diego Padres,0.5100000001,2040.816327,1040.82,120,skipped,max open copies reached,,
2026-09-24 01:21:32,1790205692405,0xcd84d7f9262516865553555751609fb6f52abec6,Donkey14,BUY,mlb-mia-chc-2026-09-23,Miami Marlins vs. Chicago Cubs,Miami Marlins,0.370000005,31.746032,11.75,107,skipped,their trade is only 12 USD,,
2026-09-24 01:21:32,1790205692405,0xcd84d7f9262516865553555751609fb6f52abec6,Donkey14,BUY,mlb-mia-chc-2026-09-23,Miami Marlins vs. Chicago Cubs,Miami Marlins,0.370000005,31.746032,11.75,83,skipped,their trade is only 12 USD,,
2026-09-24 01:21:32,1790205692406,0xcd84d7f9262516865553555751609fb6f52abec6,Donkey14,BUY,mlb-mia-chc-2026-09-23,Miami Marlins vs. Chicago Cubs,Miami Marlins,0.3700000018,79.365078,29.37,80,skipped,their trade is only 29 USD,,
2026-09-24 01:21:32,1790205692406,0xcd84d7f9262516865553555751609fb6f52abec6,Donkey14,BUY,mlb-cws-kc-2026-09-23,Chicago White Sox vs. Kansas City Royals,Kansas City Royals,0.470000002,188.679246,88.68,65,skipped,max open copies reached,,
2026-09-24 01:21:32,1790205692406,0xcd84d7f9262516865553555751609fb6f52abec6,Donkey14,BUY,mlb-ari-col-2026-09-23-spread-away-1pt5,Spread: Arizona Diamondbacks (-1.5),Colorado Rockies,0.5,209.57,104.78,30,skipped,max open copies reached,,
2026-09-24 01:21:32,1790205692406,0xcd84d7f9262516865553555751609fb6f52abec6,Donkey14,BUY,mlb-cws-kc-2026-09-23,Chicago White Sox vs. Kansas City Royals,Chicago White Sox,0.5200000154,20.833334,10.83,17,skipped,their trade is only 11 USD,,
2026-09-24 01:21:35,1790205695042,0x27f738fe203827445690339104aae35b20bc44b0,ic4cream,BUY,wnba-dal-sea-2026-09-23,Dallas Wings vs. Seattle Storm,Seattle Storm,0.22,30.0,6.6,357,skipped,wallet no longer passes the gate,,
2026-09-24 01:21:35,1790205695043,0x27f738fe203827445690339104aae35b20bc44b0,ic4cream,BUY,wnba-dal-sea-2026-09-23,Dallas Wings vs. Seattle Storm,Seattle Storm,0.22,30.0,6.6,351,skipped,wallet no longer passes the gate,,
2026-09-24 01:21:35,1790205695043,0x27f738fe203827445690339104aae35b20bc44b0,ic4cream,BUY,wnba-dal-sea-2026-09-23,Dallas Wings vs. Seattle Storm,Seattle Storm,0.22,15.0,3.3,341,skipped,wallet no longer passes the gate,,
2026-09-24 01:21:35,1790205695043,0x27f738fe203827445690339104aae35b20bc44b0,ic4cream,BUY,wnba-dal-sea-2026-09-23,Dallas Wings vs. Seattle Storm,Seattle Storm,0.22,8.23,1.81,333,skipped,wallet no longer passes the gate,,
2026-09-24 01:21:35,1790205695043,0x27f738fe203827445690339104aae35b20bc44b0,ic4cream,BUY,wnba-dal-sea-2026-09-23,Dallas Wings vs. Seattle Storm,Seattle Storm,0.22,10.0,2.2,290,skipped,wallet no longer passes the gate,,
2026-09-24 01:21:35,1790205695044,0x27f738fe203827445690339104aae35b20bc44b0,ic4cream,BUY,wnba-dal-sea-2026-09-23,Dallas Wings vs. Seattle Storm,Seattle Storm,0.22,31.18,6.86,284,skipped,wallet no longer passes the gate,,
2026-09-24 01:21:35,1790205695044,0x27f738fe203827445690339104aae35b20bc44b0,ic4cream,BUY,wnba-dal-sea-2026-09-23,Dallas Wings vs. Seattle Storm,Seattle Storm,0.22,22.66,4.99,272,skipped,wallet no longer passes the gate,,
2026-09-24 01:21:35,1790205695044,0x27f738fe203827445690339104aae35b20bc44b0,ic4cream,BUY,wnba-dal-sea-2026-09-23,Dallas Wings vs. Seattle Storm,Seattle Storm,0.22,30.0,6.6,228,skipped,wallet no longer passes the gate,,
2026-09-24 01:21:35,1790205695044,0x27f738fe203827445690339104aae35b20bc44b0,ic4cream,BUY,wnba-dal-sea-2026-09-23,Dallas Wings vs. Seattle Storm,Seattle Storm,0.22,34.0,7.48,155,skipped,wallet no longer passes the gate,,
2026-09-24 01:21:35,1790205695044,0x27f738fe203827445690339104aae35b20bc44b0,ic4cream,BUY,wnba-dal-sea-2026-09-23,Dallas Wings vs. Seattle Storm,Seattle Storm,0.22,19.0,4.18,152,skipped,wallet no longer passes the gate,,
2026-09-24 01:21:35,1790205695045,0x27f738fe203827445690339104aae35b20bc44b0,ic4cream,BUY,wnba-dal-sea-2026-09-23,Dallas Wings vs. Seattle Storm,Seattle Storm,0.22,24.0,5.28,150,skipped,wallet no longer passes the gate,,
2026-09-24 01:21:35,1790205695045,0x27f738fe203827445690339104aae35b20bc44b0,ic4cream,BUY,wnba-dal-sea-2026-09-23,Dallas Wings vs. Seattle Storm,Seattle Storm,0.22,11.0,2.42,132,skipped,wallet no longer passes the gate,,
2026-09-24 01:21:35,1790205695045,0x27f738fe203827445690339104aae35b20bc44b0,ic4cream,BUY,wnba-dal-sea-2026-09-23,Dallas Wings vs. Seattle Storm,Seattle Storm,0.22,24.0,5.28,126,skipped,wallet no longer passes the gate,,
2026-09-24 01:21:35,1790205695045,0x27f738fe203827445690339104aae35b20bc44b0,ic4cream,BUY,wnba-dal-sea-2026-09-23,Dallas Wings vs. Seattle Storm,Seattle Storm,0.22,14.72,3.24,120,skipped,wallet no longer passes the gate,,
2026-09-24 01:21:35,1790205695045,0x27f738fe203827445690339104aae35b20bc44b0,ic4cream,BUY,wnba-dal-sea-2026-09-23,Dallas Wings vs. Seattle Storm,Seattle Storm,0.22,12.0,2.64,119,skipped,wallet no longer passes the gate,,
2026-09-24 01:21:35,1790205695046,0x27f738fe203827445690339104aae35b20bc44b0,ic4cream,BUY,wnba-dal-sea-2026-09-23,Dallas Wings vs. Seattle Storm,Seattle Storm,0.22,24.0,5.28,114,skipped,wallet no longer passes the gate,,
2026-09-24 01:21:35,1790205695046,0x27f738fe203827445690339104aae35b20bc44b0,ic4cream,BUY,wnba-dal-sea-2026-09-23,Dallas Wings vs. Seattle Storm,Seattle Storm,0.22,8.71,1.92,62,skipped,wallet no longer passes the gate,,
2026-09-24 01:21:35,1790205695046,0x27f738fe203827445690339104aae35b20bc44b0,ic4cream,BUY,wnba-dal-sea-2026-09-23,Dallas Wings vs. Seattle Storm,Seattle Storm,0.22,23.24,5.11,11,skipped,wallet no longer passes the gate,,
2026-09-24 01:26:30,1790205990945,0x3dfb153c197d4c19d3b31c1ecd2c7b6860eeabaf,0x3DFb153c197D4C19D3B31c1ecD2c7B6860eeabAf-1722957908185,BUY,mlb-nym-tex-2026-09-23,New York Mets vs. Texas Rangers,New York Mets,0.5,8.0,4.0,572,skipped,their trade is only 4 USD,,
2026-09-24 01:26:30,1790205990946,0x3dfb153c197d4c19d3b31c1ecd2c7b6860eeabaf,0x3DFb153c197D4C19D3B31c1ecD2c7B6860eeabAf-1722957908185,BUY,mlb-cin-atl-2026-09-23-spread-home-1pt5,Spread: Atlanta Braves (-1.5),Atlanta Braves,0.5299781973,13759.78,7292.38,516,skipped,max open copies reached,,
2026-09-24 01:26:30,1790205990946,0x3dfb153c197d4c19d3b31c1ecd2c7b6860eeabaf,0x3DFb153c197D4C19D3B31c1ecD2c7B6860eeabAf-1722957908185,BUY,mlb-cin-atl-2026-09-23-spread-home-1pt5,Spread: Atlanta Braves (-1.5),Atlanta Braves,0.4900000001,2107.941177,1032.89,477,skipped,max open copies reached,,
2026-09-24 01:26:30,1790205990946,0x3dfb153c197d4c19d3b31c1ecd2c7b6860eeabaf,0x3DFb153c197D4C19D3B31c1ecD2c7B6860eeabAf-1722957908185,BUY,mlb-cin-atl-2026-09-23-spread-home-1pt5,Spread: Atlanta Braves (-1.5),Atlanta Braves,0.49,14053.0,6885.97,477,skipped,max open copies reached,,
2026-09-24 01:26:30,1790205990946,0x3dfb153c197d4c19d3b31c1ecd2c7b6860eeabaf,0x3DFb153c197D4C19D3B31c1ecD2c7B6860eeabAf-1722957908185,BUY,mlb-cin-atl-2026-09-23-spread-home-1pt5,Spread: Atlanta Braves (-1.5),Atlanta Braves,0.49,9797.54902,4800.8,477,skipped,max open copies reached,,
2026-09-24 01:26:30,1790205990947,0x3dfb153c197d4c19d3b31c1ecd2c7b6860eeabaf,0x3DFb153c197D4C19D3B31c1ecD2c7B6860eeabAf-1722957908185,BUY,mlb-cin-atl-2026-09-23-spread-home-1pt5,Spread: Atlanta Braves (-1.5),Atlanta Braves,0.4900000002,1095.294118,536.69,476,skipped,max open copies reached,,
2026-09-24 01:26:30,1790205990947,0x3dfb153c197d4c19d3b31c1ecd2c7b6860eeabaf,0x3DFb153c197D4C19D3B31c1ecD2c7B6860eeabAf-1722957908185,BUY,mlb-cin-atl-2026-09-23-spread-home-1pt5,Spread: Atlanta Braves (-1.5),Atlanta Braves,0.49,44.0,21.56,474,skipped,their trade is only 22 USD,,
2026-09-24 01:26:30,1790205990947,0x3dfb153c197d4c19d3b31c1ecd2c7b6860eeabaf,0x3DFb153c197D4C19D3B31c1ecD2c7B6860eeabAf-1722957908185,BUY,mlb-cin-atl-2026-09-23-spread-home-1pt5,Spread: Atlanta Braves (-1.5),Atlanta Braves,0.49,2.0,0.98,474,skipped,their trade is only 1 USD,,
2026-09-24 01:26:30,1790205990947,0x3dfb153c197d4c19d3b31c1ecd2c7b6860eeabaf,0x3DFb153c197D4C19D3B31c1ecD2c7B6860eeabAf-1722957908185,BUY,mlb-cin-atl-2026-09-23-spread-home-1pt5,Spread: Atlanta Braves (-1.5),Atlanta Braves,0.49,60.0,29.4,474,skipped,their trade is only 29 USD,,
2026-09-24 01:26:30,1790205990947,0x3dfb153c197d4c19d3b31c1ecd2c7b6860eeabaf,0x3DFb153c197D4C19D3B31c1ecD2c7B6860eeabAf-1722957908185,BUY,mlb-cin-atl-2026-09-23-spread-home-1pt5,Spread: Atlanta Braves (-1.5),Atlanta Braves,0.4900000172,24.352942,11.93,473,skipped,their trade is only 12 USD,,
2026-09-24 01:26:30,1790205990948,0x3dfb153c197d4c19d3b31c1ecd2c7b6860eeabaf,0x3DFb153c197D4C19D3B31c1ecD2c7B6860eeabAf-1722957908185,BUY,mlb-cin-atl-2026-09-23-spread-home-1pt5,Spread: Atlanta Braves (-1.5),Atlanta Braves,0.41,30.0,12.3,452,skipped,their trade is only 12 USD,,
2026-09-24 01:26:30,1790205990948,0x3dfb153c197d4c19d3b31c1ecd2c7b6860eeabaf,0x3DFb153c197D4C19D3B31c1ecD2c7B6860eeabAf-1722957908185,BUY,mlb-nym-tex-2026-09-23,New York Mets vs. Texas Rangers,New York Mets,0.5,200.0,100.0,308,skipped,max open copies reached,,
2026-09-24 01:27:32,1790206052278,0xcd84d7f9262516865553555751609fb6f52abec6,Donkey14,BUY,mlb-ari-col-2026-09-23-spread-away-1pt5,Spread: Arizona Diamondbacks (-1.5),Colorado Rockies,0.5,48.36,24.18,336,skipped,their trade is only 24 USD,,
2026-09-24 01:27:32,1790206052279,0xcd84d7f9262516865553555751609fb6f52abec6,Donkey14,BUY,mlb-cws-kc-2026-09-23,Chicago White Sox vs. Kansas City Royals,Kansas City Royals,0.47,15.0,7.05,333,skipped,their trade is only 7 USD,,
2026-09-24 01:27:32,1790206052279,0xcd84d7f9262516865553555751609fb6f52abec6,Donkey14,BUY,mlb-mia-chc-2026-09-23,Miami Marlins vs. Chicago Cubs,Miami Marlins,0.3700001638,1.587302,0.59,317,skipped,their trade is only 1 USD,,
2026-09-24 01:27:32,1790206052279,0xcd84d7f9262516865553555751609fb6f52abec6,Donkey14,BUY,mlb-cws-kc-2026-09-23,Chicago White Sox vs. Kansas City Royals,Kansas City Royals,0.4700001537,1.886793,0.89,291,skipped,their trade is only 1 USD,,
2026-09-24 01:27:32,1790206052279,0xcd84d7f9262516865553555751609fb6f52abec6,Donkey14,BUY,mlb-mia-chc-2026-09-23,Miami Marlins vs. Chicago Cubs,Miami Marlins,0.37,213.49,78.99,261,skipped,max open copies reached,,
2026-09-24 01:27:32,1790206052280,0xcd84d7f9262516865553555751609fb6f52abec6,Donkey14,BUY,mlb-mia-chc-2026-09-23,Miami Marlins vs. Chicago Cubs,Miami Marlins,0.37,30.21,11.18,261,skipped,their trade is only 11 USD,,
2026-09-24 01:27:32,1790206052280,0xcd84d7f9262516865553555751609fb6f52abec6,Donkey14,BUY,mlb-mia-chc-2026-09-23,Miami Marlins vs. Chicago Cubs,Miami Marlins,0.37,108.76,40.24,252,skipped,their trade is only 40 USD,,
2026-09-24 01:27:32,1790206052280,0xcd84d7f9262516865553555751609fb6f52abec6,Donkey14,BUY,mlb-cws-kc-2026-09-23,Chicago White Sox vs. Kansas City Royals,Kansas City Royals,0.4700000413,9.433963,4.43,251,skipped,their trade is only 4 USD,,
2026-09-24 01:27:32,1790206052280,0xcd84d7f9262516865553555751609fb6f52abec6,Donkey14,BUY,mlb-mia-chc-2026-09-23,Miami Marlins vs. Chicago Cubs,Miami Marlins,0.37,2280.95,843.95,218,skipped,max open copies reached,,
2026-09-24 01:27:32,1790206052280,0xcd84d7f9262516865553555751609fb6f52abec6,Donkey14,BUY,mlb-mia-chc-2026-09-23,Miami Marlins vs. Chicago Cubs,Miami Marlins,0.37,57.4,21.24,213,skipped,their trade is only 21 USD,,
2026-09-24 01:27:32,1790206052281,0xcd84d7f9262516865553555751609fb6f52abec6,Donkey14,BUY,mlb-cws-kc-2026-09-23,Chicago White Sox vs. Kansas City Royals,Kansas City Royals,0.47,20.0,9.4,192,skipped,their trade is only 9 USD,,
2026-09-24 01:27:32,1790206052281,0xcd84d7f9262516865553555751609fb6f52abec6,Donkey14,BUY,mlb-mia-chc-2026-09-23,Miami Marlins vs. Chicago Cubs,Miami Marlins,0.37,75.52,27.94,156,skipped,their trade is only 28 USD,,
2026-09-24 01:27:32,1790206052281,0xcd84d7f9262516865553555751609fb6f52abec6,Donkey14,BUY,mlb-mia-chc-2026-09-23,Miami Marlins vs. Chicago Cubs,Miami Marlins,0.37,628.39,232.5,135,skipped,max open copies reached,,
2026-09-24 01:27:32,1790206052281,0xcd84d7f9262516865553555751609fb6f52abec6,Donkey14,BUY,mlb-mia-chc-2026-09-23,Miami Marlins vs. Chicago Cubs,Miami Marlins,0.37,15.1,5.59,131,skipped,their trade is only 6 USD,,
2026-09-24 01:27:32,1790206052281,0xcd84d7f9262516865553555751609fb6f52abec6,Donkey14,BUY,mlb-cws-kc-2026-09-23,Chicago White Sox vs. Kansas City Royals,Kansas City Royals,0.4700000012,66.037736,31.04,123,skipped,their trade is only 31 USD,,
2026-09-24 01:27:32,1790206052281,0xcd84d7f9262516865553555751609fb6f52abec6,Donkey14,BUY,mlb-mia-chc-2026-09-23,Miami Marlins vs. Chicago Cubs,Miami Marlins,0.37,38.26,14.16,122,skipped,their trade is only 14 USD,,
2026-09-24 01:27:32,1790206052282,0xcd84d7f9262516865553555751609fb6f52abec6,Donkey14,BUY,mlb-mia-chc-2026-09-23,Miami Marlins vs. Chicago Cubs,Miami Marlins,0.37,30.21,11.18,114,skipped,their trade is only 11 USD,,
2026-09-24 01:27:32,1790206052282,0xcd84d7f9262516865553555751609fb6f52abec6,Donkey14,BUY,mlb-mia-chc-2026-09-23,Miami Marlins vs. Chicago Cubs,Miami Marlins,0.37,15.1,5.59,102,skipped,their trade is only 6 USD,,
2026-09-24 01:27:32,1790206052282,0xcd84d7f9262516865553555751609fb6f52abec6,Donkey14,BUY,mlb-mia-chc-2026-09-23,Miami Marlins vs. Chicago Cubs,Miami Marlins,0.37,46.32,17.14,93,skipped,their trade is only 17 USD,,
2026-09-24 01:27:32,1790206052282,0xcd84d7f9262516865553555751609fb6f52abec6,Donkey14,BUY,mlb-mia-chc-2026-09-23,Miami Marlins vs. Chicago Cubs,Miami Marlins,0.37,7936.507937,2936.51,89,skipped,max open copies reached,,
2026-09-24 01:27:32,1790206052282,0xcd84d7f9262516865553555751609fb6f52abec6,Donkey14,BUY,mlb-mia-chc-2026-09-23,Miami Marlins vs. Chicago Cubs,Miami Marlins,0.37,7.04,2.6,89,skipped,their trade is only 3 USD,,
2026-09-24 01:27:32,1790206052282,0xcd84d7f9262516865553555751609fb6f52abec6,Donkey14,BUY,mlb-mia-chc-2026-09-23,Miami Marlins vs. Chicago Cubs,Miami Marlins,0.37,49.34,18.26,74,skipped,their trade is only 18 USD,,
2026-09-24 01:27:32,1790206052283,0xcd84d7f9262516865553555751609fb6f52abec6,Donkey14,BUY,mlb-mia-chc-2026-09-23,Miami Marlins vs. Chicago Cubs,Miami Marlins,0.3700000315,4.761905,1.76,60,skipped,their trade is only 2 USD,,
2026-09-24 01:27:34,1790206054860,0x27f738fe203827445690339104aae35b20bc44b0,ic4cream,BUY,wnba-dal-sea-2026-09-23,Dallas Wings vs. Seattle Storm,Seattle Storm,0.22,19.38,4.26,357,skipped,wallet no longer passes the gate,,
2026-09-24 01:27:34,1790206054861,0x27f738fe203827445690339104aae35b20bc44b0,ic4cream,BUY,wnba-dal-sea-2026-09-23,Dallas Wings vs. Seattle Storm,Seattle Storm,0.22,32.0,7.04,348,skipped,wallet no longer passes the gate,,
2026-09-24 01:27:34,1790206054861,0x27f738fe203827445690339104aae35b20bc44b0,ic4cream,BUY,wnba-dal-sea-2026-09-23,Dallas Wings vs. Seattle Storm,Seattle Storm,0.22,18.0,3.96,344,skipped,wallet no longer passes the gate,,
2026-09-24 01:27:34,1790206054861,0x27f738fe203827445690339104aae35b20bc44b0,ic4cream,BUY,wnba-dal-sea-2026-09-23,Dallas Wings vs. Seattle Storm,Seattle Storm,0.22,6.0,1.32,339,skipped,wallet no longer passes the gate,,
2026-09-24 01:27:34,1790206054862,0x27f738fe203827445690339104aae35b20bc44b0,ic4cream,BUY,wnba-dal-sea-2026-09-23,Dallas Wings vs. Seattle Storm,Seattle Storm,0.22,60.0,13.2,333,skipped,wallet no longer passes the gate,,
2026-09-24 01:27:34,1790206054862,0x27f738fe203827445690339104aae35b20bc44b0,ic4cream,BUY,wnba-dal-sea-2026-09-23,Dallas Wings vs. Seattle Storm,Seattle Storm,0.22,5.0,1.1,279,skipped,wallet no longer passes the gate,,
2026-09-24 01:27:34,1790206054862,0x27f738fe203827445690339104aae35b20bc44b0,ic4cream,BUY,wnba-dal-sea-2026-09-23,Dallas Wings vs. Seattle Storm,Seattle Storm,0.22,24.94,5.49,275,skipped,wallet no longer passes the gate,,
2026-09-24 01:27:34,1790206054862,0x27f738fe203827445690339104aae35b20bc44b0,ic4cream,BUY,wnba-dal-sea-2026-09-23,Dallas Wings vs. Seattle Storm,Seattle Storm,0.22,30.0,6.6,263,skipped,wallet no longer passes the gate,,
2026-09-24 01:27:34,1790206054863,0x27f738fe203827445690339104aae35b20bc44b0,ic4cream,BUY,wnba-dal-sea-2026-09-23,Dallas Wings vs. Seattle Storm,Seattle Storm,0.22,62.37,13.72,258,skipped,wallet no longer passes the gate,,
2026-09-24 01:27:34,1790206054863,0x27f738fe203827445690339104aae35b20bc44b0,ic4cream,BUY,wnba-dal-sea-2026-09-23,Dallas Wings vs. Seattle Storm,Seattle Storm,0.22,7.92,1.74,243,skipped,wallet no longer passes the gate,,
2026-09-24 01:31:31,1790206291000,0x3dfb153c197d4c19d3b31c1ecd2c7b6860eeabaf,0x3DFb153c197D4C19D3B31c1ecD2c7B6860eeabAf-1722957908185,BUY,mlb-nym-tex-2026-09-23,New York Mets vs. Texas Rangers,New York Mets,0.5,20.0,10.0,576,skipped,their trade is only 10 USD,,
2026-09-24 01:31:31,1790206291000,0x3dfb153c197d4c19d3b31c1ecd2c7b6860eeabaf,0x3DFb153c197D4C19D3B31c1ecD2c7B6860eeabAf-1722957908185,BUY,mlb-nym-tex-2026-09-23,New York Mets vs. Texas Rangers,New York Mets,0.5,2.0,1.0,510,skipped,their trade is only 1 USD,,
2026-09-24 01:31:31,1790206291001,0x3dfb153c197d4c19d3b31c1ecd2c7b6860eeabaf,0x3DFb153c197D4C19D3B31c1ecD2c7B6860eeabAf-1722957908185,BUY,mlb-laa-oak-2026-09-23,Los Angeles Angels vs. Athletics,Los Angeles Angels,0.55,22.22,12.22,471,skipped,their trade is only 12 USD,,
2026-09-24 01:31:31,1790206291001,0x3dfb153c197d4c19d3b31c1ecd2c7b6860eeabaf,0x3DFb153c197D4C19D3B31c1ecD2c7B6860eeabAf-1722957908185,BUY,mlb-laa-oak-2026-09-23,Los Angeles Angels vs. Athletics,Los Angeles Angels,0.5500001575,2.222223,1.22,464,skipped,their trade is only 1 USD,,
2026-09-24 01:33:32,1790206412343,0xcd84d7f9262516865553555751609fb6f52abec6,Donkey14,BUY,mlb-mia-chc-2026-09-23,Miami Marlins vs. Chicago Cubs,Miami Marlins,0.37,23.16,8.57,300,skipped,their trade is only 9 USD,,
2026-09-24 01:33:32,1790206412343,0xcd84d7f9262516865553555751609fb6f52abec6,Donkey14,BUY,mlb-mia-chc-2026-09-23,Miami Marlins vs. Chicago Cubs,Miami Marlins,0.37,15.1,5.59,297,skipped,their trade is only 6 USD,,
2026-09-24 01:33:32,1790206412344,0xcd84d7f9262516865553555751609fb6f52abec6,Donkey14,BUY,mlb-mia-chc-2026-09-23,Miami Marlins vs. Chicago Cubs,Miami Marlins,0.37,155.08,57.38,294,skipped,max open copies reached,,
2026-09-24 01:33:32,1790206412344,0xcd84d7f9262516865553555751609fb6f52abec6,Donkey14,BUY,mlb-mia-chc-2026-09-23,Miami Marlins vs. Chicago Cubs,Miami Marlins,0.37,308.15,114.02,291,skipped,max open copies reached,,
2026-09-24 01:33:32,1790206412344,0xcd84d7f9262516865553555751609fb6f52abec6,Donkey14,BUY,mlb-mia-chc-2026-09-23,Miami Marlins vs. Chicago Cubs,Miami Marlins,0.37,10.07,3.73,288,skipped,their trade is only 4 USD,,
2026-09-24 01:33:32,1790206412344,0xcd84d7f9262516865553555751609fb6f52abec6,Donkey14,BUY,mlb-ari-col-2026-09-23-spread-away-1pt5,Spread: Arizona Diamondbacks (-1.5),Colorado Rockies,0.5,93.7,46.85,285,skipped,their trade is only 47 USD,,
2026-09-24 01:33:32,1790206412345,0xcd84d7f9262516865553555751609fb6f52abec6,Donkey14,BUY,mlb-mia-chc-2026-09-23,Miami Marlins vs. Chicago Cubs,Miami Marlins,0.37,305.13,112.9,266,skipped,max open copies reached,,
2026-09-24 01:33:32,1790206412345,0xcd84d7f9262516865553555751609fb6f52abec6,Donkey14,BUY,mlb-mia-chc-2026-09-23,Miami Marlins vs. Chicago Cubs,Miami Marlins,0.37,33.23,12.3,266,skipped,their trade is only 12 USD,,
2026-09-24 01:33:32,1790206412345,0xcd84d7f9262516865553555751609fb6f52abec6,Donkey14,BUY,mlb-mia-chc-2026-09-23,Miami Marlins vs. Chicago Cubs,Miami Marlins,0.37,350.45,129.67,251,skipped,max open copies reached,,
2026-09-24 01:33:32,1790206412345,0xcd84d7f9262516865553555751609fb6f52abec6,Donkey14,BUY,mlb-mia-chc-2026-09-23,Miami Marlins vs. Chicago Cubs,Miami Marlins,0.37,175.22,64.83,249,skipped,max open copies reached,,
2026-09-24 01:33:32,1790206412345,0xcd84d7f9262516865553555751609fb6f52abec6,Donkey14,BUY,mlb-mia-chc-2026-09-23,Miami Marlins vs. Chicago Cubs,Miami Marlins,0.37,15.1,5.59,233,skipped,their trade is only 6 USD,,
2026-09-24 01:33:32,1790206412346,0xcd84d7f9262516865553555751609fb6f52abec6,Donkey14,BUY,mlb-mia-chc-2026-09-23,Miami Marlins vs. Chicago Cubs,Miami Marlins,0.37,14.09,5.21,233,skipped,their trade is only 5 USD,,
2026-09-24 01:33:32,1790206412346,0xcd84d7f9262516865553555751609fb6f52abec6,Donkey14,BUY,mlb-mia-chc-2026-09-23,Miami Marlins vs. Chicago Cubs,Miami Marlins,0.37,60.42,22.36,231,skipped,their trade is only 22 USD,,
2026-09-24 01:33:32,1790206412346,0xcd84d7f9262516865553555751609fb6f52abec6,Donkey14,BUY,mlb-mia-chc-2026-09-23,Miami Marlins vs. Chicago Cubs,Miami Marlins,0.37,30.21,11.18,230,skipped,their trade is only 11 USD,,
2026-09-24 01:33:32,1790206412346,0xcd84d7f9262516865553555751609fb6f52abec6,Donkey14,BUY,mlb-mia-chc-2026-09-23,Miami Marlins vs. Chicago Cubs,Miami Marlins,0.37,58.4,21.61,221,skipped,their trade is only 22 USD,,
2026-09-24 01:33:32,1790206412346,0xcd84d7f9262516865553555751609fb6f52abec6,Donkey14,BUY,mlb-mia-chc-2026-09-23,Miami Marlins vs. Chicago Cubs,Miami Marlins,0.37,75.52,27.94,191,skipped,their trade is only 28 USD,,
2026-09-24 01:33:32,1790206412347,0xcd84d7f9262516865553555751609fb6f52abec6,Donkey14,BUY,mlb-mia-chc-2026-09-23,Miami Marlins vs. Chicago Cubs,Miami Marlins,0.37,15.1,5.59,188,skipped,their trade is only 6 USD,,
2026-09-24 01:33:32,1790206412347,0xcd84d7f9262516865553555751609fb6f52abec6,Donkey14,BUY,mlb-mia-chc-2026-09-23,Miami Marlins vs. Chicago Cubs,Miami Marlins,0.37,75.52,27.94,180,skipped,their trade is only 28 USD,,
2026-09-24 01:33:32,1790206412347,0xcd84d7f9262516865553555751609fb6f52abec6,Donkey14,BUY,mlb-mia-chc-2026-09-23,Miami Marlins vs. Chicago Cubs,Miami Marlins,0.37,26.18,9.69,170,skipped,their trade is only 10 USD,,
2026-09-24 01:33:32,1790206412347,0xcd84d7f9262516865553555751609fb6f52abec6,Donkey14,BUY,mlb-mia-chc-2026-09-23,Miami Marlins vs. Chicago Cubs,Miami Marlins,0.37,26.18,9.69,153,skipped,their trade is only 10 USD,,
2026-09-24 01:33:32,1790206412347,0xcd84d7f9262516865553555751609fb6f52abec6,Donkey14,BUY,mlb-mia-chc-2026-09-23,Miami Marlins vs. Chicago Cubs,Miami Marlins,0.37,266.86,98.74,153,skipped,max open copies reached,,
2026-09-24 01:33:32,1790206412348,0xcd84d7f9262516865553555751609fb6f52abec6,Donkey14,BUY,mlb-mia-chc-2026-09-23,Miami Marlins vs. Chicago Cubs,Miami Marlins,0.37,15.1,5.59,152,skipped,their trade is only 6 USD,,
2026-09-24 01:33:32,1790206412348,0xcd84d7f9262516865553555751609fb6f52abec6,Donkey14,BUY,mlb-cws-kc-2026-09-23,Chicago White Sox vs. Kansas City Royals,Kansas City Royals,0.470000002,188.679246,88.68,150,skipped,max open copies reached,,
2026-09-24 01:33:32,1790206412348,0xcd84d7f9262516865553555751609fb6f52abec6,Donkey14,BUY,mlb-mia-chc-2026-09-23,Miami Marlins vs. Chicago Cubs,Miami Marlins,0.37,77.54,28.69,138,skipped,their trade is only 29 USD,,
2026-09-24 01:33:32,1790206412348,0xcd84d7f9262516865553555751609fb6f52abec6,Donkey14,BUY,mlb-mia-chc-2026-09-23,Miami Marlins vs. Chicago Cubs,Miami Marlins,0.37,8.05,2.98,134,skipped,their trade is only 3 USD,,
2026-09-24 01:33:32,1790206412348,0xcd84d7f9262516865553555751609fb6f52abec6,Donkey14,BUY,mlb-mia-chc-2026-09-23,Miami Marlins vs. Chicago Cubs,Miami Marlins,0.37,23.16,8.57,125,skipped,their trade is only 9 USD,,
2026-09-24 01:33:32,1790206412349,0xcd84d7f9262516865553555751609fb6f52abec6,Donkey14,BUY,mlb-mia-chc-2026-09-23,Miami Marlins vs. Chicago Cubs,Miami Marlins,0.37,53.37,19.75,123,skipped,their trade is only 20 USD,,
2026-09-24 01:33:32,1790206412349,0xcd84d7f9262516865553555751609fb6f52abec6,Donkey14,BUY,mlb-mia-chc-2026-09-23,Miami Marlins vs. Chicago Cubs,Miami Marlins,0.37,7.04,2.6,111,skipped,their trade is only 3 USD,,
2026-09-24 01:33:32,1790206412349,0xcd84d7f9262516865553555751609fb6f52abec6,Donkey14,BUY,mlb-mia-chc-2026-09-23,Miami Marlins vs. Chicago Cubs,Miami Marlins,0.37,30.21,11.18,110,skipped,their trade is only 11 USD,,
2026-09-24 01:33:32,1790206412349,0xcd84d7f9262516865553555751609fb6f52abec6,Donkey14,BUY,mlb-mia-chc-2026-09-23,Miami Marlins vs. Chicago Cubs,Miami Marlins,0.37,27.19,10.06,96,skipped,their trade is only 10 USD,,
2026-09-24 01:36:31,1790206591081,0x3dfb153c197d4c19d3b31c1ecd2c7b6860eeabaf,0x3DFb153c197D4C19D3B31c1ecD2c7B6860eeabAf-1722957908185,BUY,mlb-nym-tex-2026-09-23-spread-away-1pt5,Spread: New York Mets (-1.5),New York Mets,0.370000005,15.873016,5.87,480,skipped,their trade is only 6 USD,,
2026-09-24 01:39:32,1790206772323,0xcd84d7f9262516865553555751609fb6f52abec6,Donkey14,BUY,mlb-mia-chc-2026-09-23,Miami Marlins vs. Chicago Cubs,Miami Marlins,0.37,7.04,2.6,444,skipped,their trade is only 3 USD,,
2026-09-24 01:39:32,1790206772323,0xcd84d7f9262516865553555751609fb6f52abec6,Donkey14,BUY,mlb-mia-chc-2026-09-23,Miami Marlins vs. Chicago Cubs,Miami Marlins,0.37,12698.412697,4698.41,443,skipped,max open copies reached,,
2026-09-24 01:39:32,1790206772323,0xcd84d7f9262516865553555751609fb6f52abec6,Donkey14,BUY,mlb-mia-chc-2026-09-23,Miami Marlins vs. Chicago Cubs,Miami Marlins,0.37,7.04,2.6,440,skipped,their trade is only 3 USD,,
2026-09-24 01:39:32,1790206772324,0xcd84d7f9262516865553555751609fb6f52abec6,Donkey14,BUY,mlb-mia-chc-2026-09-23,Miami Marlins vs. Chicago Cubs,Miami Marlins,0.37,853.69,315.87,434,skipped,max open copies reached,,
2026-09-24 01:39:32,1790206772324,0xcd84d7f9262516865553555751609fb6f52abec6,Donkey14,BUY,mlb-hou-sea-2026-09-23,Houston Astros vs. Seattle Mariners,Houston Astros,0.46,43478.26,20000.0,426,skipped,max open copies reached,,
2026-09-24 01:39:32,1790206772324,0xcd84d7f9262516865553555751609fb6f52abec6,Donkey14,BUY,mlb-ari-col-2026-09-23,Arizona Diamondbacks vs. Colorado Rockies,Arizona Diamondbacks,0.6,12.375,7.42,426,skipped,their trade is only 7 USD,,
2026-09-24 01:39:32,1790206772324,0xcd84d7f9262516865553555751609fb6f52abec6,Donkey14,BUY,mlb-hou-sea-2026-09-23-spread-home-1pt5,Spread: Seattle Mariners (-1.5),Houston Astros,0.63,9702.587568,6112.63,423,skipped,max open copies reached,,
2026-09-24 01:39:32,1790206772324,0xcd84d7f9262516865553555751609fb6f52abec6,Donkey14,BUY,mlb-ari-col-2026-09-23-spread-away-1pt5,Spread: Arizona Diamondbacks (-1.5),Colorado Rockies,0.5,1059.94,529.97,402,skipped,max open copies reached,,
2026-09-24 01:39:32,1790206772325,0xcd84d7f9262516865553555751609fb6f52abec6,Donkey14,BUY,mlb-cws-kc-2026-09-23-spread-away-1pt5,Spread: Chicago White Sox (-1.5),Chicago White Sox,0.4000000012,166.666667,66.67,377,skipped,max open copies reached,,
2026-09-24 01:39:32,1790206772325,0xcd84d7f9262516865553555751609fb6f52abec6,Donkey14,BUY,mlb-cws-kc-2026-09-23,Chicago White Sox vs. Kansas City Royals,Kansas City Royals,0.47,9433.962265,4433.96,332,skipped,max open copies reached,,
2026-09-24 01:39:32,1790206772325,0xcd84d7f9262516865553555751609fb6f52abec6,Donkey14,BUY,mlb-sd-lad-2026-09-23,San Diego Padres vs. Los Angeles Dodgers,San Diego Padres,0.3300000001,706.424627,233.12,311,skipped,max open copies reached,,
2026-09-24 01:39:32,1790206772325,0xcd84d7f9262516865553555751609fb6f52abec6,Donkey14,BUY,mlb-sd-lad-2026-09-23,San Diego Padres vs. Los Angeles Dodgers,San Diego Padres,0.3300000007,149.25373,49.25,309,skipped,their trade is only 49 USD,,
2026-09-24 01:39:32,1790206772325,0xcd84d7f9262516865553555751609fb6f52abec6,Donkey14,BUY,mlb-ari-col-2026-09-23-spread-away-1pt5,Spread: Arizona Diamondbacks (-1.5),Colorado Rockies,0.5,9.06,4.53,275,skipped,their trade is only 5 USD,,
2026-09-24 01:39:32,1790206772326,0xcd84d7f9262516865553555751609fb6f52abec6,Donkey14,BUY,mlb-ari-col-2026-09-23,Arizona Diamondbacks vs. Colorado Rockies,Arizona Diamondbacks,0.6,37.5,22.5,269,skipped,their trade is only 22 USD,,
2026-09-24 01:39:32,1790206772326,0xcd84d7f9262516865553555751609fb6f52abec6,Donkey14,BUY,mlb-sd-lad-2026-09-23,San Diego Padres vs. Los Angeles Dodgers,San Diego Padres,0.33,1.42,0.47,234,skipped,their trade is only 0 USD,,
2026-09-24 01:39:32,1790206772326,0xcd84d7f9262516865553555751609fb6f52abec6,Donkey14,BUY,mlb-ari-col-2026-09-23-spread-away-1pt5,Spread: Arizona Diamondbacks (-1.5),Colorado Rockies,0.5,9.06,4.53,219,skipped,their trade is only 5 USD,,
2026-09-24 01:39:34,1790206774906,0x27f738fe203827445690339104aae35b20bc44b0,ic4cream,BUY,nfl-bal-dal-2026-09-27-spread-away-3pt5,Spread: Ravens (-3.5),Ravens,0.48,104.0,49.92,242,skipped,wallet no longer passes the gate,,
2026-09-24 01:39:34,1790206774906,0x27f738fe203827445690339104aae35b20bc44b0,ic4cream,BUY,nfl-bal-dal-2026-09-27-spread-away-3pt5,Spread: Ravens (-3.5),Ravens,0.48,104.0,49.92,240,skipped,wallet no longer passes the gate,,
2026-09-24 01:42:31,1790206951068,0x3dfb153c197d4c19d3b31c1ecd2c7b6860eeabaf,0x3DFb153c197D4C19D3B31c1ecD2c7B6860eeabAf-1722957908185,BUY,nfl-ten-nyg-2026-09-27,Titans vs. Giants,Titans,0.43,35.0,15.05,569,skipped,their trade is only 15 USD,,
2026-09-24 01:42:31,1790206951069,0x3dfb153c197d4c19d3b31c1ecd2c7b6860eeabaf,0x3DFb153c197D4C19D3B31c1ecD2c7B6860eeabAf-1722957908185,BUY,mlb-laa-oak-2026-09-23,Los Angeles Angels vs. Athletics,Los Angeles Angels,0.55,22.22,12.22,564,skipped,their trade is only 12 USD,,
2026-09-24 01:42:31,1790206951069,0x3dfb153c197d4c19d3b31c1ecd2c7b6860eeabaf,0x3DFb153c197D4C19D3B31c1ecD2c7B6860eeabAf-1722957908185,BUY,nfl-ten-nyg-2026-09-27,Titans vs. Giants,Titans,0.43,250.0,107.5,549,skipped,already copied this position,,
2026-09-24 01:42:31,1790206951069,0x3dfb153c197d4c19d3b31c1ecd2c7b6860eeabaf,0x3DFb153c197D4C19D3B31c1ecD2c7B6860eeabAf-1722957908185,BUY,mlb-nym-tex-2026-09-23,New York Mets vs. Texas Rangers,New York Mets,0.5,10000.0,5000.0,468,skipped,max open copies reached,,
2026-09-24 01:42:31,1790206951069,0x3dfb153c197d4c19d3b31c1ecd2c7b6860eeabaf,0x3DFb153c197D4C19D3B31c1ecD2c7B6860eeabAf-1722957908185,BUY,mlb-cws-kc-2026-09-23-spread-away-1pt5,Spread: Chicago White Sox (-1.5),Chicago White Sox,0.4,40.0,16.0,186,skipped,their trade is only 16 USD,,
2026-09-24 01:42:31,1790206951069,0x3dfb153c197d4c19d3b31c1ecd2c7b6860eeabaf,0x3DFb153c197D4C19D3B31c1ecD2c7B6860eeabAf-1722957908185,BUY,mlb-cws-kc-2026-09-23-spread-away-1pt5,Spread: Chicago White Sox (-1.5),Chicago White Sox,0.4,323.0,129.2,177,skipped,max open copies reached,,
2026-09-24 01:42:31,1790206951070,0x3dfb153c197d4c19d3b31c1ecd2c7b6860eeabaf,0x3DFb153c197D4C19D3B31c1ecD2c7B6860eeabAf-1722957908185,BUY,mlb-cws-kc-2026-09-23-spread-away-1pt5,Spread: Chicago White Sox (-1.5),Chicago White Sox,0.4,405.0,162.0,155,skipped,max open copies reached,,
2026-09-24 01:42:31,1790206951070,0x3dfb153c197d4c19d3b31c1ecd2c7b6860eeabaf,0x3DFb153c197D4C19D3B31c1ecD2c7B6860eeabAf-1722957908185,BUY,mlb-nym-tex-2026-09-23,New York Mets vs. Texas Rangers,New York Mets,0.5,4.0,2.0,120,skipped,their trade is only 2 USD,,
2026-09-24 01:45:32,1790207132310,0xcd84d7f9262516865553555751609fb6f52abec6,Donkey14,BUY,mlb-sd-lad-2026-09-23,San Diego Padres vs. Los Angeles Dodgers,San Diego Padres,0.33,14.28,4.71,506,skipped,their trade is only 5 USD,,
2026-09-24 01:45:32,1790207132311,0xcd84d7f9262516865553555751609fb6f52abec6,Donkey14,BUY,mlb-ari-col-2026-09-23,Arizona Diamondbacks vs. Colorado Rockies,Arizona Diamondbacks,0.6,7.5,4.5,470,skipped,their trade is only 4 USD,,
2026-09-24 01:45:32,1790207132311,0xcd84d7f9262516865553555751609fb6f52abec6,Donkey14,BUY,mlb-ari-col-2026-09-23-spread-away-1pt5,Spread: Arizona Diamondbacks (-1.5),Colorado Rockies,0.5,5.03,2.52,393,skipped,their trade is only 3 USD,,
2026-09-24 01:45:32,1790207132311,0xcd84d7f9262516865553555751609fb6f52abec6,Donkey14,BUY,mlb-ari-col-2026-09-23-spread-away-1pt5,Spread: Arizona Diamondbacks (-1.5),Colorado Rockies,0.5,211.58,105.79,381,skipped,max open copies reached,,
2026-09-24 01:45:32,1790207132311,0xcd84d7f9262516865553555751609fb6f52abec6,Donkey14,BUY,mlb-ari-col-2026-09-23-spread-away-1pt5,Spread: Arizona Diamondbacks (-1.5),Colorado Rockies,0.5,84.63,42.31,369,skipped,their trade is only 42 USD,,
2026-09-24 01:45:32,1790207132312,0xcd84d7f9262516865553555751609fb6f52abec6,Donkey14,BUY,mlb-ari-col-2026-09-23,Arizona Diamondbacks vs. Colorado Rockies,Arizona Diamondbacks,0.6,15.0,9.0,309,skipped,their trade is only 9 USD,,
2026-09-24 01:45:32,1790207132312,0xcd84d7f9262516865553555751609fb6f52abec6,Donkey14,BUY,mlb-ari-col-2026-09-23-spread-away-1pt5,Spread: Arizona Diamondbacks (-1.5),Colorado Rockies,0.5,37.27,18.64,291,skipped,their trade is only 19 USD,,
2026-09-24 01:45:32,1790207132312,0xcd84d7f9262516865553555751609fb6f52abec6,Donkey14,BUY,mlb-ari-col-2026-09-23-spread-away-1pt5,Spread: Arizona Diamondbacks (-1.5),Colorado Rockies,0.5,236.77,118.39,270,skipped,max open copies reached,,
2026-09-24 01:48:31,1790207311193,0x3dfb153c197d4c19d3b31c1ecd2c7b6860eeabaf,0x3DFb153c197D4C19D3B31c1ecD2c7B6860eeabAf-1722957908185,BUY,mlb-laa-oak-2026-09-23,Los Angeles Angels vs. Athletics,Los Angeles Angels,0.55,22.22,12.22,363,skipped,their trade is only 12 USD,,
2026-09-24 01:48:31,1790207311193,0x3dfb153c197d4c19d3b31c1ecd2c7b6860eeabaf,0x3DFb153c197D4C19D3B31c1ecD2c7B6860eeabAf-1722957908185,BUY,mlb-cws-kc-2026-09-23,Chicago White Sox vs. Kansas City Royals,Chicago White Sox,0.48,10226.27,4908.61,95,skipped,max open copies reached,,
2026-09-24 01:48:31,1790207311194,0x3dfb153c197d4c19d3b31c1ecd2c7b6860eeabaf,0x3DFb153c197D4C19D3B31c1ecD2c7B6860eeabAf-1722957908185,BUY,mlb-cws-kc-2026-09-23,Chicago White Sox vs. Kansas City Royals,Chicago White Sox,0.48,187.65,90.07,92,skipped,max open copies reached,,
2026-09-24 01:48:31,1790207311194,0x3dfb153c197d4c19d3b31c1ecd2c7b6860eeabaf,0x3DFb153c197D4C19D3B31c1ecD2c7B6860eeabAf-1722957908185,BUY,mlb-cws-kc-2026-09-23,Chicago White Sox vs. Kansas City Royals,Chicago White Sox,0.4800000003,562.942308,270.21,92,skipped,max open copies reached,,
2026-09-24 01:48:31,1790207311194,0x3dfb153c197d4c19d3b31c1ecd2c7b6860eeabaf,0x3DFb153c197D4C19D3B31c1ecD2c7B6860eeabAf-1722957908185,BUY,mlb-cws-kc-2026-09-23,Chicago White Sox vs. Kansas City Royals,Chicago White Sox,0.48,371.01,178.08,92,skipped,max open copies reached,,
2026-09-24 01:48:31,1790207311195,0x3dfb153c197d4c19d3b31c1ecd2c7b6860eeabaf,0x3DFb153c197D4C19D3B31c1ecD2c7B6860eeabAf-1722957908185,BUY,mlb-cws-kc-2026-09-23,Chicago White Sox vs. Kansas City Royals,Chicago White Sox,0.48,187.65,90.07,92,skipped,max open copies reached,,
2026-09-24 01:48:31,1790207311195,0x3dfb153c197d4c19d3b31c1ecd2c7b6860eeabaf,0x3DFb153c197D4C19D3B31c1ecD2c7B6860eeabAf-1722957908185,BUY,mlb-cws-kc-2026-09-23,Chicago White Sox vs. Kansas City Royals,Chicago White Sox,0.48,375.3,180.14,92,skipped,max open copies reached,,
2026-09-24 01:48:31,1790207311195,0x3dfb153c197d4c19d3b31c1ecd2c7b6860eeabaf,0x3DFb153c197D4C19D3B31c1ecD2c7B6860eeabAf-1722957908185,BUY,mlb-cws-kc-2026-09-23,Chicago White Sox vs. Kansas City Royals,Chicago White Sox,0.48,3753.0,1801.44,92,skipped,max open copies reached,,
2026-09-24 01:48:31,1790207311195,0x3dfb153c197d4c19d3b31c1ecd2c7b6860eeabaf,0x3DFb153c197D4C19D3B31c1ecD2c7B6860eeabAf-1722957908185,BUY,mlb-cws-kc-2026-09-23,Chicago White Sox vs. Kansas City Royals,Chicago White Sox,0.4800000363,7.711539,3.7,90,skipped,their trade is only 4 USD,,
2026-09-24 01:48:31,1790207311196,0x3dfb153c197d4c19d3b31c1ecd2c7b6860eeabaf,0x3DFb153c197D4C19D3B31c1ecD2c7B6860eeabAf-1722957908185,BUY,mlb-cws-kc-2026-09-23,Chicago White Sox vs. Kansas City Royals,Chicago White Sox,0.4800000027,120.384616,57.78,90,skipped,max open copies reached,,
2026-09-24 01:48:31,1790207311196,0x3dfb153c197d4c19d3b31c1ecd2c7b6860eeabaf,0x3DFb153c197D4C19D3B31c1ecD2c7B6860eeabAf-1722957908185,BUY,mlb-cws-kc-2026-09-23,Chicago White Sox vs. Kansas City Royals,Chicago White Sox,0.48,18.41,8.84,90,skipped,their trade is only 9 USD,,
2026-09-24 01:48:31,1790207311196,0x3dfb153c197d4c19d3b31c1ecd2c7b6860eeabaf,0x3DFb153c197D4C19D3B31c1ecD2c7B6860eeabAf-1722957908185,BUY,mlb-cws-kc-2026-09-23,Chicago White Sox vs. Kansas City Royals,Chicago White Sox,0.4800000328,13.403847,6.43,90,skipped,their trade is only 6 USD,,
2026-09-24 01:48:31,1790207311196,0x3dfb153c197d4c19d3b31c1ecd2c7b6860eeabaf,0x3DFb153c197D4C19D3B31c1ecD2c7B6860eeabAf-1722957908185,BUY,mlb-cws-kc-2026-09-23,Chicago White Sox vs. Kansas City Royals,Chicago White Sox,0.4800000048,75.057693,36.03,90,skipped,their trade is only 36 USD,,
2026-09-24 01:48:31,1790207311197,0x3dfb153c197d4c19d3b31c1ecd2c7b6860eeabaf,0x3DFb153c197D4C19D3B31c1ecD2c7B6860eeabAf-1722957908185,BUY,mlb-cws-kc-2026-09-23,Chicago White Sox vs. Kansas City Royals,Chicago White Sox,0.4800000016,74.769231,35.89,87,skipped,their trade is only 36 USD,,
2026-09-24 01:48:31,1790207311197,0x3dfb153c197d4c19d3b31c1ecd2c7b6860eeabaf,0x3DFb153c197D4C19D3B31c1ecD2c7B6860eeabAf-1722957908185,BUY,mlb-cws-kc-2026-09-23,Chicago White Sox vs. Kansas City Royals,Chicago White Sox,0.4800000126,12.692308,6.09,86,skipped,their trade is only 6 USD,,
2026-09-24 01:48:31,1790207311197,0x3dfb153c197d4c19d3b31c1ecd2c7b6860eeabaf,0x3DFb153c197D4C19D3B31c1ecD2c7B6860eeabAf-1722957908185,BUY,mlb-cws-kc-2026-09-23,Chicago White Sox vs. Kansas City Royals,Chicago White Sox,0.4800000112,17.865385,8.58,86,skipped,their trade is only 9 USD,,
2026-09-24 01:51:32,1790207492308,0xcd84d7f9262516865553555751609fb6f52abec6,Donkey14,BUY,mlb-ari-col-2026-09-23,Arizona Diamondbacks vs. Colorado Rockies,Arizona Diamondbacks,0.6,18.75,11.25,510,skipped,their trade is only 11 USD,,
2026-09-24 01:51:32,1790207492308,0xcd84d7f9262516865553555751609fb6f52abec6,Donkey14,BUY,mlb-ari-col-2026-09-23-spread-away-1pt5,Spread: Arizona Diamondbacks (-1.5),Colorado Rockies,0.5,9.06,4.53,509,skipped,their trade is only 5 USD,,
2026-09-24 01:51:32,1790207492309,0xcd84d7f9262516865553555751609fb6f52abec6,Donkey14,BUY,mlb-ari-col-2026-09-23-spread-away-1pt5,Spread: Arizona Diamondbacks (-1.5),Colorado Rockies,0.5,9.06,4.53,495,skipped,their trade is only 5 USD,,
2026-09-24 01:51:32,1790207492309,0xcd84d7f9262516865553555751609fb6f52abec6,Donkey14,BUY,mlb-ari-col-2026-09-23-spread-away-1pt5,Spread: Arizona Diamondbacks (-1.5),Colorado Rockies,0.5,37.27,18.64,467,skipped,their trade is only 19 USD,,
2026-09-24 01:51:32,1790207492309,0xcd84d7f9262516865553555751609fb6f52abec6,Donkey14,BUY,mlb-ari-col-2026-09-23-spread-away-1pt5,Spread: Arizona Diamondbacks (-1.5),Colorado Rockies,0.5,9.06,4.53,440,skipped,their trade is only 5 USD,,
2026-09-24 01:51:32,1790207492309,0xcd84d7f9262516865553555751609fb6f52abec6,Donkey14,BUY,mlb-ari-col-2026-09-23-spread-away-1pt5,Spread: Arizona Diamondbacks (-1.5),Colorado Rockies,0.5,171.0,85.5,335,skipped,max open copies reached,,
2026-09-24 01:51:32,1790207492310,0xcd84d7f9262516865553555751609fb6f52abec6,Donkey14,BUY,mlb-ari-col-2026-09-23-spread-away-1pt5,Spread: Arizona Diamondbacks (-1.5),Colorado Rockies,0.5,220.48,110.24,303,skipped,max open copies reached,,
2026-09-24 01:51:32,1790207492310,0xcd84d7f9262516865553555751609fb6f52abec6,Donkey14,BUY,mlb-ari-col-2026-09-23,Arizona Diamondbacks vs. Colorado Rockies,Arizona Diamondbacks,0.6,75.0,45.0,275,skipped,their trade is only 45 USD,,
2026-09-24 01:51:32,1790207492310,0xcd84d7f9262516865553555751609fb6f52abec6,Donkey14,BUY,mlb-ari-col-2026-09-23-spread-away-1pt5,Spread: Arizona Diamondbacks (-1.5),Colorado Rockies,0.5,9.06,4.53,264,skipped,their trade is only 5 USD,,
2026-09-24 01:54:31,1790207671102,0x3dfb153c197d4c19d3b31c1ecd2c7b6860eeabaf,0x3DFb153c197D4C19D3B31c1ecD2c7B6860eeabAf-1722957908185,BUY,mlb-nym-tex-2026-09-23,New York Mets vs. Texas Rangers,New York Mets,0.5,50.0,25.0,440,skipped,their trade is only 25 USD,,
2026-09-24 01:54:31,1790207671103,0x3dfb153c197d4c19d3b31c1ecd2c7b6860eeabaf,0x3DFb153c197D4C19D3B31c1ecD2c7B6860eeabAf-1722957908185,BUY,mlb-cws-kc-2026-09-23,Chicago White Sox vs. Kansas City Royals,Chicago White Sox,0.4800000208,1.923077,0.92,434,skipped,their trade is only 1 USD,,
2026-09-24 01:54:31,1790207671103,0x3dfb153c197d4c19d3b31c1ecd2c7b6860eeabaf,0x3DFb153c197D4C19D3B31c1ecD2c7B6860eeabAf-1722957908185,BUY,mlb-cws-kc-2026-09-23,Chicago White Sox vs. Kansas City Royals,Chicago White Sox,0.48,6183.96,2968.3,429,skipped,max open copies reached,,
2026-09-24 01:54:31,1790207671103,0x3dfb153c197d4c19d3b31c1ecd2c7b6860eeabaf,0x3DFb153c197D4C19D3B31c1ecD2c7B6860eeabAf-1722957908185,BUY,mlb-cws-kc-2026-09-23,Chicago White Sox vs. Kansas City Royals,Chicago White Sox,0.480000005,31.942308,15.33,429,skipped,their trade is only 15 USD,,
2026-09-24 01:54:31,1790207671103,0x3dfb153c197d4c19d3b31c1ecd2c7b6860eeabaf,0x3DFb153c197D4C19D3B31c1ecD2c7B6860eeabAf-1722957908185,BUY,mlb-laa-oak-2026-09-23,Los Angeles Angels vs. Athletics,Los Angeles Angels,0.5500000019,160.533334,88.29,419,skipped,max open copies reached,,
2026-09-24 01:54:31,1790207671103,0x3dfb153c197d4c19d3b31c1ecd2c7b6860eeabaf,0x3DFb153c197D4C19D3B31c1ecD2c7B6860eeabAf-1722957908185,BUY,mlb-cws-kc-2026-09-23,Chicago White Sox vs. Kansas City Royals,Chicago White Sox,0.45,2727.18,1227.23,419,skipped,max open copies reached,,
2026-09-24 01:54:31,1790207671104,0x3dfb153c197d4c19d3b31c1ecd2c7b6860eeabaf,0x3DFb153c197D4C19D3B31c1ecD2c7B6860eeabAf-1722957908185,BUY,mlb-cws-kc-2026-09-23,Chicago White Sox vs. Kansas City Royals,Chicago White Sox,0.45,9.0,4.05,417,skipped,their trade is only 4 USD,,
2026-09-24 01:54:31,1790207671104,0x3dfb153c197d4c19d3b31c1ecd2c7b6860eeabaf,0x3DFb153c197D4C19D3B31c1ecD2c7B6860eeabAf-1722957908185,BUY,mlb-cws-kc-2026-09-23,Chicago White Sox vs. Kansas City Royals,Chicago White Sox,0.450000055,1.818182,0.82,405,skipped,their trade is only 1 USD,,
2026-09-24 01:54:31,1790207671104,0x3dfb153c197d4c19d3b31c1ecd2c7b6860eeabaf,0x3DFb153c197D4C19D3B31c1ecD2c7B6860eeabAf-1722957908185,BUY,mlb-cws-kc-2026-09-23,Chicago White Sox vs. Kansas City Royals,Chicago White Sox,0.45,22.0,9.9,405,skipped,their trade is only 10 USD,,
2026-09-24 01:54:31,1790207671104,0x3dfb153c197d4c19d3b31c1ecd2c7b6860eeabaf,0x3DFb153c197D4C19D3B31c1ecD2c7B6860eeabAf-1722957908185,BUY,mlb-cws-kc-2026-09-23,Chicago White Sox vs. Kansas City Royals,Chicago White Sox,0.4500000043,23.218182,10.45,386,skipped,their trade is only 10 USD,,
2026-09-24 01:54:31,1790207671104,0x3dfb153c197d4c19d3b31c1ecd2c7b6860eeabaf,0x3DFb153c197D4C19D3B31c1ecD2c7B6860eeabAf-1722957908185,BUY,mlb-cws-kc-2026-09-23,Chicago White Sox vs. Kansas City Royals,Chicago White Sox,0.45,0.78,0.35,378,skipped,their trade is only 0 USD,,
2026-09-24 01:54:31,1790207671105,0x3dfb153c197d4c19d3b31c1ecd2c7b6860eeabaf,0x3DFb153c197D4C19D3B31c1ecD2c7B6860eeabAf-1722957908185,BUY,mlb-cws-kc-2026-09-23,Chicago White Sox vs. Kansas City Royals,Chicago White Sox,0.45,549.0,247.05,377,skipped,max open copies reached,,
2026-09-24 01:54:31,1790207671105,0x3dfb153c197d4c19d3b31c1ecd2c7b6860eeabaf,0x3DFb153c197D4C19D3B31c1ecD2c7B6860eeabAf-1722957908185,BUY,mlb-laa-oak-2026-09-23,Los Angeles Angels vs. Athletics,Los Angeles Angels,0.5500001575,2.222223,1.22,372,skipped,their trade is only 1 USD,,
2026-09-24 01:54:31,1790207671105,0x3dfb153c197d4c19d3b31c1ecd2c7b6860eeabaf,0x3DFb153c197D4C19D3B31c1ecD2c7B6860eeabAf-1722957908185,BUY,mlb-laa-oak-2026-09-23,Los Angeles Angels vs. Athletics,Los Angeles Angels,0.55,22.22,12.22,159,skipped,their trade is only 12 USD,,
2026-09-24 01:57:32,1790207852356,0xcd84d7f9262516865553555751609fb6f52abec6,Donkey14,BUY,mlb-ari-col-2026-09-23-spread-away-1pt5,Spread: Arizona Diamondbacks (-1.5),Colorado Rockies,0.5,18.13,9.06,605,skipped,their trade is only 9 USD,,
2026-09-24 01:57:32,1790207852357,0xcd84d7f9262516865553555751609fb6f52abec6,Donkey14,BUY,mlb-ari-col-2026-09-23-spread-away-1pt5,Spread: Arizona Diamondbacks (-1.5),Colorado Rockies,0.5,93.7,46.85,594,skipped,their trade is only 47 USD,,
2026-09-24 01:57:32,1790207852357,0xcd84d7f9262516865553555751609fb6f52abec6,Donkey14,BUY,mlb-ari-col-2026-09-23-spread-away-1pt5,Spread: Arizona Diamondbacks (-1.5),Colorado Rockies,0.5,28.21,14.11,578,skipped,their trade is only 14 USD,,
2026-09-24 01:57:32,1790207852357,0xcd84d7f9262516865553555751609fb6f52abec6,Donkey14,BUY,mlb-ari-col-2026-09-23-spread-away-1pt5,Spread: Arizona Diamondbacks (-1.5),Colorado Rockies,0.5,9.64,4.82,576,skipped,their trade is only 5 USD,,
2026-09-24 01:57:32,1790207852357,0xcd84d7f9262516865553555751609fb6f52abec6,Donkey14,BUY,mlb-ari-col-2026-09-23-spread-away-1pt5,Spread: Arizona Diamondbacks (-1.5),Colorado Rockies,0.5,84.63,42.31,576,skipped,their trade is only 42 USD,,
2026-09-24 01:57:32,1790207852357,0xcd84d7f9262516865553555751609fb6f52abec6,Donkey14,BUY,mlb-ari-col-2026-09-23-spread-away-1pt5,Spread: Arizona Diamondbacks (-1.5),Colorado Rockies,0.5,189.42,94.71,573,skipped,max open copies reached,,
2026-09-24 01:57:32,1790207852358,0xcd84d7f9262516865553555751609fb6f52abec6,Donkey14,BUY,mlb-ari-col-2026-09-23-spread-away-1pt5,Spread: Arizona Diamondbacks (-1.5),Colorado Rockies,0.5,18.13,9.06,530,skipped,their trade is only 9 USD,,
2026-09-24 01:57:32,1790207852358,0xcd84d7f9262516865553555751609fb6f52abec6,Donkey14,BUY,mlb-ari-col-2026-09-23-spread-away-1pt5,Spread: Arizona Diamondbacks (-1.5),Colorado Rockies,0.5,7.05,3.52,491,skipped,their trade is only 4 USD,,
2026-09-24 01:57:32,1790207852358,0xcd84d7f9262516865553555751609fb6f52abec6,Donkey14,BUY,mlb-ari-col-2026-09-23-spread-away-1pt5,Spread: Arizona Diamondbacks (-1.5),Colorado Rockies,0.5,96.72,48.36,480,skipped,their trade is only 48 USD,,
2026-09-24 01:57:32,1790207852358,0xcd84d7f9262516865553555751609fb6f52abec6,Donkey14,BUY,mlb-ari-col-2026-09-23,Arizona Diamondbacks vs. Colorado Rockies,Arizona Diamondbacks,0.6,18.75,11.25,470,skipped,their trade is only 11 USD,,
2026-09-24 01:57:32,1790207852358,0xcd84d7f9262516865553555751609fb6f52abec6,Donkey14,BUY,mlb-ari-col-2026-09-23-spread-away-1pt5,Spread: Arizona Diamondbacks (-1.5),Colorado Rockies,0.5,5.03,2.52,458,skipped,their trade is only 3 USD,,
2026-09-24 01:57:32,1790207852359,0xcd84d7f9262516865553555751609fb6f52abec6,Donkey14,BUY,mlb-ari-col-2026-09-23-spread-away-1pt5,Spread: Arizona Diamondbacks (-1.5),Colorado Rockies,0.5,94.71,47.35,453,skipped,their trade is only 47 USD,,
2026-09-24 01:57:32,1790207852359,0xcd84d7f9262516865553555751609fb6f52abec6,Donkey14,BUY,mlb-ari-col-2026-09-23-spread-away-1pt5,Spread: Arizona Diamondbacks (-1.5),Colorado Rockies,0.5,94.71,47.35,389,skipped,their trade is only 47 USD,,
2026-09-24 01:57:32,1790207852359,0xcd84d7f9262516865553555751609fb6f52abec6,Donkey14,BUY,mlb-ari-col-2026-09-23,Arizona Diamondbacks vs. Colorado Rockies,Arizona Diamondbacks,0.6,12.375,7.42,389,skipped,their trade is only 7 USD,,
2026-09-24 01:57:32,1790207852359,0xcd84d7f9262516865553555751609fb6f52abec6,Donkey14,BUY,mlb-ari-col-2026-09-23-spread-away-1pt5,Spread: Arizona Diamondbacks (-1.5),Colorado Rockies,0.5,103.77,51.88,306,skipped,max open copies reached,,
2026-09-24 02:00:31,1790208031096,0x3dfb153c197d4c19d3b31c1ecd2c7b6860eeabaf,0x3DFb153c197D4C19D3B31c1ecD2c7B6860eeabAf-1722957908185,BUY,mlb-nym-tex-2026-09-23,New York Mets vs. Texas Rangers,New York Mets,0.5,200.0,100.0,359,skipped,max open copies reached,,
2026-09-24 02:00:31,1790208031097,0x3dfb153c197d4c19d3b31c1ecd2c7b6860eeabaf,0x3DFb153c197D4C19D3B31c1ecD2c7B6860eeabAf-1722957908185,BUY,mlb-nym-tex-2026-09-23-spread-away-1pt5,Spread: New York Mets (-1.5),New York Mets,0.3700001638,1.587302,0.59,335,skipped,their trade is only 1 USD,,
2026-09-24 02:00:31,1790208031097,0x3dfb153c197d4c19d3b31c1ecd2c7b6860eeabaf,0x3DFb153c197D4C19D3B31c1ecD2c7B6860eeabAf-1722957908185,BUY,mlb-cin-atl-2026-09-23,Cincinnati Reds vs. Atlanta Braves,Atlanta Braves,0.59,6358.65,3751.6,260,skipped,max open copies reached,,
2026-09-24 02:00:31,1790208031097,0x3dfb153c197d4c19d3b31c1ecd2c7b6860eeabaf,0x3DFb153c197D4C19D3B31c1ecD2c7B6860eeabAf-1722957908185,BUY,mlb-cin-atl-2026-09-23,Cincinnati Reds vs. Atlanta Braves,Atlanta Braves,0.5795454955,22222.0,12878.66,212,skipped,max open copies reached,,
2026-09-24 02:03:32,1790208212390,0xcd84d7f9262516865553555751609fb6f52abec6,Donkey14,BUY,mlb-ari-col-2026-09-23-spread-away-1pt5,Spread: Arizona Diamondbacks (-1.5),Colorado Rockies,0.5,9.06,4.53,530,skipped,their trade is only 5 USD,,
2026-09-24 02:03:32,1790208212390,0xcd84d7f9262516865553555751609fb6f52abec6,Donkey14,BUY,mlb-ari-col-2026-09-23-spread-away-1pt5,Spread: Arizona Diamondbacks (-1.5),Colorado Rockies,0.5,2.01,1.0,458,skipped,their trade is only 1 USD,,
2026-09-24 02:03:32,1790208212391,0xcd84d7f9262516865553555751609fb6f52abec6,Donkey14,BUY,mlb-ari-col-2026-09-23-spread-away-1pt5,Spread: Arizona Diamondbacks (-1.5),Colorado Rockies,0.5,232.74,116.37,396,skipped,max open copies reached,,
2026-09-24 02:06:31,1790208391112,0x3dfb153c197d4c19d3b31c1ecd2c7b6860eeabaf,0x3DFb153c197D4C19D3B31c1ecD2c7B6860eeabAf-1722957908185,BUY,mlb-nym-tex-2026-09-23,New York Mets vs. Texas Rangers,New York Mets,0.5,40.0,20.0,371,skipped,their trade is only 20 USD,,
2026-09-24 02:06:31,1790208391113,0x3dfb153c197d4c19d3b31c1ecd2c7b6860eeabaf,0x3DFb153c197D4C19D3B31c1ecD2c7B6860eeabAf-1722957908185,BUY,mlb-laa-oak-2026-09-23,Los Angeles Angels vs. Athletics,Los Angeles Angels,0.55,22.22,12.22,317,skipped,their trade is only 12 USD,,
2026-09-24 02:06:31,1790208391113,0x3dfb153c197d4c19d3b31c1ecd2c7b6860eeabaf,0x3DFb153c197D4C19D3B31c1ecD2c7B6860eeabAf-1722957908185,BUY,mlb-nym-tex-2026-09-23,New York Mets vs. Texas Rangers,New York Mets,0.5,120.0,60.0,281,skipped,max open copies reached,,
2026-09-24 02:06:31,1790208391113,0x3dfb153c197d4c19d3b31c1ecd2c7b6860eeabaf,0x3DFb153c197D4C19D3B31c1ecD2c7B6860eeabAf-1722957908185,BUY,mlb-nym-tex-2026-09-23,New York Mets vs. Texas Rangers,New York Mets,0.5,2.0,1.0,279,skipped,their trade is only 1 USD,,
2026-09-24 02:06:31,1790208391114,0x3dfb153c197d4c19d3b31c1ecd2c7b6860eeabaf,0x3DFb153c197D4C19D3B31c1ecD2c7B6860eeabAf-1722957908185,BUY,mlb-nym-tex-2026-09-23,New York Mets vs. Texas Rangers,New York Mets,0.5,12.0,6.0,177,skipped,their trade is only 6 USD,,
2026-09-24 02:06:31,1790208391114,0x3dfb153c197d4c19d3b31c1ecd2c7b6860eeabaf,0x3DFb153c197D4C19D3B31c1ecD2c7B6860eeabAf-1722957908185,BUY,mlb-nym-tex-2026-09-23,New York Mets vs. Texas Rangers,New York Mets,0.5100001617,2.040817,1.04,108,skipped,their trade is only 1 USD,,
2026-09-24 02:06:31,1790208391114,0x3dfb153c197d4c19d3b31c1ecd2c7b6860eeabaf,0x3DFb153c197D4C19D3B31c1ecD2c7B6860eeabAf-1722957908185,BUY,mlb-nym-tex-2026-09-23,New York Mets vs. Texas Rangers,New York Mets,0.5100001617,2.040817,1.04,108,skipped,their trade is only 1 USD,,
2026-09-24 02:06:31,1790208391114,0x3dfb153c197d4c19d3b31c1ecd2c7b6860eeabaf,0x3DFb153c197D4C19D3B31c1ecD2c7B6860eeabAf-1722957908185,BUY,mlb-nym-tex-2026-09-23,New York Mets vs. Texas Rangers,New York Mets,0.51,51655.37,26344.24,108,skipped,max open copies reached,,
2026-09-24 02:06:31,1790208391114,0x3dfb153c197d4c19d3b31c1ecd2c7b6860eeabaf,0x3DFb153c197D4C19D3B31c1ecD2c7B6860eeabAf-1722957908185,BUY,mlb-laa-oak-2026-09-23,Los Angeles Angels vs. Athletics,Los Angeles Angels,0.5500001208,3.311112,1.82,102,skipped,their trade is only 2 USD,,
2026-09-24 02:09:32,1790208572355,0xcd84d7f9262516865553555751609fb6f52abec6,Donkey14,BUY,mlb-ari-col-2026-09-23-spread-away-1pt5,Spread: Arizona Diamondbacks (-1.5),Colorado Rockies,0.5,377.83,188.91,539,skipped,max open copies reached,,
2026-09-24 02:09:32,1790208572356,0xcd84d7f9262516865553555751609fb6f52abec6,Donkey14,BUY,mlb-ari-col-2026-09-23-spread-away-1pt5,Spread: Arizona Diamondbacks (-1.5),Colorado Rockies,0.5,189.42,94.71,513,skipped,max open copies reached,,
2026-09-24 02:09:32,1790208572356,0xcd84d7f9262516865553555751609fb6f52abec6,Donkey14,BUY,mlb-sd-lad-2026-09-23,San Diego Padres vs. Los Angeles Dodgers,San Diego Padres,0.33,7.0,2.31,401,skipped,their trade is only 2 USD,,
2026-09-24 02:09:32,1790208572357,0xcd84d7f9262516865553555751609fb6f52abec6,Donkey14,BUY,mlb-ari-col-2026-09-23-spread-away-1pt5,Spread: Arizona Diamondbacks (-1.5),Colorado Rockies,0.5,1092.19,546.1,390,skipped,max open copies reached,,
2026-09-24 02:09:32,1790208572357,0xcd84d7f9262516865553555751609fb6f52abec6,Donkey14,BUY,mlb-ari-col-2026-09-23-spread-away-1pt5,Spread: Arizona Diamondbacks (-1.5),Colorado Rockies,0.5,10.0,5.0,365,skipped,their trade is only 5 USD,,
2026-09-24 02:09:32,1790208572357,0xcd84d7f9262516865553555751609fb6f52abec6,Donkey14,BUY,mlb-ari-col-2026-09-23-spread-away-1pt5,Spread: Arizona Diamondbacks (-1.5),Colorado Rockies,0.5,3.02,1.51,284,skipped,their trade is only 2 USD,,
2026-09-24 02:09:32,1790208572357,0xcd84d7f9262516865553555751609fb6f52abec6,Donkey14,BUY,mlb-ari-col-2026-09-23,Arizona Diamondbacks vs. Colorado Rockies,Arizona Diamondbacks,0.6,37.5,22.5,246,skipped,their trade is only 22 USD,,
2026-09-24 02:15:32,1790208932304,0xcd84d7f9262516865553555751609fb6f52abec6,Donkey14,BUY,mlb-ari-col-2026-09-23-spread-away-1pt5,Spread: Arizona Diamondbacks (-1.5),Colorado Rockies,0.5,875.56,437.78,582,skipped,max open copies reached,,
2026-09-24 02:15:32,1790208932304,0xcd84d7f9262516865553555751609fb6f52abec6,Donkey14,BUY,mlb-ari-col-2026-09-23-spread-away-1pt5,Spread: Arizona Diamondbacks (-1.5),Colorado Rockies,0.5,9.06,4.53,540,skipped,their trade is only 5 USD,,
2026-09-24 02:15:32,1790208932305,0xcd84d7f9262516865553555751609fb6f52abec6,Donkey14,BUY,mlb-ari-col-2026-09-23-spread-away-1pt5,Spread: Arizona Diamondbacks (-1.5),Colorado Rockies,0.5,47.35,23.68,521,skipped,their trade is only 24 USD,,
2026-09-24 02:15:32,1790208932305,0xcd84d7f9262516865553555751609fb6f52abec6,Donkey14,BUY,mlb-ari-col-2026-09-23-spread-away-1pt5,Spread: Arizona Diamondbacks (-1.5),Colorado Rockies,0.5,94.71,47.35,447,skipped,their trade is only 47 USD,,
2026-09-24 02:15:32,1790208932305,0xcd84d7f9262516865553555751609fb6f52abec6,Donkey14,BUY,mlb-hou-sea-2026-09-23,Houston Astros vs. Seattle Mariners,Seattle Mariners,0.5400000025,160.29174,86.56,426,skipped,max open copies reached,,
2026-09-24 02:15:32,1790208932305,0xcd84d7f9262516865553555751609fb6f52abec6,Donkey14,BUY,mlb-ari-col-2026-09-23-spread-away-1pt5,Spread: Arizona Diamondbacks (-1.5),Colorado Rockies,0.5,75.56,37.78,396,skipped,their trade is only 38 USD,,
2026-09-24 02:15:32,1790208932306,0xcd84d7f9262516865553555751609fb6f52abec6,Donkey14,BUY,mlb-ari-col-2026-09-23-spread-away-1pt5,Spread: Arizona Diamondbacks (-1.5),Colorado Rockies,0.5,35.26,17.63,395,skipped,their trade is only 18 USD,,
2026-09-24 02:15:32,1790208932306,0xcd84d7f9262516865553555751609fb6f52abec6,Donkey14,BUY,mlb-ari-col-2026-09-23-spread-away-1pt5,Spread: Arizona Diamondbacks (-1.5),Colorado Rockies,0.5,11.08,5.54,387,skipped,their trade is only 6 USD,,
2026-09-24 02:15:32,1790208932306,0xcd84d7f9262516865553555751609fb6f52abec6,Donkey14,BUY,mlb-ari-col-2026-09-23-spread-away-1pt5,Spread: Arizona Diamondbacks (-1.5),Colorado Rockies,0.5,57.43,28.71,384,skipped,their trade is only 29 USD,,
2026-09-24 02:15:32,1790208932306,0xcd84d7f9262516865553555751609fb6f52abec6,Donkey14,BUY,mlb-ari-col-2026-09-23-spread-away-1pt5,Spread: Arizona Diamondbacks (-1.5),Colorado Rockies,0.5,673.04,336.52,371,skipped,max open copies reached,,
2026-09-24 02:15:32,1790208932306,0xcd84d7f9262516865553555751609fb6f52abec6,Donkey14,BUY,mlb-ari-col-2026-09-23-spread-away-1pt5,Spread: Arizona Diamondbacks (-1.5),Colorado Rockies,0.5,11.08,5.54,365,skipped,their trade is only 6 USD,,
2026-09-24 02:15:32,1790208932306,0xcd84d7f9262516865553555751609fb6f52abec6,Donkey14,BUY,mlb-sd-lad-2026-09-23,San Diego Padres vs. Los Angeles Dodgers,San Diego Padres,0.3300000003,895.522387,295.52,344,skipped,max open copies reached,,
2026-09-24 02:15:32,1790208932307,0xcd84d7f9262516865553555751609fb6f52abec6,Donkey14,BUY,mlb-ari-col-2026-09-23,Arizona Diamondbacks vs. Colorado Rockies,Arizona Diamondbacks,0.6,49.25,29.55,321,skipped,their trade is only 30 USD,,
2026-09-24 02:18:30,1790209110937,0x3dfb153c197d4c19d3b31c1ecd2c7b6860eeabaf,0x3DFb153c197D4C19D3B31c1ecD2c7B6860eeabAf-1722957908185,BUY,mlb-laa-oak-2026-09-23,Los Angeles Angels vs. Athletics,Los Angeles Angels,0.55,22.22,12.22,473,skipped,their trade is only 12 USD,,
2026-09-24 02:21:32,1790209292362,0xcd84d7f9262516865553555751609fb6f52abec6,Donkey14,BUY,mlb-sd-lad-2026-09-23,San Diego Padres vs. Los Angeles Dodgers,San Diego Padres,0.3300000804,1.492536,0.49,638,skipped,their trade is only 0 USD,,
2026-09-24 02:21:32,1790209292362,0xcd84d7f9262516865553555751609fb6f52abec6,Donkey14,BUY,mlb-ari-col-2026-09-23-spread-away-1pt5,Spread: Arizona Diamondbacks (-1.5),Colorado Rockies,0.5,38.28,19.14,599,skipped,their trade is only 19 USD,,
2026-09-24 02:21:32,1790209292363,0xcd84d7f9262516865553555751609fb6f52abec6,Donkey14,BUY,mlb-ari-col-2026-09-23-spread-away-1pt5,Spread: Arizona Diamondbacks (-1.5),Colorado Rockies,0.5,96.72,48.36,543,skipped,their trade is only 48 USD,,
2026-09-24 02:21:32,1790209292363,0xcd84d7f9262516865553555751609fb6f52abec6,Donkey14,BUY,mlb-ari-col-2026-09-23,Arizona Diamondbacks vs. Colorado Rockies,Arizona Diamondbacks,0.6,525.0,315.0,423,skipped,max open copies reached,,
2026-09-24 02:21:32,1790209292363,0xcd84d7f9262516865553555751609fb6f52abec6,Donkey14,BUY,mlb-ari-col-2026-09-23-spread-away-1pt5,Spread: Arizona Diamondbacks (-1.5),Colorado Rockies,0.5,380.87,190.44,399,skipped,max open copies reached,,
2026-09-24 02:21:32,1790209292363,0xcd84d7f9262516865553555751609fb6f52abec6,Donkey14,BUY,mlb-ari-col-2026-09-23-spread-away-1pt5,Spread: Arizona Diamondbacks (-1.5),Colorado Rockies,0.5,19.14,9.57,269,skipped,their trade is only 10 USD,,
2026-09-24 02:21:32,1790209292363,0xcd84d7f9262516865553555751609fb6f52abec6,Donkey14,BUY,mlb-ari-col-2026-09-23-spread-away-1pt5,Spread: Arizona Diamondbacks (-1.5),Colorado Rockies,0.5,62.46,31.23,243,skipped,their trade is only 31 USD,,
2026-09-24 02:21:32,1790209292364,0xcd84d7f9262516865553555751609fb6f52abec6,Donkey14,BUY,mlb-ari-col-2026-09-23,Arizona Diamondbacks vs. Colorado Rockies,Arizona Diamondbacks,0.6,2.85,1.71,218,skipped,their trade is only 2 USD,,
2026-09-24 02:21:32,1790209292364,0xcd84d7f9262516865553555751609fb6f52abec6,Donkey14,BUY,mlb-ari-col-2026-09-23-spread-away-1pt5,Spread: Arizona Diamondbacks (-1.5),Colorado Rockies,0.5,37.27,18.64,189,skipped,their trade is only 19 USD,,
2026-09-24 02:21:32,1790209292364,0xcd84d7f9262516865553555751609fb6f52abec6,Donkey14,BUY,mlb-ari-col-2026-09-23,Arizona Diamondbacks vs. Colorado Rockies,Arizona Diamondbacks,0.6,150.0,90.0,186,skipped,max open copies reached,,
2026-09-24 02:21:32,1790209292364,0xcd84d7f9262516865553555751609fb6f52abec6,Donkey14,BUY,mlb-ari-col-2026-09-23-spread-away-1pt5,Spread: Arizona Diamondbacks (-1.5),Colorado Rockies,0.5,38.28,19.14,173,skipped,their trade is only 19 USD,,
2026-09-24 02:21:32,1790209292364,0xcd84d7f9262516865553555751609fb6f52abec6,Donkey14,BUY,mlb-ari-col-2026-09-23-spread-away-1pt5,Spread: Arizona Diamondbacks (-1.5),Colorado Rockies,0.5,194.45,97.22,87,skipped,max open copies reached,,
2026-09-24 02:21:32,1790209292364,0xcd84d7f9262516865553555751609fb6f52abec6,Donkey14,BUY,mlb-ari-col-2026-09-23-spread-away-1pt5,Spread: Arizona Diamondbacks (-1.5),Colorado Rockies,0.5,59.44,29.72,81,skipped,their trade is only 30 USD,,
2026-09-24 02:21:32,1790209292365,0xcd84d7f9262516865553555751609fb6f52abec6,Donkey14,BUY,mlb-ari-col-2026-09-23-spread-away-1pt5,Spread: Arizona Diamondbacks (-1.5),Colorado Rockies,0.5,7.05,3.52,81,skipped,their trade is only 4 USD,,
2026-09-24 02:21:32,1790209292365,0xcd84d7f9262516865553555751609fb6f52abec6,Donkey14,BUY,mlb-ari-col-2026-09-23-spread-away-1pt5,Spread: Arizona Diamondbacks (-1.5),Colorado Rockies,0.5,5.03,2.52,59,skipped,their trade is only 3 USD,,
2026-09-24 02:21:32,1790209292365,0xcd84d7f9262516865553555751609fb6f52abec6,Donkey14,BUY,mlb-ari-col-2026-09-23-spread-away-1pt5,Spread: Arizona Diamondbacks (-1.5),Colorado Rockies,0.5,12.0,6.0,51,skipped,their trade is only 6 USD,,
2026-09-24 02:23:30,1790209410995,0x3dfb153c197d4c19d3b31c1ecd2c7b6860eeabaf,0x3DFb153c197D4C19D3B31c1ecD2c7B6860eeabAf-1722957908185,BUY,mlb-laa-oak-2026-09-23,Los Angeles Angels vs. Athletics,Los Angeles Angels,0.55,22.22,12.22,210,skipped,their trade is only 12 USD,,
2026-09-24 02:27:32,1790209652312,0xcd84d7f9262516865553555751609fb6f52abec6,Donkey14,BUY,mlb-ari-col-2026-09-23-spread-away-1pt5,Spread: Arizona Diamondbacks (-1.5),Colorado Rockies,0.5,10.07,5.04,360,skipped,their trade is only 5 USD,,
2026-09-24 02:27:32,1790209652313,0xcd84d7f9262516865553555751609fb6f52abec6,Donkey14,BUY,mlb-ari-col-2026-09-23-spread-away-1pt5,Spread: Arizona Diamondbacks (-1.5),Colorado Rockies,0.5,16.12,8.06,302,skipped,their trade is only 8 USD,,
2026-09-24 02:27:32,1790209652313,0xcd84d7f9262516865553555751609fb6f52abec6,Donkey14,BUY,mlb-ari-col-2026-09-23-spread-away-1pt5,Spread: Arizona Diamondbacks (-1.5),Colorado Rockies,0.5,191.43,95.72,282,skipped,max open copies reached,,
2026-09-24 02:27:32,1790209652314,0xcd84d7f9262516865553555751609fb6f52abec6,Donkey14,BUY,mlb-hou-sea-2026-09-23,Houston Astros vs. Seattle Mariners,Seattle Mariners,0.5400000056,31.934783,17.24,281,skipped,their trade is only 17 USD,,
2026-09-24 02:27:32,1790209652314,0xcd84d7f9262516865553555751609fb6f52abec6,Donkey14,BUY,mlb-ari-col-2026-09-23-spread-away-1pt5,Spread: Arizona Diamondbacks (-1.5),Colorado Rockies,0.5,94.71,47.35,273,skipped,their trade is only 47 USD,,
2026-09-24 02:27:32,1790209652314,0xcd84d7f9262516865553555751609fb6f52abec6,Donkey14,BUY,mlb-ari-col-2026-09-23-spread-away-1pt5,Spread: Arizona Diamondbacks (-1.5),Colorado Rockies,0.5,103.77,51.88,264,skipped,max open copies reached,,
2026-09-24 02:27:32,1790209652314,0xcd84d7f9262516865553555751609fb6f52abec6,Donkey14,BUY,mlb-ari-col-2026-09-23-spread-away-1pt5,Spread: Arizona Diamondbacks (-1.5),Colorado Rockies,0.5,94.71,47.35,233,skipped,their trade is only 47 USD,,
2026-09-24 02:27:32,1790209652315,0xcd84d7f9262516865553555751609fb6f52abec6,Donkey14,BUY,mlb-ari-col-2026-09-23-spread-away-1pt5,Spread: Arizona Diamondbacks (-1.5),Colorado Rockies,0.5,19.14,9.57,231,skipped,their trade is only 10 USD,,
2026-09-24 02:27:32,1790209652315,0xcd84d7f9262516865553555751609fb6f52abec6,Donkey14,BUY,mlb-sd-lad-2026-09-23,San Diego Padres vs. Los Angeles Dodgers,San Diego Padres,0.3300000639,4.223881,1.39,227,skipped,their trade is only 1 USD,,
2026-09-24 02:27:32,1790209652315,0xcd84d7f9262516865553555751609fb6f52abec6,Donkey14,BUY,mlb-sd-lad-2026-09-23,San Diego Padres vs. Los Angeles Dodgers,San Diego Padres,0.3300000804,1.492536,0.49,221,skipped,their trade is only 0 USD,,
2026-09-24 02:27:32,1790209652315,0xcd84d7f9262516865553555751609fb6f52abec6,Donkey14,BUY,mlb-sd-lad-2026-09-23,San Diego Padres vs. Los Angeles Dodgers,San Diego Padres,0.3300000804,1.492536,0.49,210,skipped,their trade is only 0 USD,,
2026-09-24 02:27:32,1790209652316,0xcd84d7f9262516865553555751609fb6f52abec6,Donkey14,BUY,mlb-ari-col-2026-09-23-spread-away-1pt5,Spread: Arizona Diamondbacks (-1.5),Colorado Rockies,0.5,24.18,12.09,210,skipped,their trade is only 12 USD,,
2026-09-24 02:27:32,1790209652316,0xcd84d7f9262516865553555751609fb6f52abec6,Donkey14,BUY,mlb-hou-sea-2026-09-23,Houston Astros vs. Seattle Mariners,Seattle Mariners,0.54,7.0,3.78,134,skipped,their trade is only 4 USD,,
2026-09-24 02:33:32,1790210012378,0xcd84d7f9262516865553555751609fb6f52abec6,Donkey14,BUY,mlb-ari-col-2026-09-23-spread-away-1pt5,Spread: Arizona Diamondbacks (-1.5),Colorado Rockies,0.5,38.28,19.14,456,skipped,their trade is only 19 USD,,
2026-09-24 02:33:32,1790210012378,0xcd84d7f9262516865553555751609fb6f52abec6,Donkey14,BUY,mlb-hou-sea-2026-09-23,Houston Astros vs. Seattle Mariners,Seattle Mariners,0.5400000613,6.52174,3.52,410,skipped,their trade is only 4 USD,,
2026-09-24 02:33:32,1790210012379,0xcd84d7f9262516865553555751609fb6f52abec6,Donkey14,BUY,mlb-ari-col-2026-09-23-spread-away-1pt5,Spread: Arizona Diamondbacks (-1.5),Colorado Rockies,0.5,50.37,25.18,408,skipped,their trade is only 25 USD,,
2026-09-24 02:33:32,1790210012379,0xcd84d7f9262516865553555751609fb6f52abec6,Donkey14,BUY,mlb-hou-sea-2026-09-23,Houston Astros vs. Seattle Mariners,Seattle Mariners,0.5400000014,217.391305,117.39,405,skipped,max open copies reached,,
2026-09-24 02:33:32,1790210012379,0xcd84d7f9262516865553555751609fb6f52abec6,Donkey14,BUY,mlb-ari-col-2026-09-23-spread-away-1pt5,Spread: Arizona Diamondbacks (-1.5),Colorado Rockies,0.5,765.74,382.87,372,skipped,max open copies reached,,
2026-09-24 02:33:32,1790210012380,0xcd84d7f9262516865553555751609fb6f52abec6,Donkey14,BUY,mlb-ari-col-2026-09-23-spread-away-1pt5,Spread: Arizona Diamondbacks (-1.5),Colorado Rockies,0.5,57.43,28.71,371,skipped,their trade is only 29 USD,,
2026-09-24 02:33:32,1790210012380,0xcd84d7f9262516865553555751609fb6f52abec6,Donkey14,BUY,mlb-ari-col-2026-09-23-spread-away-1pt5,Spread: Arizona Diamondbacks (-1.5),Colorado Rockies,0.5,12.09,6.04,366,skipped,their trade is only 6 USD,,
2026-09-24 02:33:32,1790210012380,0xcd84d7f9262516865553555751609fb6f52abec6,Donkey14,BUY,mlb-ari-col-2026-09-23-spread-away-1pt5,Spread: Arizona Diamondbacks (-1.5),Colorado Rockies,0.5,973.29,486.64,357,skipped,max open copies reached,,
2026-09-24 02:33:32,1790210012380,0xcd84d7f9262516865553555751609fb6f52abec6,Donkey14,BUY,mlb-sd-lad-2026-09-23,San Diego Padres vs. Los Angeles Dodgers,San Diego Padres,0.3300000029,74.626866,24.63,344,skipped,their trade is only 25 USD,,
2026-09-24 02:33:32,1790210012381,0xcd84d7f9262516865553555751609fb6f52abec6,Donkey14,BUY,mlb-ari-col-2026-09-23-spread-away-1pt5,Spread: Arizona Diamondbacks (-1.5),Colorado Rockies,0.5,104.78,52.39,335,skipped,max open copies reached,,
2026-09-24 02:33:32,1790210012381,0xcd84d7f9262516865553555751609fb6f52abec6,Donkey14,BUY,mlb-ari-col-2026-09-23-spread-away-1pt5,Spread: Arizona Diamondbacks (-1.5),Colorado Rockies,0.5,104.78,52.39,269,skipped,max open copies reached,,
2026-09-24 02:33:32,1790210012381,0xcd84d7f9262516865553555751609fb6f52abec6,Donkey14,BUY,mlb-ari-col-2026-09-23-spread-away-1pt5,Spread: Arizona Diamondbacks (-1.5),Colorado Rockies,0.5,18.13,9.06,233,skipped,their trade is only 9 USD,,
2026-09-24 02:33:32,1790210012381,0xcd84d7f9262516865553555751609fb6f52abec6,Donkey14,BUY,mlb-ari-col-2026-09-23-spread-away-1pt5,Spread: Arizona Diamondbacks (-1.5),Colorado Rockies,0.5,48.36,24.18,218,skipped,their trade is only 24 USD,,
2026-09-24 02:33:32,1790210012382,0xcd84d7f9262516865553555751609fb6f52abec6,Donkey14,BUY,mlb-ari-col-2026-09-23-spread-away-1pt5,Spread: Arizona Diamondbacks (-1.5),Colorado Rockies,0.5,10.07,5.04,206,skipped,their trade is only 5 USD,,
2026-09-24 02:33:32,1790210012382,0xcd84d7f9262516865553555751609fb6f52abec6,Donkey14,BUY,mlb-ari-col-2026-09-23-spread-away-1pt5,Spread: Arizona Diamondbacks (-1.5),Colorado Rockies,0.5,18.13,9.06,201,skipped,their trade is only 9 USD,,
2026-09-24 02:33:32,1790210012382,0xcd84d7f9262516865553555751609fb6f52abec6,Donkey14,BUY,mlb-ari-col-2026-09-23-spread-away-1pt5,Spread: Arizona Diamondbacks (-1.5),Colorado Rockies,0.5,474.55,237.28,149,skipped,max open copies reached,,
2026-09-24 02:34:31,1790210071214,0x3dfb153c197d4c19d3b31c1ecd2c7b6860eeabaf,0x3DFb153c197D4C19D3B31c1ecD2c7B6860eeabAf-1722957908185,BUY,mlb-laa-oak-2026-09-23,Los Angeles Angels vs. Athletics,Los Angeles Angels,0.55,22.22,12.22,306,skipped,their trade is only 12 USD,,
2026-09-24 02:39:32,1790210372338,0xcd84d7f9262516865553555751609fb6f52abec6,Donkey14,BUY,mlb-ari-col-2026-09-23,Arizona Diamondbacks vs. Colorado Rockies,Arizona Diamondbacks,0.6,150.0,90.0,494,skipped,max open copies reached,,
2026-09-24 02:39:32,1790210372338,0xcd84d7f9262516865553555751609fb6f52abec6,Donkey14,BUY,mlb-ari-col-2026-09-23,Arizona Diamondbacks vs. Colorado Rockies,Arizona Diamondbacks,0.6,3.75,2.25,492,skipped,their trade is only 2 USD,,
2026-09-24 02:39:32,1790210372339,0xcd84d7f9262516865553555751609fb6f52abec6,Donkey14,BUY,mlb-ari-col-2026-09-23-spread-away-1pt5,Spread: Arizona Diamondbacks (-1.5),Colorado Rockies,0.5,9.06,4.53,464,skipped,their trade is only 5 USD,,
2026-09-24 02:39:32,1790210372339,0xcd84d7f9262516865553555751609fb6f52abec6,Donkey14,BUY,mlb-ari-col-2026-09-23-spread-away-1pt5,Spread: Arizona Diamondbacks (-1.5),Colorado Rockies,0.5,113.85,56.92,453,skipped,max open copies reached,,
2026-09-24 02:39:32,1790210372339,0xcd84d7f9262516865553555751609fb6f52abec6,Donkey14,BUY,mlb-ari-col-2026-09-23-spread-away-1pt5,Spread: Arizona Diamondbacks (-1.5),Colorado Rockies,0.5,38.28,19.14,449,skipped,their trade is only 19 USD,,
2026-09-24 02:39:32,1790210372339,0xcd84d7f9262516865553555751609fb6f52abec6,Donkey14,BUY,mlb-ari-col-2026-09-23-spread-away-1pt5,Spread: Arizona Diamondbacks (-1.5),Colorado Rockies,0.5,191.43,95.72,419,skipped,max open copies reached,,
2026-09-24 02:39:32,1790210372340,0xcd84d7f9262516865553555751609fb6f52abec6,Donkey14,BUY,mlb-ari-col-2026-09-23-spread-away-1pt5,Spread: Arizona Diamondbacks (-1.5),Colorado Rockies,0.5,1900.25,950.12,395,skipped,max open copies reached,,
2026-09-24 02:39:32,1790210372340,0xcd84d7f9262516865553555751609fb6f52abec6,Donkey14,BUY,mlb-ari-col-2026-09-23-spread-away-1pt5,Spread: Arizona Diamondbacks (-1.5),Colorado Rockies,0.5,11.08,5.54,393,skipped,their trade is only 6 USD,,
2026-09-24 02:39:32,1790210372340,0xcd84d7f9262516865553555751609fb6f52abec6,Donkey14,BUY,mlb-ari-col-2026-09-23-spread-away-1pt5,Spread: Arizona Diamondbacks (-1.5),Colorado Rockies,0.5,20.15,10.07,389,skipped,their trade is only 10 USD,,
2026-09-24 02:39:32,1790210372340,0xcd84d7f9262516865553555751609fb6f52abec6,Donkey14,BUY,mlb-ari-col-2026-09-23-spread-away-1pt5,Spread: Arizona Diamondbacks (-1.5),Colorado Rockies,0.5,28.21,14.11,384,skipped,their trade is only 14 USD,,
2026-09-24 02:39:32,1790210372340,0xcd84d7f9262516865553555751609fb6f52abec6,Donkey14,BUY,mlb-ari-col-2026-09-23-spread-away-1pt5,Spread: Arizona Diamondbacks (-1.5),Colorado Rockies,0.5,94.71,47.35,374,skipped,their trade is only 47 USD,,
2026-09-24 02:39:32,1790210372341,0xcd84d7f9262516865553555751609fb6f52abec6,Donkey14,BUY,mlb-ari-col-2026-09-23-spread-away-1pt5,Spread: Arizona Diamondbacks (-1.5),Colorado Rockies,0.5,47.35,23.68,354,skipped,their trade is only 24 USD,,
2026-09-24 02:39:32,1790210372341,0xcd84d7f9262516865553555751609fb6f52abec6,Donkey14,BUY,mlb-ari-col-2026-09-23-spread-away-1pt5,Spread: Arizona Diamondbacks (-1.5),Colorado Rockies,0.5,12.09,6.04,339,skipped,their trade is only 6 USD,,
2026-09-24 02:39:32,1790210372341,0xcd84d7f9262516865553555751609fb6f52abec6,Donkey14,BUY,mlb-sd-lad-2026-09-23-spread-home-1pt5,Spread: Los Angeles Dodgers (-1.5),San Diego Padres,0.51,9868.98,5033.18,327,skipped,max open copies reached,,
2026-09-24 02:39:32,1790210372341,0xcd84d7f9262516865553555751609fb6f52abec6,Donkey14,BUY,mlb-sd-lad-2026-09-23-spread-home-1pt5,Spread: Los Angeles Dodgers (-1.5),San Diego Padres,0.5100000041,22.102041,11.27,326,skipped,their trade is only 11 USD,,
2026-09-24 02:39:32,1790210372341,0xcd84d7f9262516865553555751609fb6f52abec6,Donkey14,BUY,mlb-ari-col-2026-09-23-spread-away-1pt5,Spread: Arizona Diamondbacks (-1.5),Colorado Rockies,0.5,10.07,5.04,321,skipped,their trade is only 5 USD,,
2026-09-24 02:39:32,1790210372342,0xcd84d7f9262516865553555751609fb6f52abec6,Donkey14,BUY,mlb-ari-col-2026-09-23-spread-away-1pt5,Spread: Arizona Diamondbacks (-1.5),Colorado Rockies,0.5,291.18,145.59,311,skipped,max open copies reached,,
2026-09-24 02:39:32,1790210372342,0xcd84d7f9262516865553555751609fb6f52abec6,Donkey14,BUY,mlb-ari-col-2026-09-23-spread-away-1pt5,Spread: Arizona Diamondbacks (-1.5),Colorado Rockies,0.5,1946.59,973.29,294,skipped,max open copies reached,,
2026-09-24 02:39:32,1790210372342,0xcd84d7f9262516865553555751609fb6f52abec6,Donkey14,BUY,mlb-ari-col-2026-09-23-spread-away-1pt5,Spread: Arizona Diamondbacks (-1.5),Colorado Rockies,0.5,86.64,43.32,294,skipped,their trade is only 43 USD,,
2026-09-24 02:39:32,1790210372342,0xcd84d7f9262516865553555751609fb6f52abec6,Donkey14,BUY,mlb-sd-lad-2026-09-23-spread-home-1pt5,Spread: Los Angeles Dodgers (-1.5),San Diego Padres,0.51,38.28,19.52,293,skipped,their trade is only 20 USD,,
2026-09-24 02:39:32,1790210372342,0xcd84d7f9262516865553555751609fb6f52abec6,Donkey14,BUY,mlb-sd-lad-2026-09-23-spread-home-1pt5,Spread: Los Angeles Dodgers (-1.5),San Diego Padres,0.51,57.43,29.29,291,skipped,their trade is only 29 USD,,
2026-09-24 02:39:32,1790210372343,0xcd84d7f9262516865553555751609fb6f52abec6,Donkey14,BUY,mlb-sd-lad-2026-09-23-spread-home-1pt5,Spread: Los Angeles Dodgers (-1.5),San Diego Padres,0.51,217.38,110.86,276,skipped,max open copies reached,,
2026-09-24 02:39:32,1790210372343,0xcd84d7f9262516865553555751609fb6f52abec6,Donkey14,BUY,mlb-ari-col-2026-09-23-spread-away-1pt5,Spread: Arizona Diamondbacks (-1.5),Colorado Rockies,0.5,11.08,5.54,266,skipped,their trade is only 6 USD,,
2026-09-24 02:39:32,1790210372343,0xcd84d7f9262516865553555751609fb6f52abec6,Donkey14,BUY,mlb-ari-col-2026-09-23-spread-away-1pt5,Spread: Arizona Diamondbacks (-1.5),Colorado Rockies,0.5,94.71,47.35,261,skipped,their trade is only 47 USD,,
2026-09-24 02:39:32,1790210372343,0xcd84d7f9262516865553555751609fb6f52abec6,Donkey14,BUY,mlb-sd-lad-2026-09-23-spread-home-1pt5,Spread: Los Angeles Dodgers (-1.5),San Diego Padres,0.51,39.29,20.04,185,skipped,their trade is only 20 USD,,
2026-09-24 02:40:31,1790210431157,0x3dfb153c197d4c19d3b31c1ecd2c7b6860eeabaf,0x3DFb153c197D4C19D3B31c1ecD2c7B6860eeabAf-1722957908185,BUY,mlb-ari-col-2026-09-23-total-11pt5,Arizona Diamondbacks vs. Colorado Rockies: O/U 11.5,Under,0.55,11004.0,6052.2,516,skipped,max open copies reached,,
2026-09-24 02:40:31,1790210431158,0x3dfb153c197d4c19d3b31c1ecd2c7b6860eeabaf,0x3DFb153c197D4C19D3B31c1ecD2c7B6860eeabAf-1722957908185,BUY,mlb-ari-col-2026-09-23-total-11pt5,Arizona Diamondbacks vs. Colorado Rockies: O/U 11.5,Under,0.55,588.2,323.51,516,skipped,max open copies reached,,
2026-09-24 02:40:31,1790210431158,0x3dfb153c197d4c19d3b31c1ecd2c7b6860eeabaf,0x3DFb153c197D4C19D3B31c1ecD2c7B6860eeabAf-1722957908185,BUY,mlb-ari-col-2026-09-23-total-11pt5,Arizona Diamondbacks vs. Colorado Rockies: O/U 11.5,Under,0.55,29567.8,16262.29,515,skipped,max open copies reached,,
2026-09-24 02:40:31,1790210431158,0x3dfb153c197d4c19d3b31c1ecd2c7b6860eeabaf,0x3DFb153c197D4C19D3B31c1ecD2c7B6860eeabAf-1722957908185,BUY,mlb-ari-col-2026-09-23-total-11pt5,Arizona Diamondbacks vs. Colorado Rockies: O/U 11.5,Under,0.55,26.67,14.67,512,skipped,their trade is only 15 USD,,
2026-09-24 02:40:31,1790210431158,0x3dfb153c197d4c19d3b31c1ecd2c7b6860eeabaf,0x3DFb153c197D4C19D3B31c1ecD2c7B6860eeabAf-1722957908185,BUY,mlb-ari-col-2026-09-23-total-11pt5,Arizona Diamondbacks vs. Colorado Rockies: O/U 11.5,Under,0.55,100.0,55.0,491,skipped,max open copies reached,,
2026-09-24 02:40:31,1790210431158,0x3dfb153c197d4c19d3b31c1ecd2c7b6860eeabaf,0x3DFb153c197D4C19D3B31c1ecD2c7B6860eeabAf-1722957908185,BUY,mlb-ari-col-2026-09-23-total-11pt5,Arizona Diamondbacks vs. Colorado Rockies: O/U 11.5,Under,0.55,2.4,1.32,488,skipped,their trade is only 1 USD,,
2026-09-24 02:40:31,1790210431159,0x3dfb153c197d4c19d3b31c1ecd2c7b6860eeabaf,0x3DFb153c197D4C19D3B31c1ecD2c7B6860eeabAf-1722957908185,BUY,mlb-ari-col-2026-09-23-total-11pt5,Arizona Diamondbacks vs. Colorado Rockies: O/U 11.5,Under,0.55,4.0,2.2,480,skipped,their trade is only 2 USD,,
2026-09-24 02:40:31,1790210431159,0x3dfb153c197d4c19d3b31c1ecd2c7b6860eeabaf,0x3DFb153c197D4C19D3B31c1ecD2c7B6860eeabAf-1722957908185,BUY,mlb-ari-col-2026-09-23-total-11pt5,Arizona Diamondbacks vs. Colorado Rockies: O/U 11.5,Under,0.55,30.0,16.5,473,skipped,their trade is only 16 USD,,
2026-09-24 02:40:31,1790210431159,0x3dfb153c197d4c19d3b31c1ecd2c7b6860eeabaf,0x3DFb153c197D4C19D3B31c1ecD2c7B6860eeabAf-1722957908185,BUY,mlb-ari-col-2026-09-23-total-11pt5,Arizona Diamondbacks vs. Colorado Rockies: O/U 11.5,Under,0.55,167.0,91.85,471,skipped,max open copies reached,,
2026-09-24 02:40:31,1790210431159,0x3dfb153c197d4c19d3b31c1ecd2c7b6860eeabaf,0x3DFb153c197D4C19D3B31c1ecD2c7B6860eeabAf-1722957908185,BUY,mlb-ari-col-2026-09-23-total-11pt5,Arizona Diamondbacks vs. Colorado Rockies: O/U 11.5,Under,0.55,816.0,448.8,465,skipped,max open copies reached,,
2026-09-24 02:40:31,1790210431159,0x3dfb153c197d4c19d3b31c1ecd2c7b6860eeabaf,0x3DFb153c197D4C19D3B31c1ecD2c7B6860eeabAf-1722957908185,BUY,mlb-laa-oak-2026-09-23,Los Angeles Angels vs. Athletics,Los Angeles Angels,0.5500000025,118.333334,65.08,459,skipped,max open copies reached,,
2026-09-24 02:40:31,1790210431159,0x3dfb153c197d4c19d3b31c1ecd2c7b6860eeabaf,0x3DFb153c197D4C19D3B31c1ecD2c7B6860eeabAf-1722957908185,BUY,mlb-ari-col-2026-09-23-total-11pt5,Arizona Diamondbacks vs. Colorado Rockies: O/U 11.5,Under,0.5500000032,31.177778,17.15,458,skipped,their trade is only 17 USD,,
2026-09-24 02:40:31,1790210431160,0x3dfb153c197d4c19d3b31c1ecd2c7b6860eeabaf,0x3DFb153c197D4C19D3B31c1ecD2c7B6860eeabAf-1722957908185,BUY,mlb-ari-col-2026-09-23-total-11pt5,Arizona Diamondbacks vs. Colorado Rockies: O/U 11.5,Under,0.55,102.0,56.1,444,skipped,max open copies reached,,
2026-09-24 02:40:31,1790210431160,0x3dfb153c197d4c19d3b31c1ecd2c7b6860eeabaf,0x3DFb153c197D4C19D3B31c1ecD2c7B6860eeabAf-1722957908185,BUY,mlb-ari-col-2026-09-23-total-11pt5,Arizona Diamondbacks vs. Colorado Rockies: O/U 11.5,Under,0.55,22.0,12.1,429,skipped,their trade is only 12 USD,,
2026-09-24 02:40:31,1790210431160,0x3dfb153c197d4c19d3b31c1ecd2c7b6860eeabaf,0x3DFb153c197D4C19D3B31c1ecD2c7B6860eeabAf-1722957908185,BUY,mlb-ari-col-2026-09-23-total-11pt5,Arizona Diamondbacks vs. Colorado Rockies: O/U 11.5,Under,0.55,104.0,57.2,423,skipped,max open copies reached,,
2026-09-24 02:40:31,1790210431160,0x3dfb153c197d4c19d3b31c1ecd2c7b6860eeabaf,0x3DFb153c197D4C19D3B31c1ecD2c7B6860eeabAf-1722957908185,BUY,mlb-ari-col-2026-09-23-total-11pt5,Arizona Diamondbacks vs. Colorado Rockies: O/U 11.5,Under,0.55,586.0,322.3,419,skipped,max open copies reached,,
2026-09-24 02:40:31,1790210431161,0x3dfb153c197d4c19d3b31c1ecd2c7b6860eeabaf,0x3DFb153c197D4C19D3B31c1ecD2c7B6860eeabAf-1722957908185,BUY,mlb-ari-col-2026-09-23-total-11pt5,Arizona Diamondbacks vs. Colorado Rockies: O/U 11.5,Under,0.55,102.0,56.1,413,skipped,max open copies reached,,
2026-09-24 02:40:31,1790210431161,0x3dfb153c197d4c19d3b31c1ecd2c7b6860eeabaf,0x3DFb153c197D4C19D3B31c1ecD2c7B6860eeabAf-1722957908185,BUY,mlb-ari-col-2026-09-23-total-11pt5,Arizona Diamondbacks vs. Colorado Rockies: O/U 11.5,Under,0.55,94.0,51.7,395,skipped,max open copies reached,,
2026-09-24 02:40:31,1790210431161,0x3dfb153c197d4c19d3b31c1ecd2c7b6860eeabaf,0x3DFb153c197D4C19D3B31c1ecD2c7B6860eeabAf-1722957908185,BUY,mlb-ari-col-2026-09-23-total-11pt5,Arizona Diamondbacks vs. Colorado Rockies: O/U 11.5,Under,0.55,48.0,26.4,327,skipped,their trade is only 26 USD,,
2026-09-24 02:45:32,1790210732328,0xcd84d7f9262516865553555751609fb6f52abec6,Donkey14,BUY,mlb-sd-lad-2026-09-23-spread-home-1pt5,Spread: Los Angeles Dodgers (-1.5),San Diego Padres,0.51,38.28,19.52,504,skipped,their trade is only 20 USD,,
2026-09-24 02:45:32,1790210732328,0xcd84d7f9262516865553555751609fb6f52abec6,Donkey14,BUY,mlb-sd-lad-2026-09-23-spread-home-1pt5,Spread: Los Angeles Dodgers (-1.5),San Diego Padres,0.51,39.29,20.04,477,skipped,their trade is only 20 USD,,
2026-09-24 02:45:32,1790210732328,0xcd84d7f9262516865553555751609fb6f52abec6,Donkey14,BUY,mlb-sd-lad-2026-09-23,San Diego Padres vs. Los Angeles Dodgers,San Diego Padres,0.3300000804,1.492536,0.49,458,skipped,their trade is only 0 USD,,
2026-09-24 02:45:32,1790210732329,0xcd84d7f9262516865553555751609fb6f52abec6,Donkey14,BUY,mlb-sd-lad-2026-09-23-spread-home-1pt5,Spread: Los Angeles Dodgers (-1.5),San Diego Padres,0.51,9.06,4.62,456,skipped,their trade is only 5 USD,,
2026-09-24 02:45:32,1790210732329,0xcd84d7f9262516865553555751609fb6f52abec6,Donkey14,BUY,mlb-sd-lad-2026-09-23-spread-home-1pt5,Spread: Los Angeles Dodgers (-1.5),San Diego Padres,0.51,19.14,9.76,440,skipped,their trade is only 10 USD,,
2026-09-24 02:45:32,1790210732329,0xcd84d7f9262516865553555751609fb6f52abec6,Donkey14,BUY,mlb-sd-lad-2026-09-23-spread-home-1pt5,Spread: Los Angeles Dodgers (-1.5),San Diego Padres,0.51,149.11,76.05,432,skipped,max open copies reached,,
2026-09-24 02:45:32,1790210732329,0xcd84d7f9262516865553555751609fb6f52abec6,Donkey14,BUY,mlb-sd-lad-2026-09-23-spread-home-1pt5,Spread: Los Angeles Dodgers (-1.5),San Diego Padres,0.51,19.14,9.76,431,skipped,their trade is only 10 USD,,
2026-09-24 02:45:32,1790210732330,0xcd84d7f9262516865553555751609fb6f52abec6,Donkey14,BUY,mlb-sd-lad-2026-09-23-spread-home-1pt5,Spread: Los Angeles Dodgers (-1.5),San Diego Padres,0.51,9.06,4.62,426,skipped,their trade is only 5 USD,,
2026-09-24 02:45:32,1790210732330,0xcd84d7f9262516865553555751609fb6f52abec6,Donkey14,BUY,mlb-sd-lad-2026-09-23-spread-home-1pt5,Spread: Los Angeles Dodgers (-1.5),San Diego Padres,0.51,9.06,4.62,402,skipped,their trade is only 5 USD,,
2026-09-24 02:45:32,1790210732330,0xcd84d7f9262516865553555751609fb6f52abec6,Donkey14,BUY,mlb-sd-lad-2026-09-23-spread-home-1pt5,Spread: Los Angeles Dodgers (-1.5),San Diego Padres,0.51,49.37,25.18,348,skipped,their trade is only 25 USD,,
2026-09-24 02:45:32,1790210732330,0xcd84d7f9262516865553555751609fb6f52abec6,Donkey14,BUY,mlb-sd-lad-2026-09-23-spread-home-1pt5,Spread: Los Angeles Dodgers (-1.5),San Diego Padres,0.51,48.36,24.66,240,skipped,their trade is only 25 USD,,
2026-09-24 02:45:32,1790210732330,0xcd84d7f9262516865553555751609fb6f52abec6,Donkey14,BUY,mlb-sd-lad-2026-09-23-spread-home-1pt5,Spread: Los Angeles Dodgers (-1.5),San Diego Padres,0.51,96.72,49.33,237,skipped,their trade is only 49 USD,,
2026-09-24 02:45:32,1790210732331,0xcd84d7f9262516865553555751609fb6f52abec6,Donkey14,BUY,mlb-sd-lad-2026-09-23-spread-home-1pt5,Spread: Los Angeles Dodgers (-1.5),San Diego Padres,0.51,28.21,14.39,230,skipped,their trade is only 14 USD,,
2026-09-24 02:45:32,1790210732331,0xcd84d7f9262516865553555751609fb6f52abec6,Donkey14,BUY,mlb-sd-lad-2026-09-23-spread-home-1pt5,Spread: Los Angeles Dodgers (-1.5),San Diego Padres,0.51,9.06,4.62,203,skipped,their trade is only 5 USD,,
2026-09-24 02:45:32,1790210732331,0xcd84d7f9262516865553555751609fb6f52abec6,Donkey14,BUY,mlb-sd-lad-2026-09-23-spread-home-1pt5,Spread: Los Angeles Dodgers (-1.5),San Diego Padres,0.51,116.87,59.6,164,skipped,max open copies reached,,
2026-09-24 02:45:32,1790210732331,0xcd84d7f9262516865553555751609fb6f52abec6,Donkey14,BUY,mlb-sd-lad-2026-09-23-spread-home-1pt5,Spread: Los Angeles Dodgers (-1.5),San Diego Padres,0.51,38.28,19.52,159,skipped,their trade is only 20 USD,,
2026-09-24 02:46:31,1790210791154,0x3dfb153c197d4c19d3b31c1ecd2c7b6860eeabaf,0x3DFb153c197D4C19D3B31c1ecD2c7B6860eeabAf-1722957908185,BUY,mlb-laa-oak-2026-09-23,Los Angeles Angels vs. Athletics,Los Angeles Angels,0.5500000677,2.955556,1.63,582,skipped,their trade is only 2 USD,,
2026-09-24 02:46:31,1790210791154,0x3dfb153c197d4c19d3b31c1ecd2c7b6860eeabaf,0x3DFb153c197D4C19D3B31c1ecD2c7B6860eeabAf-1722957908185,BUY,mlb-ari-col-2026-09-23-total-11pt5,Arizona Diamondbacks vs. Colorado Rockies: O/U 11.5,Under,0.55,200.0,110.0,555,skipped,max open copies reached,,
2026-09-24 02:46:31,1790210791155,0x3dfb153c197d4c19d3b31c1ecd2c7b6860eeabaf,0x3DFb153c197D4C19D3B31c1ecD2c7B6860eeabAf-1722957908185,BUY,mlb-ari-col-2026-09-23-total-11pt5,Arizona Diamondbacks vs. Colorado Rockies: O/U 11.5,Under,0.55,158.0,86.9,555,skipped,max open copies reached,,
2026-09-24 02:46:31,1790210791155,0x3dfb153c197d4c19d3b31c1ecd2c7b6860eeabaf,0x3DFb153c197D4C19D3B31c1ecD2c7B6860eeabAf-1722957908185,BUY,mlb-ari-col-2026-09-23-total-11pt5,Arizona Diamondbacks vs. Colorado Rockies: O/U 11.5,Under,0.55,16.78,9.23,519,skipped,their trade is only 9 USD,,
2026-09-24 02:46:31,1790210791155,0x3dfb153c197d4c19d3b31c1ecd2c7b6860eeabaf,0x3DFb153c197D4C19D3B31c1ecD2c7B6860eeabAf-1722957908185,BUY,mlb-ari-col-2026-09-23-total-11pt5,Arizona Diamondbacks vs. Colorado Rockies: O/U 11.5,Under,0.55,9261.0,5093.55,464,skipped,max open copies reached,,
2026-09-24 02:46:31,1790210791155,0x3dfb153c197d4c19d3b31c1ecd2c7b6860eeabaf,0x3DFb153c197D4C19D3B31c1ecD2c7B6860eeabAf-1722957908185,BUY,mlb-laa-oak-2026-09-23,Los Angeles Angels vs. Athletics,Los Angeles Angels,0.55,22.22,12.22,462,skipped,their trade is only 12 USD,,
2026-09-24 02:46:31,1790210791156,0x3dfb153c197d4c19d3b31c1ecd2c7b6860eeabaf,0x3DFb153c197D4C19D3B31c1ecD2c7B6860eeabAf-1722957908185,BUY,mlb-laa-oak-2026-09-23,Los Angeles Angels vs. Athletics,Los Angeles Angels,0.550000036,11.111112,6.11,420,skipped,their trade is only 6 USD,,
2026-09-24 02:51:32,1790211092298,0xcd84d7f9262516865553555751609fb6f52abec6,Donkey14,BUY,mlb-sd-lad-2026-09-23-spread-home-1pt5,Spread: Los Angeles Dodgers (-1.5),San Diego Padres,0.51,96.72,49.33,495,skipped,their trade is only 49 USD,,
2026-09-24 02:51:32,1790211092298,0xcd84d7f9262516865553555751609fb6f52abec6,Donkey14,BUY,mlb-sd-lad-2026-09-23-spread-home-1pt5,Spread: Los Angeles Dodgers (-1.5),San Diego Padres,0.51,107.8,54.98,476,skipped,max open copies reached,,
2026-09-24 02:51:32,1790211092298,0xcd84d7f9262516865553555751609fb6f52abec6,Donkey14,BUY,mlb-sd-lad-2026-09-23-spread-home-1pt5,Spread: Los Angeles Dodgers (-1.5),San Diego Padres,0.51,67.5,34.42,450,skipped,their trade is only 34 USD,,
2026-09-24 02:51:32,1790211092298,0xcd84d7f9262516865553555751609fb6f52abec6,Donkey14,BUY,mlb-sd-lad-2026-09-23-spread-home-1pt5,Spread: Los Angeles Dodgers (-1.5),San Diego Padres,0.51,19.14,9.76,425,skipped,their trade is only 10 USD,,
2026-09-24 02:51:32,1790211092299,0xcd84d7f9262516865553555751609fb6f52abec6,Donkey14,BUY,mlb-hou-sea-2026-09-23,Houston Astros vs. Seattle Mariners,Seattle Mariners,0.5400000159,27.673914,14.94,278,skipped,their trade is only 15 USD,,
2026-09-24 02:52:31,1790211151151,0x3dfb153c197d4c19d3b31c1ecd2c7b6860eeabaf,0x3DFb153c197D4C19D3B31c1ecD2c7B6860eeabAf-1722957908185,BUY,mlb-laa-oak-2026-09-23,Los Angeles Angels vs. Athletics,Los Angeles Angels,0.55,22.22,12.22,258,skipped,their trade is only 12 USD,,
2026-09-24 02:57:31,1790211451252,0x3dfb153c197d4c19d3b31c1ecd2c7b6860eeabaf,0x3DFb153c197D4C19D3B31c1ecD2c7B6860eeabAf-1722957908185,BUY,mlb-laa-oak-2026-09-23-spread-away-1pt5,Spread: Los Angeles Angels (-1.5),Los Angeles Angels,0.44,58378.38,25686.49,426,skipped,max open copies reached,,
2026-09-24 02:57:32,1790211452509,0xcd84d7f9262516865553555751609fb6f52abec6,Donkey14,BUY,mlb-sd-lad-2026-09-23,San Diego Padres vs. Los Angeles Dodgers,San Diego Padres,0.33,28.8,9.5,545,skipped,their trade is only 10 USD,,
2026-09-24 02:57:32,1790211452509,0xcd84d7f9262516865553555751609fb6f52abec6,Donkey14,BUY,mlb-laa-oak-2026-09-23-spread-away-1pt5,Spread: Los Angeles Angels (-1.5),Athletics,0.56,45454.54,25454.54,426,skipped,max open copies reached,,
2026-09-24 02:57:32,1790211452509,0xcd84d7f9262516865553555751609fb6f52abec6,Donkey14,BUY,mlb-hou-sea-2026-09-23,Houston Astros vs. Seattle Mariners,Seattle Mariners,0.5400000966,4.347827,2.35,291,skipped,their trade is only 2 USD,,
2026-09-24 02:57:35,1790211455138,0x27f738fe203827445690339104aae35b20bc44b0,ic4cream,BUY,wnba-dal-sea-2026-09-23-total-173pt5,Dallas Wings vs. Seattle Storm: O/U 173.5,Over,0.4900000001,187.627451,91.94,26,skipped,wallet no longer passes the gate,,
2026-09-24 03:03:31,1790211811239,0x3dfb153c197d4c19d3b31c1ecd2c7b6860eeabaf,0x3DFb153c197D4C19D3B31c1ecD2c7B6860eeabAf-1722957908185,BUY,mlb-laa-oak-2026-09-23,Los Angeles Angels vs. Athletics,Los Angeles Angels,0.55,22.22,12.22,356,skipped,their trade is only 12 USD,,
2026-09-24 03:03:32,1790211812510,0xcd84d7f9262516865553555751609fb6f52abec6,Donkey14,BUY,mlb-hou-sea-2026-09-23,Houston Astros vs. Seattle Mariners,Seattle Mariners,0.54,74.5,40.23,594,skipped,their trade is only 40 USD,,
2026-09-24 03:03:35,1790211815120,0x27f738fe203827445690339104aae35b20bc44b0,ic4cream,BUY,wnba-dal-sea-2026-09-23-total-173pt5,Dallas Wings vs. Seattle Storm: O/U 173.5,Over,0.49,296.41,145.24,231,skipped,wallet no longer passes the gate,,
2026-09-24 03:03:35,1790211815120,0x27f738fe203827445690339104aae35b20bc44b0,ic4cream,BUY,wnba-dal-sea-2026-09-23-total-173pt5,Dallas Wings vs. Seattle Storm: O/U 173.5,Over,0.4900000661,6.352942,3.11,42,skipped,wallet no longer passes the gate,,
2026-09-24 03:05:34,1790211934299,0x684baa57c338c2549aec0aa3f034f695d72a8409,monkeymashingkeyboard,BUY,wnba-dal-sea-2026-09-23-spread-away-8pt5,Spread: Dallas Wings (-8.5),Seattle Storm,0.51,117.0,59.67,143,skipped,max open copies reached,,
2026-09-24 03:08:31,1790212111223,0x3dfb153c197d4c19d3b31c1ecd2c7b6860eeabaf,0x3DFb153c197D4C19D3B31c1ecD2c7B6860eeabAf-1722957908185,BUY,mlb-laa-oak-2026-09-23,Los Angeles Angels vs. Athletics,Los Angeles Angels,0.55,200.0,110.0,563,skipped,max open copies reached,,
2026-09-24 03:09:32,1790212172255,0xcd84d7f9262516865553555751609fb6f52abec6,Donkey14,BUY,mlb-hou-sea-2026-09-23,Houston Astros vs. Seattle Mariners,Seattle Mariners,0.540000012,21.739131,11.74,318,skipped,their trade is only 12 USD,,
2026-09-24 03:09:32,1790212172256,0xcd84d7f9262516865553555751609fb6f52abec6,Donkey14,BUY,mlb-sd-lad-2026-09-23,San Diego Padres vs. Los Angeles Dodgers,San Diego Padres,0.3300000389,7.462687,2.46,317,skipped,their trade is only 2 USD,,
2026-09-24 03:09:32,1790212172256,0xcd84d7f9262516865553555751609fb6f52abec6,Donkey14,BUY,mlb-sd-lad-2026-09-23-spread-home-1pt5,Spread: Los Angeles Dodgers (-1.5),San Diego Padres,0.51,7711.0,3932.61,311,skipped,max open copies reached,,
2026-09-24 03:09:32,1790212172256,0xcd84d7f9262516865553555751609fb6f52abec6,Donkey14,BUY,mlb-sd-lad-2026-09-23-spread-home-1pt5,Spread: Los Angeles Dodgers (-1.5),San Diego Padres,0.51,54.0,27.54,282,skipped,their trade is only 28 USD,,
2026-09-24 03:09:32,1790212172257,0xcd84d7f9262516865553555751609fb6f52abec6,Donkey14,BUY,mlb-sd-lad-2026-09-23-spread-home-1pt5,Spread: Los Angeles Dodgers (-1.5),San Diego Padres,0.51,12591.84,6421.84,218,skipped,max open copies reached,,
2026-09-24 03:09:32,1790212172257,0xcd84d7f9262516865553555751609fb6f52abec6,Donkey14,BUY,mlb-sd-lad-2026-09-23-spread-home-1pt5,Spread: Los Angeles Dodgers (-1.5),San Diego Padres,0.51,10.07,5.14,186,skipped,their trade is only 5 USD,,
2026-09-24 03:09:32,1790212172257,0xcd84d7f9262516865553555751609fb6f52abec6,Donkey14,BUY,mlb-sd-lad-2026-09-23-spread-home-1pt5,Spread: Los Angeles Dodgers (-1.5),San Diego Padres,0.51,43.32,22.09,164,skipped,their trade is only 22 USD,,
2026-09-24 03:09:32,1790212172257,0xcd84d7f9262516865553555751609fb6f52abec6,Donkey14,BUY,mlb-sd-lad-2026-09-23-spread-home-1pt5,Spread: Los Angeles Dodgers (-1.5),San Diego Padres,0.51,392.0,199.92,155,skipped,max open copies reached,,
2026-09-24 03:09:32,1790212172257,0xcd84d7f9262516865553555751609fb6f52abec6,Donkey14,BUY,mlb-sd-lad-2026-09-23-spread-home-1pt5,Spread: Los Angeles Dodgers (-1.5),San Diego Padres,0.51,540.0,275.4,132,skipped,max open copies reached,,
2026-09-24 03:09:32,1790212172258,0xcd84d7f9262516865553555751609fb6f52abec6,Donkey14,BUY,mlb-sd-lad-2026-09-23-spread-home-1pt5,Spread: Los Angeles Dodgers (-1.5),San Diego Padres,0.51,508.0,259.08,132,skipped,max open copies reached,,
2026-09-24 03:09:32,1790212172258,0xcd84d7f9262516865553555751609fb6f52abec6,Donkey14,BUY,mlb-sd-lad-2026-09-23-spread-home-1pt5,Spread: Los Angeles Dodgers (-1.5),San Diego Padres,0.51,19.14,9.76,120,skipped,their trade is only 10 USD,,
2026-09-24 03:09:32,1790212172258,0xcd84d7f9262516865553555751609fb6f52abec6,Donkey14,BUY,mlb-sd-lad-2026-09-23-spread-home-1pt5,Spread: Los Angeles Dodgers (-1.5),San Diego Padres,0.51,18.13,9.25,110,skipped,their trade is only 9 USD,,
2026-09-24 03:09:32,1790212172258,0xcd84d7f9262516865553555751609fb6f52abec6,Donkey14,BUY,mlb-sd-lad-2026-09-23-spread-home-1pt5,Spread: Los Angeles Dodgers (-1.5),San Diego Padres,0.51,10.07,5.14,77,skipped,their trade is only 5 USD,,
2026-09-24 03:09:32,1790212172259,0xcd84d7f9262516865553555751609fb6f52abec6,Donkey14,BUY,mlb-hou-sea-2026-09-23,Houston Astros vs. Seattle Mariners,Seattle Mariners,0.54,5.0,2.7,62,skipped,their trade is only 3 USD,,
2026-09-24 03:09:32,1790212172259,0xcd84d7f9262516865553555751609fb6f52abec6,Donkey14,BUY,mlb-sd-lad-2026-09-23-spread-home-1pt5,Spread: Los Angeles Dodgers (-1.5),San Diego Padres,0.51,9.06,4.62,44,skipped,their trade is only 5 USD,,
2026-09-24 03:09:32,1790212172259,0xcd84d7f9262516865553555751609fb6f52abec6,Donkey14,BUY,mlb-sd-lad-2026-09-23-spread-home-1pt5,Spread: Los Angeles Dodgers (-1.5),San Diego Padres,0.51,25.18,12.84,41,skipped,their trade is only 13 USD,,
2026-09-24 03:09:32,1790212172259,0xcd84d7f9262516865553555751609fb6f52abec6,Donkey14,BUY,mlb-sd-lad-2026-09-23-spread-home-1pt5,Spread: Los Angeles Dodgers (-1.5),San Diego Padres,0.51,22.16,11.3,39,skipped,their trade is only 11 USD,,
2026-09-24 03:09:32,1790212172259,0xcd84d7f9262516865553555751609fb6f52abec6,Donkey14,BUY,mlb-sd-lad-2026-09-23-spread-home-1pt5,Spread: Los Angeles Dodgers (-1.5),San Diego Padres,0.51,18.13,9.25,8,skipped,their trade is only 9 USD,,
2026-09-24 03:09:34,1790212174847,0x27f738fe203827445690339104aae35b20bc44b0,ic4cream,BUY,wnba-dal-sea-2026-09-23-total-173pt5,Dallas Wings vs. Seattle Storm: O/U 173.5,Over,0.4900000603,4.313726,2.11,101,skipped,wallet no longer passes the gate,,
2026-09-24 03:14:31,1790212471294,0x3dfb153c197d4c19d3b31c1ecd2c7b6860eeabaf,0x3DFb153c197D4C19D3B31c1ecD2c7B6860eeabAf-1722957908185,BUY,mlb-laa-oak-2026-09-23-spread-away-1pt5,Spread: Los Angeles Angels (-1.5),Los Angeles Angels,0.44,4.02,1.77,492,skipped,their trade is only 2 USD,,
2026-09-24 03:14:31,1790212471294,0x3dfb153c197d4c19d3b31c1ecd2c7b6860eeabaf,0x3DFb153c197D4C19D3B31c1ecD2c7B6860eeabAf-1722957908185,BUY,mlb-laa-oak-2026-09-23,Los Angeles Angels vs. Athletics,Los Angeles Angels,0.55,22.22,12.22,453,skipped,their trade is only 12 USD,,
2026-09-24 03:14:32,1790212472566,0xcd84d7f9262516865553555751609fb6f52abec6,Donkey14,BUY,mlb-sd-lad-2026-09-23-spread-home-1pt5,Spread: Los Angeles Dodgers (-1.5),San Diego Padres,0.51,5.03,2.57,299,skipped,their trade is only 3 USD,,
2026-09-24 03:14:32,1790212472566,0xcd84d7f9262516865553555751609fb6f52abec6,Donkey14,BUY,mlb-sd-lad-2026-09-23-spread-home-1pt5,Spread: Los Angeles Dodgers (-1.5),San Diego Padres,0.51,19.14,9.76,299,skipped,their trade is only 10 USD,,
2026-09-24 03:14:32,1790212472567,0xcd84d7f9262516865553555751609fb6f52abec6,Donkey14,BUY,mlb-sd-lad-2026-09-23-spread-home-1pt5,Spread: Los Angeles Dodgers (-1.5),San Diego Padres,0.51,75.56,38.54,288,skipped,their trade is only 39 USD,,
2026-09-24 03:14:32,1790212472567,0xcd84d7f9262516865553555751609fb6f52abec6,Donkey14,BUY,mlb-sd-lad-2026-09-23-spread-home-1pt5,Spread: Los Angeles Dodgers (-1.5),San Diego Padres,0.51,97.73,49.84,275,skipped,their trade is only 50 USD,,
2026-09-24 03:14:32,1790212472567,0xcd84d7f9262516865553555751609fb6f52abec6,Donkey14,BUY,mlb-sd-lad-2026-09-23-spread-home-1pt5,Spread: Los Angeles Dodgers (-1.5),San Diego Padres,0.51,28.21,14.39,273,skipped,their trade is only 14 USD,,
2026-09-24 03:14:32,1790212472567,0xcd84d7f9262516865553555751609fb6f52abec6,Donkey14,BUY,mlb-sd-lad-2026-09-23-spread-home-1pt5,Spread: Los Angeles Dodgers (-1.5),San Diego Padres,0.51,94.71,48.3,272,skipped,their trade is only 48 USD,,
2026-09-24 03:14:32,1790212472567,0xcd84d7f9262516865553555751609fb6f52abec6,Donkey14,BUY,mlb-sd-lad-2026-09-23-spread-home-1pt5,Spread: Los Angeles Dodgers (-1.5),San Diego Padres,0.51,70.52,35.97,261,skipped,their trade is only 36 USD,,
2026-09-24 03:14:32,1790212472568,0xcd84d7f9262516865553555751609fb6f52abec6,Donkey14,BUY,mlb-sd-lad-2026-09-23-spread-home-1pt5,Spread: Los Angeles Dodgers (-1.5),San Diego Padres,0.51,151.13,77.08,236,skipped,max open copies reached,,
2026-09-24 03:14:32,1790212472568,0xcd84d7f9262516865553555751609fb6f52abec6,Donkey14,BUY,mlb-sd-lad-2026-09-23-spread-home-1pt5,Spread: Los Angeles Dodgers (-1.5),San Diego Padres,0.51,6.04,3.08,227,skipped,their trade is only 3 USD,,
2026-09-24 03:14:32,1790212472568,0xcd84d7f9262516865553555751609fb6f52abec6,Donkey14,BUY,mlb-sd-lad-2026-09-23-spread-home-1pt5,Spread: Los Angeles Dodgers (-1.5),San Diego Padres,0.51,88.66,45.22,200,skipped,their trade is only 45 USD,,
2026-09-24 03:14:32,1790212472568,0xcd84d7f9262516865553555751609fb6f52abec6,Donkey14,BUY,mlb-sd-lad-2026-09-23-spread-home-1pt5,Spread: Los Angeles Dodgers (-1.5),San Diego Padres,0.510000001,265.306123,135.31,192,skipped,max open copies reached,,
2026-09-24 03:14:32,1790212472568,0xcd84d7f9262516865553555751609fb6f52abec6,Donkey14,BUY,mlb-sd-lad-2026-09-23-spread-home-1pt5,Spread: Los Angeles Dodgers (-1.5),San Diego Padres,0.51,19.14,9.76,182,skipped,their trade is only 10 USD,,
2026-09-24 03:14:32,1790212472569,0xcd84d7f9262516865553555751609fb6f52abec6,Donkey14,BUY,mlb-sd-lad-2026-09-23-spread-home-1pt5,Spread: Los Angeles Dodgers (-1.5),San Diego Padres,0.51,47.35,24.15,149,skipped,their trade is only 24 USD,,
2026-09-24 03:14:32,1790212472569,0xcd84d7f9262516865553555751609fb6f52abec6,Donkey14,BUY,mlb-sd-lad-2026-09-23-spread-home-1pt5,Spread: Los Angeles Dodgers (-1.5),San Diego Padres,0.51,18.13,9.25,147,skipped,their trade is only 9 USD,,
2026-09-24 03:14:32,1790212472569,0xcd84d7f9262516865553555751609fb6f52abec6,Donkey14,BUY,mlb-sd-lad-2026-09-23-spread-home-1pt5,Spread: Los Angeles Dodgers (-1.5),San Diego Padres,0.51,189.42,96.6,125,skipped,max open copies reached,,
2026-09-24 03:14:32,1790212472569,0xcd84d7f9262516865553555751609fb6f52abec6,Donkey14,BUY,mlb-sd-lad-2026-09-23-spread-home-1pt5,Spread: Los Angeles Dodgers (-1.5),San Diego Padres,0.51,5.03,2.57,120,skipped,their trade is only 3 USD,,
2026-09-24 03:14:32,1790212472569,0xcd84d7f9262516865553555751609fb6f52abec6,Donkey14,BUY,mlb-hou-sea-2026-09-23,Houston Astros vs. Seattle Mariners,Seattle Mariners,0.5400000361,6.086957,3.29,110,skipped,their trade is only 3 USD,,
2026-09-24 03:14:32,1790212472569,0xcd84d7f9262516865553555751609fb6f52abec6,Donkey14,BUY,mlb-sd-lad-2026-09-23-spread-home-1pt5,Spread: Los Angeles Dodgers (-1.5),San Diego Padres,0.51,114.18,58.23,96,skipped,max open copies reached,,
2026-09-24 03:14:35,1790212475215,0x27f738fe203827445690339104aae35b20bc44b0,ic4cream,BUY,wnba-dal-sea-2026-09-23-total-173pt5,Dallas Wings vs. Seattle Storm: O/U 173.5,Over,0.49,3.0,1.47,38,skipped,wallet no longer passes the gate,,
2026-09-24 03:14:35,1790212475216,0x27f738fe203827445690339104aae35b20bc44b0,ic4cream,BUY,wnba-dal-sea-2026-09-23-total-173pt5,Dallas Wings vs. Seattle Storm: O/U 173.5,Over,0.49,40.0,19.6,38,skipped,wallet no longer passes the gate,,
2026-09-24 03:14:35,1790212475216,0x27f738fe203827445690339104aae35b20bc44b0,ic4cream,BUY,wnba-dal-sea-2026-09-23-total-173pt5,Dallas Wings vs. Seattle Storm: O/U 173.5,Over,0.49,400.0,196.0,38,skipped,wallet no longer passes the gate,,
2026-09-24 03:14:35,1790212475217,0x27f738fe203827445690339104aae35b20bc44b0,ic4cream,BUY,wnba-dal-sea-2026-09-23-total-173pt5,Dallas Wings vs. Seattle Storm: O/U 173.5,Over,0.49,15.0,7.35,38,skipped,wallet no longer passes the gate,,
2026-09-24 03:14:35,1790212475217,0x27f738fe203827445690339104aae35b20bc44b0,ic4cream,BUY,wnba-dal-sea-2026-09-23-total-173pt5,Dallas Wings vs. Seattle Storm: O/U 173.5,Over,0.49,130.0,63.7,38,skipped,wallet no longer passes the gate,,
2026-09-24 03:14:35,1790212475217,0x27f738fe203827445690339104aae35b20bc44b0,ic4cream,BUY,wnba-dal-sea-2026-09-23-total-173pt5,Dallas Wings vs. Seattle Storm: O/U 173.5,Over,0.49,25.0,12.25,36,skipped,wallet no longer passes the gate,,
2026-09-24 03:16:34,1790212594348,0x684baa57c338c2549aec0aa3f034f695d72a8409,monkeymashingkeyboard,BUY,wnba-dal-sea-2026-09-23-spread-away-8pt5,Spread: Dallas Wings (-8.5),Seattle Storm,0.52,1000.0,520.0,129,skipped,max open copies reached,,
2026-09-24 03:16:34,1790212594349,0x684baa57c338c2549aec0aa3f034f695d72a8409,monkeymashingkeyboard,BUY,wnba-dal-sea-2026-09-23-spread-away-8pt5,Spread: Dallas Wings (-8.5),Seattle Storm,0.52,21046.0,10943.92,74,skipped,max open copies reached,,
2026-09-24 03:16:34,1790212594349,0x684baa57c338c2549aec0aa3f034f695d72a8409,monkeymashingkeyboard,BUY,wnba-dal-sea-2026-09-23-spread-away-8pt5,Spread: Dallas Wings (-8.5),Seattle Storm,0.52,5.5625,2.89,72,skipped,their trade is only 3 USD,,
2026-09-24 03:16:34,1790212594349,0x684baa57c338c2549aec0aa3f034f695d72a8409,monkeymashingkeyboard,BUY,wnba-dal-sea-2026-09-23-spread-away-8pt5,Spread: Dallas Wings (-8.5),Seattle Storm,0.52,20.83,10.83,72,skipped,their trade is only 11 USD,,
2026-09-24 03:16:34,1790212594349,0x684baa57c338c2549aec0aa3f034f695d72a8409,monkeymashingkeyboard,BUY,wnba-dal-sea-2026-09-23-spread-away-8pt5,Spread: Dallas Wings (-8.5),Seattle Storm,0.52,6.25,3.25,69,skipped,their trade is only 3 USD,,
2026-09-24 03:16:34,1790212594350,0x684baa57c338c2549aec0aa3f034f695d72a8409,monkeymashingkeyboard,BUY,wnba-dal-sea-2026-09-23-spread-away-8pt5,Spread: Dallas Wings (-8.5),Seattle Storm,0.52,6.125,3.19,68,skipped,their trade is only 3 USD,,
2026-09-24 03:16:34,1790212594350,0x684baa57c338c2549aec0aa3f034f695d72a8409,monkeymashingkeyboard,BUY,wnba-dal-sea-2026-09-23-spread-away-8pt5,Spread: Dallas Wings (-8.5),Seattle Storm,0.52,20.4,10.61,57,skipped,their trade is only 11 USD,,
2026-09-24 03:16:34,1790212594350,0x684baa57c338c2549aec0aa3f034f695d72a8409,monkeymashingkeyboard,BUY,wnba-dal-sea-2026-09-23-spread-away-8pt5,Spread: Dallas Wings (-8.5),Seattle Storm,0.52,8.16,4.24,54,skipped,their trade is only 4 USD,,
2026-09-24 03:16:34,1790212594350,0x684baa57c338c2549aec0aa3f034f695d72a8409,monkeymashingkeyboard,BUY,wnba-dal-sea-2026-09-23-spread-away-8pt5,Spread: Dallas Wings (-8.5),Seattle Storm,0.5200000041,77.958334,40.54,53,skipped,their trade is only 41 USD,,
2026-09-24 03:16:34,1790212594350,0x684baa57c338c2549aec0aa3f034f695d72a8409,monkeymashingkeyboard,BUY,wnba-dal-sea-2026-09-23-spread-away-8pt5,Spread: Dallas Wings (-8.5),Seattle Storm,0.52,10.1875,5.3,47,skipped,their trade is only 5 USD,,
2026-09-24 03:16:34,1790212594350,0x684baa57c338c2549aec0aa3f034f695d72a8409,monkeymashingkeyboard,BUY,wnba-dal-sea-2026-09-23-spread-away-8pt5,Spread: Dallas Wings (-8.5),Seattle Storm,0.52,10.1875,5.3,39,skipped,their trade is only 5 USD,,
2026-09-24 03:16:34,1790212594351,0x684baa57c338c2549aec0aa3f034f695d72a8409,monkeymashingkeyboard,BUY,wnba-dal-sea-2026-09-23-spread-away-8pt5,Spread: Dallas Wings (-8.5),Seattle Storm,0.52,10.625,5.53,35,skipped,their trade is only 6 USD,,
2026-09-24 03:16:34,1790212594351,0x684baa57c338c2549aec0aa3f034f695d72a8409,monkeymashingkeyboard,BUY,wnba-dal-sea-2026-09-23-spread-away-8pt5,Spread: Dallas Wings (-8.5),Seattle Storm,0.52,32.5,16.9,30,skipped,their trade is only 17 USD,,
2026-09-24 03:20:32,1790212832492,0xcd84d7f9262516865553555751609fb6f52abec6,Donkey14,BUY,mlb-sd-lad-2026-09-23,San Diego Padres vs. Los Angeles Dodgers,San Diego Padres,0.33,45.0597,14.87,155,skipped,their trade is only 15 USD,,
2026-09-24 03:20:32,1790212832493,0xcd84d7f9262516865553555751609fb6f52abec6,Donkey14,BUY,mlb-sd-lad-2026-09-23,San Diego Padres vs. Los Angeles Dodgers,San Diego Padres,0.3300000007,447.761193,147.76,110,skipped,max open copies reached,,
2026-09-24 03:20:35,1790212835209,0x27f738fe203827445690339104aae35b20bc44b0,ic4cream,BUY,wnba-dal-sea-2026-09-23-total-173pt5,Dallas Wings vs. Seattle Storm: O/U 173.5,Over,0.49,129.0,63.21,309,skipped,wallet no longer passes the gate,,
2026-09-24 03:20:35,1790212835210,0x27f738fe203827445690339104aae35b20bc44b0,ic4cream,BUY,wnba-dal-sea-2026-09-23-total-173pt5,Dallas Wings vs. Seattle Storm: O/U 173.5,Over,0.49,4.0,1.96,302,skipped,wallet no longer passes the gate,,
2026-09-24 03:20:35,1790212835210,0x27f738fe203827445690339104aae35b20bc44b0,ic4cream,BUY,wnba-dal-sea-2026-09-23-total-173pt5,Dallas Wings vs. Seattle Storm: O/U 173.5,Over,0.49,18.0,8.82,14,skipped,wallet no longer passes the gate,,
2026-09-24 03:22:34,1790212954242,0x684baa57c338c2549aec0aa3f034f695d72a8409,monkeymashingkeyboard,BUY,nfl-min-tb-2026-09-27,Vikings vs. Buccaneers,Buccaneers,0.47,8.75,4.11,288,skipped,their trade is only 4 USD,,
2026-09-24 03:26:31,1790213191237,0x3dfb153c197d4c19d3b31c1ecd2c7b6860eeabaf,0x3DFb153c197D4C19D3B31c1ecD2c7B6860eeabAf-1722957908185,BUY,mlb-laa-oak-2026-09-23,Los Angeles Angels vs. Athletics,Los Angeles Angels,0.5500000004,644.444445,354.44,360,skipped,max open copies reached,,
2026-09-24 03:26:31,1790213191238,0x3dfb153c197d4c19d3b31c1ecd2c7b6860eeabaf,0x3DFb153c197D4C19D3B31c1ecD2c7B6860eeabAf-1722957908185,BUY,mlb-laa-oak-2026-09-23,Los Angeles Angels vs. Athletics,Los Angeles Angels,0.5500000002,288.888889,158.89,248,skipped,max open copies reached,,
2026-09-24 03:26:32,1790213192509,0xcd84d7f9262516865553555751609fb6f52abec6,Donkey14,BUY,mlb-sd-lad-2026-09-23,San Diego Padres vs. Los Angeles Dodgers,San Diego Padres,0.3300000161,14.925372,4.93,296,skipped,their trade is only 5 USD,,
2026-09-24 03:26:32,1790213192509,0xcd84d7f9262516865553555751609fb6f52abec6,Donkey14,BUY,mlb-sd-lad-2026-09-23,San Diego Padres vs. Los Angeles Dodgers,San Diego Padres,0.3300000002,171.358209,56.55,287,skipped,max open copies reached,,
2026-09-24 03:26:32,1790213192510,0xcd84d7f9262516865553555751609fb6f52abec6,Donkey14,BUY,mlb-hou-sea-2026-09-23,Houston Astros vs. Seattle Mariners,Seattle Mariners,0.5400000077,54.347827,29.35,78,skipped,their trade is only 29 USD,,
2026-09-24 03:26:32,1790213192510,0xcd84d7f9262516865553555751609fb6f52abec6,Donkey14,BUY,mlb-hou-sea-2026-09-23-spread-home-1pt5,Spread: Seattle Mariners (-1.5),Houston Astros,0.63,5.0,3.15,77,skipped,their trade is only 3 USD,,
2026-09-24 03:32:31,1790213551214,0x3dfb153c197d4c19d3b31c1ecd2c7b6860eeabaf,0x3DFb153c197D4C19D3B31c1ecD2c7B6860eeabAf-1722957908185,BUY,mlb-ari-col-2026-09-23-total-13pt5,Arizona Diamondbacks vs. Colorado Rockies: O/U 13.5,Under,0.55,444.44,244.44,351,skipped,max open copies reached,,
2026-09-24 03:32:31,1790213551215,0x3dfb153c197d4c19d3b31c1ecd2c7b6860eeabaf,0x3DFb153c197D4C19D3B31c1ecD2c7B6860eeabAf-1722957908185,BUY,mlb-laa-oak-2026-09-23,Los Angeles Angels vs. Athletics,Los Angeles Angels,0.5500000849,3.533334,1.94,111,skipped,their trade is only 2 USD,,
2026-09-24 03:32:32,1790213552557,0xcd84d7f9262516865553555751609fb6f52abec6,Donkey14,BUY,mlb-hou-sea-2026-09-23-spread-home-1pt5,Spread: Seattle Mariners (-1.5),Houston Astros,0.6300000263,10.270271,6.47,249,skipped,their trade is only 6 USD,,
2026-09-24 03:32:32,1790213552558,0xcd84d7f9262516865553555751609fb6f52abec6,Donkey14,BUY,mlb-hou-sea-2026-09-23,Houston Astros vs. Seattle Mariners,Seattle Mariners,0.5400000331,10.869566,5.87,162,skipped,their trade is only 6 USD,,
2026-09-24 03:32:32,1790213552558,0xcd84d7f9262516865553555751609fb6f52abec6,Donkey14,BUY,mlb-hou-sea-2026-09-23,Houston Astros vs. Seattle Mariners,Seattle Mariners,0.5400000006,608.695653,328.7,153,skipped,max open copies reached,,
2026-09-24 03:32:32,1790213552558,0xcd84d7f9262516865553555751609fb6f52abec6,Donkey14,BUY,mlb-sd-lad-2026-09-23,San Diego Padres vs. Los Angeles Dodgers,San Diego Padres,0.3300000191,10.44776,3.45,105,skipped,their trade is only 3 USD,,
2026-09-24 03:32:35,1790213555194,0x27f738fe203827445690339104aae35b20bc44b0,ic4cream,BUY,wnba-dal-sea-2026-09-23-total-173pt5,Dallas Wings vs. Seattle Storm: O/U 173.5,Over,0.49,23.0,11.27,63,skipped,wallet no longer passes the gate,,
2026-09-24 03:32:35,1790213555194,0x27f738fe203827445690339104aae35b20bc44b0,ic4cream,BUY,wnba-dal-sea-2026-09-23-total-173pt5,Dallas Wings vs. Seattle Storm: O/U 173.5,Over,0.49,83.0,40.67,53,skipped,wallet no longer passes the gate,,
2026-09-24 03:32:35,1790213555195,0x27f738fe203827445690339104aae35b20bc44b0,ic4cream,BUY,wnba-dal-sea-2026-09-23-total-173pt5,Dallas Wings vs. Seattle Storm: O/U 173.5,Over,0.49,48.0,23.52,20,skipped,wallet no longer passes the gate,,
2026-09-24 03:38:31,1790213911188,0x3dfb153c197d4c19d3b31c1ecd2c7b6860eeabaf,0x3DFb153c197D4C19D3B31c1ecD2c7B6860eeabAf-1722957908185,BUY,mlb-laa-oak-2026-09-23,Los Angeles Angels vs. Athletics,Los Angeles Angels,0.5500000056,44.444445,24.44,186,skipped,their trade is only 24 USD,,
2026-09-24 03:38:32,1790213912500,0xcd84d7f9262516865553555751609fb6f52abec6,Donkey14,BUY,mlb-sd-lad-2026-09-23,San Diego Padres vs. Los Angeles Dodgers,San Diego Padres,0.33,12.08,3.99,230,skipped,their trade is only 4 USD,,
2026-09-24 03:38:32,1790213912500,0xcd84d7f9262516865553555751609fb6f52abec6,Donkey14,BUY,mlb-sd-lad-2026-09-23,San Diego Padres vs. Los Angeles Dodgers,San Diego Padres,0.33,72.48,23.92,225,skipped,their trade is only 24 USD,,
2026-09-24 03:38:32,1790213912501,0xcd84d7f9262516865553555751609fb6f52abec6,Donkey14,BUY,mlb-sd-lad-2026-09-23,San Diego Padres vs. Los Angeles Dodgers,San Diego Padres,0.33,29.19,9.63,224,skipped,their trade is only 10 USD,,
2026-09-24 03:38:32,1790213912501,0xcd84d7f9262516865553555751609fb6f52abec6,Donkey14,BUY,mlb-sd-lad-2026-09-23,San Diego Padres vs. Los Angeles Dodgers,San Diego Padres,0.33,410.72,135.54,222,skipped,max open copies reached,,
2026-09-24 03:38:32,1790213912501,0xcd84d7f9262516865553555751609fb6f52abec6,Donkey14,BUY,mlb-sd-lad-2026-09-23,San Diego Padres vs. Los Angeles Dodgers,San Diego Padres,0.33,704.67,232.54,221,skipped,max open copies reached,,
2026-09-24 03:38:32,1790213912501,0xcd84d7f9262516865553555751609fb6f52abec6,Donkey14,BUY,mlb-sd-lad-2026-09-23,San Diego Padres vs. Los Angeles Dodgers,San Diego Padres,0.33,14.09,4.65,218,skipped,their trade is only 5 USD,,
2026-09-24 03:38:32,1790213912501,0xcd84d7f9262516865553555751609fb6f52abec6,Donkey14,BUY,mlb-sd-lad-2026-09-23,San Diego Padres vs. Los Angeles Dodgers,San Diego Padres,0.33,46.3,15.28,216,skipped,their trade is only 15 USD,,
2026-09-24 03:38:32,1790213912502,0xcd84d7f9262516865553555751609fb6f52abec6,Donkey14,BUY,mlb-sd-lad-2026-09-23,San Diego Padres vs. Los Angeles Dodgers,San Diego Padres,0.33,70.46,23.25,215,skipped,their trade is only 23 USD,,
2026-09-24 03:38:32,1790213912502,0xcd84d7f9262516865553555751609fb6f52abec6,Donkey14,BUY,mlb-sd-lad-2026-09-23,San Diego Padres vs. Los Angeles Dodgers,San Diego Padres,0.33,70.46,23.25,206,skipped,their trade is only 23 USD,,
2026-09-24 03:38:32,1790213912502,0xcd84d7f9262516865553555751609fb6f52abec6,Donkey14,BUY,mlb-sd-lad-2026-09-23,San Diego Padres vs. Los Angeles Dodgers,San Diego Padres,0.33,72.48,23.92,203,skipped,their trade is only 24 USD,,
2026-09-24 03:38:32,1790213912502,0xcd84d7f9262516865553555751609fb6f52abec6,Donkey14,BUY,mlb-sd-lad-2026-09-23,San Diego Padres vs. Los Angeles Dodgers,San Diego Padres,0.33,7.04,2.32,203,skipped,their trade is only 2 USD,,
2026-09-24 03:38:32,1790213912503,0xcd84d7f9262516865553555751609fb6f52abec6,Donkey14,BUY,mlb-sd-lad-2026-09-23,San Diego Padres vs. Los Angeles Dodgers,San Diego Padres,0.33,36.24,11.96,201,skipped,their trade is only 12 USD,,
2026-09-24 03:38:32,1790213912503,0xcd84d7f9262516865553555751609fb6f52abec6,Donkey14,BUY,mlb-sd-lad-2026-09-23,San Diego Padres vs. Los Angeles Dodgers,San Diego Padres,0.33,11.07,3.65,197,skipped,their trade is only 4 USD,,
2026-09-24 03:38:32,1790213912503,0xcd84d7f9262516865553555751609fb6f52abec6,Donkey14,BUY,mlb-sd-lad-2026-09-23,San Diego Padres vs. Los Angeles Dodgers,San Diego Padres,0.33,50.33,16.61,192,skipped,their trade is only 17 USD,,
2026-09-24 03:38:32,1790213912503,0xcd84d7f9262516865553555751609fb6f52abec6,Donkey14,BUY,mlb-sd-lad-2026-09-23,San Diego Padres vs. Los Angeles Dodgers,San Diego Padres,0.33,36.24,11.96,191,skipped,their trade is only 12 USD,,
2026-09-24 03:38:32,1790213912503,0xcd84d7f9262516865553555751609fb6f52abec6,Donkey14,BUY,mlb-sd-lad-2026-09-23,San Diego Padres vs. Los Angeles Dodgers,San Diego Padres,0.33,35.23,11.63,188,skipped,their trade is only 12 USD,,
2026-09-24 03:38:32,1790213912504,0xcd84d7f9262516865553555751609fb6f52abec6,Donkey14,BUY,mlb-sd-lad-2026-09-23,San Diego Padres vs. Los Angeles Dodgers,San Diego Padres,0.33,14.09,4.65,188,skipped,their trade is only 5 USD,,
2026-09-24 03:38:32,1790213912504,0xcd84d7f9262516865553555751609fb6f52abec6,Donkey14,BUY,mlb-sd-lad-2026-09-23,San Diego Padres vs. Los Angeles Dodgers,San Diego Padres,0.33,4.02,1.33,186,skipped,their trade is only 1 USD,,
2026-09-24 03:38:32,1790213912504,0xcd84d7f9262516865553555751609fb6f52abec6,Donkey14,BUY,mlb-sd-lad-2026-09-23,San Diego Padres vs. Los Angeles Dodgers,San Diego Padres,0.33,18.12,5.98,174,skipped,their trade is only 6 USD,,
2026-09-24 03:38:32,1790213912504,0xcd84d7f9262516865553555751609fb6f52abec6,Donkey14,BUY,mlb-sd-lad-2026-09-23,San Diego Padres vs. Los Angeles Dodgers,San Diego Padres,0.33,8.05,2.66,159,skipped,their trade is only 3 USD,,
2026-09-24 03:38:32,1790213912504,0xcd84d7f9262516865553555751609fb6f52abec6,Donkey14,BUY,mlb-sd-lad-2026-09-23,San Diego Padres vs. Los Angeles Dodgers,San Diego Padres,0.33,7.04,2.32,158,skipped,their trade is only 2 USD,,
2026-09-24 03:38:32,1790213912504,0xcd84d7f9262516865553555751609fb6f52abec6,Donkey14,BUY,mlb-sd-lad-2026-09-23,San Diego Padres vs. Los Angeles Dodgers,San Diego Padres,0.33,14.09,4.65,156,skipped,their trade is only 5 USD,,
2026-09-24 03:38:32,1790213912505,0xcd84d7f9262516865553555751609fb6f52abec6,Donkey14,BUY,mlb-sd-lad-2026-09-23,San Diego Padres vs. Los Angeles Dodgers,San Diego Padres,0.33,21.14,6.98,156,skipped,their trade is only 7 USD,,
2026-09-24 03:38:32,1790213912505,0xcd84d7f9262516865553555751609fb6f52abec6,Donkey14,BUY,mlb-sd-lad-2026-09-23,San Diego Padres vs. Los Angeles Dodgers,San Diego Padres,0.33,542.59,179.05,152,skipped,max open copies reached,,
2026-09-24 03:38:32,1790213912505,0xcd84d7f9262516865553555751609fb6f52abec6,Donkey14,BUY,mlb-sd-lad-2026-09-23,San Diego Padres vs. Los Angeles Dodgers,San Diego Padres,0.33,29.19,9.63,152,skipped,their trade is only 10 USD,,
2026-09-24 03:38:32,1790213912505,0xcd84d7f9262516865553555751609fb6f52abec6,Donkey14,BUY,mlb-sd-lad-2026-09-23,San Diego Padres vs. Los Angeles Dodgers,San Diego Padres,0.33,36.24,11.96,150,skipped,their trade is only 12 USD,,
2026-09-24 03:38:32,1790213912505,0xcd84d7f9262516865553555751609fb6f52abec6,Donkey14,BUY,mlb-sd-lad-2026-09-23,San Diego Padres vs. Los Angeles Dodgers,San Diego Padres,0.33,42.28,13.95,146,skipped,their trade is only 14 USD,,
2026-09-24 03:38:32,1790213912505,0xcd84d7f9262516865553555751609fb6f52abec6,Donkey14,BUY,mlb-sd-lad-2026-09-23,San Diego Padres vs. Los Angeles Dodgers,San Diego Padres,0.33,7.04,2.32,137,skipped,their trade is only 2 USD,,
2026-09-24 03:38:32,1790213912506,0xcd84d7f9262516865553555751609fb6f52abec6,Donkey14,BUY,mlb-sd-lad-2026-09-23,San Diego Padres vs. Los Angeles Dodgers,San Diego Padres,0.33,23.15,7.64,135,skipped,their trade is only 8 USD,,
2026-09-24 03:38:32,1790213912506,0xcd84d7f9262516865553555751609fb6f52abec6,Donkey14,BUY,mlb-sd-lad-2026-09-23,San Diego Padres vs. Los Angeles Dodgers,San Diego Padres,0.33,14.09,4.65,132,skipped,their trade is only 5 USD,,
2026-09-24 03:38:35,1790213915150,0x27f738fe203827445690339104aae35b20bc44b0,ic4cream,BUY,wnba-dal-sea-2026-09-23-total-173pt5,Dallas Wings vs. Seattle Storm: O/U 173.5,Over,0.49,600.0,294.0,353,skipped,wallet no longer passes the gate,,
2026-09-24 03:38:35,1790213915151,0x27f738fe203827445690339104aae35b20bc44b0,ic4cream,BUY,wnba-dal-sea-2026-09-23-total-173pt5,Dallas Wings vs. Seattle Storm: O/U 173.5,Over,0.49,63.0,30.87,332,skipped,wallet no longer passes the gate,,
2026-09-24 03:44:32,1790214272477,0xcd84d7f9262516865553555751609fb6f52abec6,Donkey14,BUY,mlb-sd-lad-2026-09-23,San Diego Padres vs. Los Angeles Dodgers,San Diego Padres,0.33,430.85,142.18,284,skipped,max open copies reached,,
2026-09-24 03:44:32,1790214272478,0xcd84d7f9262516865553555751609fb6f52abec6,Donkey14,BUY,mlb-sd-lad-2026-09-23,San Diego Padres vs. Los Angeles Dodgers,San Diego Padres,0.33,53.35,17.61,279,skipped,their trade is only 18 USD,,
2026-09-24 03:44:32,1790214272478,0xcd84d7f9262516865553555751609fb6f52abec6,Donkey14,BUY,mlb-sd-lad-2026-09-23,San Diego Padres vs. Los Angeles Dodgers,San Diego Padres,0.33,17.11,5.65,276,skipped,their trade is only 6 USD,,
2026-09-24 03:44:32,1790214272478,0xcd84d7f9262516865553555751609fb6f52abec6,Donkey14,BUY,mlb-sd-lad-2026-09-23,San Diego Padres vs. Los Angeles Dodgers,San Diego Padres,0.33,145.96,48.17,275,skipped,their trade is only 48 USD,,
2026-09-24 03:44:32,1790214272478,0xcd84d7f9262516865553555751609fb6f52abec6,Donkey14,BUY,mlb-sd-lad-2026-09-23,San Diego Padres vs. Los Angeles Dodgers,San Diego Padres,0.33,161.06,53.15,269,skipped,max open copies reached,,
2026-09-24 03:44:32,1790214272478,0xcd84d7f9262516865553555751609fb6f52abec6,Donkey14,BUY,mlb-sd-lad-2026-09-23,San Diego Padres vs. Los Angeles Dodgers,San Diego Padres,0.33,36.24,11.96,266,skipped,their trade is only 12 USD,,
2026-09-24 03:44:32,1790214272479,0xcd84d7f9262516865553555751609fb6f52abec6,Donkey14,BUY,mlb-sd-lad-2026-09-23,San Diego Padres vs. Los Angeles Dodgers,San Diego Padres,0.33,1064.05,351.14,255,skipped,max open copies reached,,
2026-09-24 03:44:32,1790214272479,0xcd84d7f9262516865553555751609fb6f52abec6,Donkey14,BUY,mlb-sd-lad-2026-09-23,San Diego Padres vs. Los Angeles Dodgers,San Diego Padres,0.33,7.04,2.32,249,skipped,their trade is only 2 USD,,
2026-09-24 03:44:32,1790214272479,0xcd84d7f9262516865553555751609fb6f52abec6,Donkey14,BUY,mlb-sd-lad-2026-09-23,San Diego Padres vs. Los Angeles Dodgers,San Diego Padres,0.33,21.14,6.98,246,skipped,their trade is only 7 USD,,
2026-09-24 03:44:32,1790214272479,0xcd84d7f9262516865553555751609fb6f52abec6,Donkey14,BUY,mlb-sd-lad-2026-09-23,San Diego Padres vs. Los Angeles Dodgers,San Diego Padres,0.33,21.14,6.98,243,skipped,their trade is only 7 USD,,
2026-09-24 03:44:32,1790214272479,0xcd84d7f9262516865553555751609fb6f52abec6,Donkey14,BUY,mlb-sd-lad-2026-09-23,San Diego Padres vs. Los Angeles Dodgers,San Diego Padres,0.33,7.04,2.32,239,skipped,their trade is only 2 USD,,
2026-09-24 03:44:32,1790214272480,0xcd84d7f9262516865553555751609fb6f52abec6,Donkey14,BUY,mlb-sd-lad-2026-09-23,San Diego Padres vs. Los Angeles Dodgers,San Diego Padres,0.33,14.09,4.65,231,skipped,their trade is only 5 USD,,
2026-09-24 03:44:32,1790214272480,0xcd84d7f9262516865553555751609fb6f52abec6,Donkey14,BUY,mlb-sd-lad-2026-09-23,San Diego Padres vs. Los Angeles Dodgers,San Diego Padres,0.33,7.04,2.32,228,skipped,their trade is only 2 USD,,
2026-09-24 03:44:32,1790214272480,0xcd84d7f9262516865553555751609fb6f52abec6,Donkey14,BUY,mlb-sd-lad-2026-09-23,San Diego Padres vs. Los Angeles Dodgers,San Diego Padres,0.33,7.04,2.32,225,skipped,their trade is only 2 USD,,
2026-09-24 03:44:32,1790214272480,0xcd84d7f9262516865553555751609fb6f52abec6,Donkey14,BUY,mlb-sd-lad-2026-09-23,San Diego Padres vs. Los Angeles Dodgers,San Diego Padres,0.33,14.09,4.65,222,skipped,their trade is only 5 USD,,
2026-09-24 03:44:32,1790214272481,0xcd84d7f9262516865553555751609fb6f52abec6,Donkey14,BUY,mlb-sd-lad-2026-09-23,San Diego Padres vs. Los Angeles Dodgers,San Diego Padres,0.33,14.09,4.65,213,skipped,their trade is only 5 USD,,
2026-09-24 03:44:32,1790214272481,0xcd84d7f9262516865553555751609fb6f52abec6,Donkey14,BUY,mlb-sd-lad-2026-09-23,San Diego Padres vs. Los Angeles Dodgers,San Diego Padres,0.33,14.09,4.65,212,skipped,their trade is only 5 USD,,
2026-09-24 03:44:32,1790214272481,0xcd84d7f9262516865553555751609fb6f52abec6,Donkey14,BUY,mlb-sd-lad-2026-09-23,San Diego Padres vs. Los Angeles Dodgers,San Diego Padres,0.33,21.14,6.98,210,skipped,their trade is only 7 USD,,
2026-09-24 03:44:32,1790214272481,0xcd84d7f9262516865553555751609fb6f52abec6,Donkey14,BUY,mlb-sd-lad-2026-09-23,San Diego Padres vs. Los Angeles Dodgers,San Diego Padres,0.33,29.19,9.63,210,skipped,their trade is only 10 USD,,
2026-09-24 03:44:32,1790214272481,0xcd84d7f9262516865553555751609fb6f52abec6,Donkey14,BUY,mlb-sd-lad-2026-09-23,San Diego Padres vs. Los Angeles Dodgers,San Diego Padres,0.33,14.09,4.65,209,skipped,their trade is only 5 USD,,
2026-09-24 03:44:32,1790214272482,0xcd84d7f9262516865553555751609fb6f52abec6,Donkey14,BUY,mlb-sd-lad-2026-09-23,San Diego Padres vs. Los Angeles Dodgers,San Diego Padres,0.33,14.09,4.65,209,skipped,their trade is only 5 USD,,
2026-09-24 03:44:32,1790214272482,0xcd84d7f9262516865553555751609fb6f52abec6,Donkey14,BUY,mlb-sd-lad-2026-09-23,San Diego Padres vs. Los Angeles Dodgers,San Diego Padres,0.33,71.47,23.59,207,skipped,their trade is only 24 USD,,
2026-09-24 03:44:32,1790214272482,0xcd84d7f9262516865553555751609fb6f52abec6,Donkey14,BUY,mlb-sd-lad-2026-09-23,San Diego Padres vs. Los Angeles Dodgers,San Diego Padres,0.33,72.48,23.92,207,skipped,their trade is only 24 USD,,
2026-09-24 03:44:32,1790214272482,0xcd84d7f9262516865553555751609fb6f52abec6,Donkey14,BUY,mlb-sd-lad-2026-09-23,San Diego Padres vs. Los Angeles Dodgers,San Diego Padres,0.33,8.05,2.66,207,skipped,their trade is only 3 USD,,
2026-09-24 03:44:32,1790214272482,0xcd84d7f9262516865553555751609fb6f52abec6,Donkey14,BUY,mlb-sd-lad-2026-09-23,San Diego Padres vs. Los Angeles Dodgers,San Diego Padres,0.33,270.79,89.36,206,skipped,max open copies reached,,
2026-09-24 03:44:32,1790214272482,0xcd84d7f9262516865553555751609fb6f52abec6,Donkey14,BUY,mlb-sd-lad-2026-09-23,San Diego Padres vs. Los Angeles Dodgers,San Diego Padres,0.33,7.04,2.32,203,skipped,their trade is only 2 USD,,
2026-09-24 03:44:32,1790214272483,0xcd84d7f9262516865553555751609fb6f52abec6,Donkey14,BUY,mlb-sd-lad-2026-09-23,San Diego Padres vs. Los Angeles Dodgers,San Diego Padres,0.33,330.19,108.96,200,skipped,max open copies reached,,
2026-09-24 03:44:32,1790214272483,0xcd84d7f9262516865553555751609fb6f52abec6,Donkey14,BUY,mlb-sd-lad-2026-09-23,San Diego Padres vs. Los Angeles Dodgers,San Diego Padres,0.33,131.87,43.52,200,skipped,their trade is only 44 USD,,
2026-09-24 03:44:32,1790214272483,0xcd84d7f9262516865553555751609fb6f52abec6,Donkey14,BUY,mlb-sd-lad-2026-09-23,San Diego Padres vs. Los Angeles Dodgers,San Diego Padres,0.33,276.83,91.35,197,skipped,max open copies reached,,
2026-09-24 03:44:32,1790214272483,0xcd84d7f9262516865553555751609fb6f52abec6,Donkey14,BUY,mlb-sd-lad-2026-09-23,San Diego Padres vs. Los Angeles Dodgers,San Diego Padres,0.33,72.48,23.92,194,skipped,their trade is only 24 USD,,
2026-09-24 03:44:35,1790214275064,0x27f738fe203827445690339104aae35b20bc44b0,ic4cream,BUY,wnba-dal-sea-2026-09-23-total-173pt5,Dallas Wings vs. Seattle Storm: O/U 173.5,Over,0.49,16.0,7.84,309,skipped,wallet no longer passes the gate,,
2026-09-24 03:44:35,1790214275065,0x27f738fe203827445690339104aae35b20bc44b0,ic4cream,BUY,wnba-dal-sea-2026-09-23-total-173pt5,Dallas Wings vs. Seattle Storm: O/U 173.5,Over,0.49,11.0,5.39,309,skipped,wallet no longer passes the gate,,
2026-09-24 03:44:35,1790214275065,0x27f738fe203827445690339104aae35b20bc44b0,ic4cream,BUY,wnba-dal-sea-2026-09-23-total-173pt5,Dallas Wings vs. Seattle Storm: O/U 173.5,Over,0.49,5.0,2.45,309,skipped,wallet no longer passes the gate,,
2026-09-24 03:44:35,1790214275066,0x27f738fe203827445690339104aae35b20bc44b0,ic4cream,BUY,wnba-dal-sea-2026-09-23-total-173pt5,Dallas Wings vs. Seattle Storm: O/U 173.5,Over,0.49,177.0,86.73,308,skipped,wallet no longer passes the gate,,
2026-09-24 03:44:35,1790214275066,0x27f738fe203827445690339104aae35b20bc44b0,ic4cream,BUY,wnba-dal-sea-2026-09-23-total-173pt5,Dallas Wings vs. Seattle Storm: O/U 173.5,Over,0.4900000016,49.019608,24.02,156,skipped,wallet no longer passes the gate,,
2026-09-24 03:44:35,1790214275066,0x27f738fe203827445690339104aae35b20bc44b0,ic4cream,BUY,wnba-dal-sea-2026-09-23-total-173pt5,Dallas Wings vs. Seattle Storm: O/U 173.5,Over,0.49,127.49,62.47,68,skipped,wallet no longer passes the gate,,
2026-09-24 03:50:31,1790214631201,0x3dfb153c197d4c19d3b31c1ecd2c7b6860eeabaf,0x3DFb153c197D4C19D3B31c1ecD2c7B6860eeabAf-1722957908185,BUY,nfl-nyj-det-2026-09-27-spread-home-6pt5,Spread: Lions (-6.5),Jets,0.49,62.46,30.61,342,skipped,their trade is only 31 USD,,
2026-09-24 03:50:32,1790214632463,0xcd84d7f9262516865553555751609fb6f52abec6,Donkey14,BUY,mlb-sd-lad-2026-09-23,San Diego Padres vs. Los Angeles Dodgers,San Diego Padres,0.33,72.48,23.92,369,skipped,their trade is only 24 USD,,
2026-09-24 03:50:32,1790214632464,0xcd84d7f9262516865553555751609fb6f52abec6,Donkey14,BUY,mlb-sd-lad-2026-09-23,San Diego Padres vs. Los Angeles Dodgers,San Diego Padres,0.33,18.12,5.98,369,skipped,their trade is only 6 USD,,
2026-09-24 03:50:32,1790214632464,0xcd84d7f9262516865553555751609fb6f52abec6,Donkey14,BUY,mlb-sd-lad-2026-09-23,San Diego Padres vs. Los Angeles Dodgers,San Diego Padres,0.33,7.04,2.32,369,skipped,their trade is only 2 USD,,
2026-09-24 03:50:32,1790214632464,0xcd84d7f9262516865553555751609fb6f52abec6,Donkey14,BUY,mlb-sd-lad-2026-09-23,San Diego Padres vs. Los Angeles Dodgers,San Diego Padres,0.33,7.04,2.32,368,skipped,their trade is only 2 USD,,
2026-09-24 03:50:32,1790214632464,0xcd84d7f9262516865553555751609fb6f52abec6,Donkey14,BUY,mlb-sd-lad-2026-09-23,San Diego Padres vs. Los Angeles Dodgers,San Diego Padres,0.33,35.23,11.63,365,skipped,their trade is only 12 USD,,
2026-09-24 03:50:32,1790214632465,0xcd84d7f9262516865553555751609fb6f52abec6,Donkey14,BUY,mlb-sd-lad-2026-09-23,San Diego Padres vs. Los Angeles Dodgers,San Diego Padres,0.33,71.47,23.59,363,skipped,their trade is only 24 USD,,
2026-09-24 03:50:32,1790214632465,0xcd84d7f9262516865553555751609fb6f52abec6,Donkey14,BUY,mlb-sd-lad-2026-09-23,San Diego Padres vs. Los Angeles Dodgers,San Diego Padres,0.33,36.24,11.96,357,skipped,their trade is only 12 USD,,
2026-09-24 03:50:32,1790214632465,0xcd84d7f9262516865553555751609fb6f52abec6,Donkey14,BUY,mlb-sd-lad-2026-09-23,San Diego Padres vs. Los Angeles Dodgers,San Diego Padres,0.33,8.05,2.66,348,skipped,their trade is only 3 USD,,
2026-09-24 03:50:32,1790214632465,0xcd84d7f9262516865553555751609fb6f52abec6,Donkey14,BUY,mlb-sd-lad-2026-09-23,San Diego Padres vs. Los Angeles Dodgers,San Diego Padres,0.33,7.04,2.32,344,skipped,their trade is only 2 USD,,
2026-09-24 03:50:32,1790214632465,0xcd84d7f9262516865553555751609fb6f52abec6,Donkey14,BUY,mlb-sd-lad-2026-09-23,San Diego Padres vs. Los Angeles Dodgers,San Diego Padres,0.33,14.09,4.65,338,skipped,their trade is only 5 USD,,
2026-09-24 03:50:32,1790214632466,0xcd84d7f9262516865553555751609fb6f52abec6,Donkey14,BUY,mlb-sd-lad-2026-09-23,San Diego Padres vs. Los Angeles Dodgers,San Diego Padres,0.33,14.09,4.65,335,skipped,their trade is only 5 USD,,
2026-09-24 03:50:32,1790214632466,0xcd84d7f9262516865553555751609fb6f52abec6,Donkey14,BUY,mlb-sd-lad-2026-09-23,San Diego Padres vs. Los Angeles Dodgers,San Diego Padres,0.33,5.03,1.66,333,skipped,their trade is only 2 USD,,
2026-09-24 03:50:32,1790214632466,0xcd84d7f9262516865553555751609fb6f52abec6,Donkey14,BUY,mlb-sd-lad-2026-09-23,San Diego Padres vs. Los Angeles Dodgers,San Diego Padres,0.33,145.96,48.17,320,skipped,their trade is only 48 USD,,
2026-09-24 03:50:32,1790214632466,0xcd84d7f9262516865553555751609fb6f52abec6,Donkey14,BUY,mlb-sd-lad-2026-09-23,San Diego Padres vs. Los Angeles Dodgers,San Diego Padres,0.33,7.04,2.32,318,skipped,their trade is only 2 USD,,
2026-09-24 03:50:32,1790214632466,0xcd84d7f9262516865553555751609fb6f52abec6,Donkey14,BUY,mlb-sd-lad-2026-09-23,San Diego Padres vs. Los Angeles Dodgers,San Diego Padres,0.33,14.09,4.65,312,skipped,their trade is only 5 USD,,
2026-09-24 03:50:32,1790214632466,0xcd84d7f9262516865553555751609fb6f52abec6,Donkey14,BUY,mlb-sd-lad-2026-09-23,San Diego Padres vs. Los Angeles Dodgers,San Diego Padres,0.33,38.25,12.62,312,skipped,their trade is only 13 USD,,
2026-09-24 03:50:32,1790214632467,0xcd84d7f9262516865553555751609fb6f52abec6,Donkey14,BUY,mlb-sd-lad-2026-09-23,San Diego Padres vs. Los Angeles Dodgers,San Diego Padres,0.33,43.28,14.28,312,skipped,their trade is only 14 USD,,
2026-09-24 03:50:32,1790214632467,0xcd84d7f9262516865553555751609fb6f52abec6,Donkey14,BUY,mlb-sd-lad-2026-09-23,San Diego Padres vs. Los Angeles Dodgers,San Diego Padres,0.33,36.24,11.96,306,skipped,their trade is only 12 USD,,
2026-09-24 03:50:32,1790214632467,0xcd84d7f9262516865553555751609fb6f52abec6,Donkey14,BUY,mlb-sd-lad-2026-09-23,San Diego Padres vs. Los Angeles Dodgers,San Diego Padres,0.33,171.13,56.47,300,skipped,max open copies reached,,
2026-09-24 03:50:32,1790214632467,0xcd84d7f9262516865553555751609fb6f52abec6,Donkey14,BUY,mlb-hou-sea-2026-09-23-spread-home-1pt5,Spread: Seattle Mariners (-1.5),Houston Astros,0.6300000014,208.18919,131.16,291,skipped,max open copies reached,,
2026-09-24 03:50:32,1790214632467,0xcd84d7f9262516865553555751609fb6f52abec6,Donkey14,BUY,mlb-sd-lad-2026-09-23,San Diego Padres vs. Los Angeles Dodgers,San Diego Padres,0.33,70.46,23.25,290,skipped,their trade is only 23 USD,,
2026-09-24 03:50:32,1790214632468,0xcd84d7f9262516865553555751609fb6f52abec6,Donkey14,BUY,mlb-sd-lad-2026-09-23,San Diego Padres vs. Los Angeles Dodgers,San Diego Padres,0.33,70.46,23.25,290,skipped,their trade is only 23 USD,,
2026-09-24 03:50:32,1790214632468,0xcd84d7f9262516865553555751609fb6f52abec6,Donkey14,BUY,mlb-sd-lad-2026-09-23,San Diego Padres vs. Los Angeles Dodgers,San Diego Padres,0.33,95.63,31.56,288,skipped,their trade is only 32 USD,,
2026-09-24 03:50:32,1790214632468,0xcd84d7f9262516865553555751609fb6f52abec6,Donkey14,BUY,mlb-sd-lad-2026-09-23,San Diego Padres vs. Los Angeles Dodgers,San Diego Padres,0.33,137.91,45.51,275,skipped,their trade is only 46 USD,,
2026-09-24 03:50:32,1790214632468,0xcd84d7f9262516865553555751609fb6f52abec6,Donkey14,BUY,mlb-sd-lad-2026-09-23,San Diego Padres vs. Los Angeles Dodgers,San Diego Padres,0.33,7.04,2.32,261,skipped,their trade is only 2 USD,,
2026-09-24 03:50:32,1790214632468,0xcd84d7f9262516865553555751609fb6f52abec6,Donkey14,BUY,mlb-sd-lad-2026-09-23,San Diego Padres vs. Los Angeles Dodgers,San Diego Padres,0.33,21.14,6.98,254,skipped,their trade is only 7 USD,,
2026-09-24 03:50:32,1790214632469,0xcd84d7f9262516865553555751609fb6f52abec6,Donkey14,BUY,mlb-hou-sea-2026-09-23,Houston Astros vs. Seattle Mariners,Seattle Mariners,0.5400002024,2.173914,1.17,248,skipped,their trade is only 1 USD,,
2026-09-24 03:50:32,1790214632469,0xcd84d7f9262516865553555751609fb6f52abec6,Donkey14,BUY,mlb-sd-lad-2026-09-23,San Diego Padres vs. Los Angeles Dodgers,San Diego Padres,0.33,14.09,4.65,245,skipped,their trade is only 5 USD,,
2026-09-24 03:50:32,1790214632469,0xcd84d7f9262516865553555751609fb6f52abec6,Donkey14,BUY,mlb-sd-lad-2026-09-23,San Diego Padres vs. Los Angeles Dodgers,San Diego Padres,0.33,14.09,4.65,239,skipped,their trade is only 5 USD,,
2026-09-24 03:50:32,1790214632469,0xcd84d7f9262516865553555751609fb6f52abec6,Donkey14,BUY,mlb-sd-lad-2026-09-23,San Diego Padres vs. Los Angeles Dodgers,San Diego Padres,0.33,142.94,47.17,237,skipped,their trade is only 47 USD,,
2026-09-24 03:52:34,1790214754348,0x684baa57c338c2549aec0aa3f034f695d72a8409,monkeymashingkeyboard,BUY,nfl-nyj-det-2026-09-27-total-48pt5,Jets vs. Lions: O/U 48.5,Under,0.54,18.88,10.2,78,skipped,their trade is only 10 USD,,
2026-09-24 03:56:32,1790214992450,0xcd84d7f9262516865553555751609fb6f52abec6,Donkey14,BUY,mlb-sd-lad-2026-09-23,San Diego Padres vs. Los Angeles Dodgers,San Diego Padres,0.33,85.56,28.23,356,skipped,their trade is only 28 USD,,
2026-09-24 03:56:32,1790214992451,0xcd84d7f9262516865553555751609fb6f52abec6,Donkey14,BUY,mlb-sd-lad-2026-09-23,San Diego Padres vs. Los Angeles Dodgers,San Diego Padres,0.33,5.03,1.66,345,skipped,their trade is only 2 USD,,
2026-09-24 03:56:32,1790214992451,0xcd84d7f9262516865553555751609fb6f52abec6,Donkey14,BUY,mlb-sd-lad-2026-09-23,San Diego Padres vs. Los Angeles Dodgers,San Diego Padres,0.33,36.24,11.96,344,skipped,their trade is only 12 USD,,
2026-09-24 03:56:32,1790214992451,0xcd84d7f9262516865553555751609fb6f52abec6,Donkey14,BUY,mlb-sd-lad-2026-09-23,San Diego Padres vs. Los Angeles Dodgers,San Diego Padres,0.33,4.76,1.57,344,skipped,their trade is only 2 USD,,
2026-09-24 03:56:32,1790214992451,0xcd84d7f9262516865553555751609fb6f52abec6,Donkey14,BUY,mlb-sd-lad-2026-09-23,San Diego Padres vs. Los Angeles Dodgers,San Diego Padres,0.33,14.09,4.65,335,skipped,their trade is only 5 USD,,
2026-09-24 03:56:32,1790214992452,0xcd84d7f9262516865553555751609fb6f52abec6,Donkey14,BUY,mlb-sd-lad-2026-09-23,San Diego Padres vs. Los Angeles Dodgers,San Diego Padres,0.33,55.36,18.27,332,skipped,their trade is only 18 USD,,
2026-09-24 03:56:32,1790214992452,0xcd84d7f9262516865553555751609fb6f52abec6,Donkey14,BUY,mlb-sd-lad-2026-09-23,San Diego Padres vs. Los Angeles Dodgers,San Diego Padres,0.33,29.19,9.63,330,skipped,their trade is only 10 USD,,
2026-09-24 03:56:32,1790214992452,0xcd84d7f9262516865553555751609fb6f52abec6,Donkey14,BUY,mlb-sd-lad-2026-09-23,San Diego Padres vs. Los Angeles Dodgers,San Diego Padres,0.33,7.04,2.32,326,skipped,their trade is only 2 USD,,
2026-09-24 03:56:32,1790214992452,0xcd84d7f9262516865553555751609fb6f52abec6,Donkey14,BUY,mlb-sd-lad-2026-09-23,San Diego Padres vs. Los Angeles Dodgers,San Diego Padres,0.33,51.34,16.94,318,skipped,their trade is only 17 USD,,
2026-09-24 03:56:32,1790214992452,0xcd84d7f9262516865553555751609fb6f52abec6,Donkey14,BUY,mlb-hou-sea-2026-09-23,Houston Astros vs. Seattle Mariners,Seattle Mariners,0.54,73.09,39.47,317,skipped,their trade is only 39 USD,,
2026-09-24 03:56:32,1790214992452,0xcd84d7f9262516865553555751609fb6f52abec6,Donkey14,BUY,mlb-sd-lad-2026-09-23,San Diego Padres vs. Los Angeles Dodgers,San Diego Padres,0.33,36.24,11.96,315,skipped,their trade is only 12 USD,,
2026-09-24 03:56:32,1790214992453,0xcd84d7f9262516865553555751609fb6f52abec6,Donkey14,BUY,mlb-sd-lad-2026-09-23,San Diego Padres vs. Los Angeles Dodgers,San Diego Padres,0.33,28.18,9.3,305,skipped,their trade is only 9 USD,,
2026-09-24 03:56:32,1790214992453,0xcd84d7f9262516865553555751609fb6f52abec6,Donkey14,BUY,mlb-sd-lad-2026-09-23,San Diego Padres vs. Los Angeles Dodgers,San Diego Padres,0.33,14.09,4.65,293,skipped,their trade is only 5 USD,,
2026-09-24 03:56:32,1790214992453,0xcd84d7f9262516865553555751609fb6f52abec6,Donkey14,BUY,mlb-sd-lad-2026-09-23,San Diego Padres vs. Los Angeles Dodgers,San Diego Padres,0.33,87.58,28.9,287,skipped,their trade is only 29 USD,,
2026-09-24 03:56:32,1790214992453,0xcd84d7f9262516865553555751609fb6f52abec6,Donkey14,BUY,mlb-sd-lad-2026-09-23,San Diego Padres vs. Los Angeles Dodgers,San Diego Padres,0.33,14.09,4.65,282,skipped,their trade is only 5 USD,,
2026-09-24 03:56:32,1790214992453,0xcd84d7f9262516865553555751609fb6f52abec6,Donkey14,BUY,mlb-sd-lad-2026-09-23,San Diego Padres vs. Los Angeles Dodgers,San Diego Padres,0.33,7.04,2.32,273,skipped,their trade is only 2 USD,,
2026-09-24 03:56:32,1790214992453,0xcd84d7f9262516865553555751609fb6f52abec6,Donkey14,BUY,mlb-sd-lad-2026-09-23,San Diego Padres vs. Los Angeles Dodgers,San Diego Padres,0.33,109.72,36.21,261,skipped,their trade is only 36 USD,,
2026-09-24 03:56:32,1790214992454,0xcd84d7f9262516865553555751609fb6f52abec6,Donkey14,BUY,mlb-sd-lad-2026-09-23,San Diego Padres vs. Los Angeles Dodgers,San Diego Padres,0.33,7.04,2.32,260,skipped,their trade is only 2 USD,,
2026-09-24 03:56:32,1790214992454,0xcd84d7f9262516865553555751609fb6f52abec6,Donkey14,BUY,mlb-sd-lad-2026-09-23,San Diego Padres vs. Los Angeles Dodgers,San Diego Padres,0.33,81.54,26.91,257,skipped,their trade is only 27 USD,,
2026-09-24 03:56:32,1790214992454,0xcd84d7f9262516865553555751609fb6f52abec6,Donkey14,BUY,mlb-sd-lad-2026-09-23,San Diego Padres vs. Los Angeles Dodgers,San Diego Padres,0.33,14.09,4.65,254,skipped,their trade is only 5 USD,,
2026-09-24 03:56:32,1790214992454,0xcd84d7f9262516865553555751609fb6f52abec6,Donkey14,BUY,mlb-sd-lad-2026-09-23,San Diego Padres vs. Los Angeles Dodgers,San Diego Padres,0.33,34.22,11.29,252,skipped,their trade is only 11 USD,,
2026-09-24 03:56:32,1790214992455,0xcd84d7f9262516865553555751609fb6f52abec6,Donkey14,BUY,mlb-sd-lad-2026-09-23,San Diego Padres vs. Los Angeles Dodgers,San Diego Padres,0.33,10.06,3.32,251,skipped,their trade is only 3 USD,,
2026-09-24 03:56:32,1790214992455,0xcd84d7f9262516865553555751609fb6f52abec6,Donkey14,BUY,mlb-sd-lad-2026-09-23,San Diego Padres vs. Los Angeles Dodgers,San Diego Padres,0.33,10.06,3.32,242,skipped,their trade is only 3 USD,,
2026-09-24 03:56:32,1790214992455,0xcd84d7f9262516865553555751609fb6f52abec6,Donkey14,BUY,mlb-sd-lad-2026-09-23,San Diego Padres vs. Los Angeles Dodgers,San Diego Padres,0.33,14.09,4.65,233,skipped,their trade is only 5 USD,,
2026-09-24 03:56:32,1790214992455,0xcd84d7f9262516865553555751609fb6f52abec6,Donkey14,BUY,mlb-sd-lad-2026-09-23,San Diego Padres vs. Los Angeles Dodgers,San Diego Padres,0.33,14.09,4.65,233,skipped,their trade is only 5 USD,,
2026-09-24 03:56:32,1790214992455,0xcd84d7f9262516865553555751609fb6f52abec6,Donkey14,BUY,mlb-sd-lad-2026-09-23,San Diego Padres vs. Los Angeles Dodgers,San Diego Padres,0.33,6.04,1.99,231,skipped,their trade is only 2 USD,,
2026-09-24 03:56:32,1790214992455,0xcd84d7f9262516865553555751609fb6f52abec6,Donkey14,BUY,mlb-sd-lad-2026-09-23,San Diego Padres vs. Los Angeles Dodgers,San Diego Padres,0.33,29.19,9.63,228,skipped,their trade is only 10 USD,,
2026-09-24 03:56:32,1790214992456,0xcd84d7f9262516865553555751609fb6f52abec6,Donkey14,BUY,mlb-sd-lad-2026-09-23,San Diego Padres vs. Los Angeles Dodgers,San Diego Padres,0.33,19.12,6.31,198,skipped,their trade is only 6 USD,,
2026-09-24 03:56:32,1790214992456,0xcd84d7f9262516865553555751609fb6f52abec6,Donkey14,BUY,mlb-sd-lad-2026-09-23,San Diego Padres vs. Los Angeles Dodgers,San Diego Padres,0.33,21.14,6.98,198,skipped,their trade is only 7 USD,,
2026-09-24 03:56:32,1790214992456,0xcd84d7f9262516865553555751609fb6f52abec6,Donkey14,BUY,mlb-sd-lad-2026-09-23,San Diego Padres vs. Los Angeles Dodgers,San Diego Padres,0.33,21.14,6.98,195,skipped,their trade is only 7 USD,,
2026-09-24 04:02:32,1790215352447,0xcd84d7f9262516865553555751609fb6f52abec6,Donkey14,BUY,mlb-hou-sea-2026-09-23,Houston Astros vs. Seattle Mariners,Seattle Mariners,0.54,426.0,230.04,428,skipped,max open copies reached,,
2026-09-24 04:02:32,1790215352447,0xcd84d7f9262516865553555751609fb6f52abec6,Donkey14,BUY,mlb-sd-lad-2026-09-23,San Diego Padres vs. Los Angeles Dodgers,San Diego Padres,0.33,127.84,42.19,426,skipped,their trade is only 42 USD,,
2026-09-24 04:02:32,1790215352448,0xcd84d7f9262516865553555751609fb6f52abec6,Donkey14,BUY,mlb-sd-lad-2026-09-23,San Diego Padres vs. Los Angeles Dodgers,San Diego Padres,0.33,3000.0,990.0,419,skipped,max open copies reached,,
2026-09-24 04:02:32,1790215352448,0xcd84d7f9262516865553555751609fb6f52abec6,Donkey14,BUY,mlb-sd-lad-2026-09-23,San Diego Padres vs. Los Angeles Dodgers,San Diego Padres,0.33,39.0,12.87,413,skipped,their trade is only 13 USD,,
2026-09-24 04:02:32,1790215352448,0xcd84d7f9262516865553555751609fb6f52abec6,Donkey14,BUY,mlb-sd-lad-2026-09-23,San Diego Padres vs. Los Angeles Dodgers,San Diego Padres,0.33,36.24,11.96,413,skipped,their trade is only 12 USD,,
2026-09-24 04:02:32,1790215352448,0xcd84d7f9262516865553555751609fb6f52abec6,Donkey14,BUY,mlb-sd-lad-2026-09-23,San Diego Padres vs. Los Angeles Dodgers,San Diego Padres,0.33,78.52,25.91,371,skipped,their trade is only 26 USD,,
2026-09-24 04:02:32,1790215352449,0xcd84d7f9262516865553555751609fb6f52abec6,Donkey14,BUY,mlb-sd-lad-2026-09-23,San Diego Padres vs. Los Angeles Dodgers,San Diego Padres,0.33,14.09,4.65,362,skipped,their trade is only 5 USD,,
2026-09-24 04:02:32,1790215352449,0xcd84d7f9262516865553555751609fb6f52abec6,Donkey14,BUY,mlb-sd-lad-2026-09-23,San Diego Padres vs. Los Angeles Dodgers,San Diego Padres,0.33,36.24,11.96,336,skipped,their trade is only 12 USD,,
2026-09-24 04:02:32,1790215352449,0xcd84d7f9262516865553555751609fb6f52abec6,Donkey14,BUY,mlb-sd-lad-2026-09-23,San Diego Padres vs. Los Angeles Dodgers,San Diego Padres,0.33,32.21,10.63,336,skipped,their trade is only 11 USD,,
2026-09-24 04:02:32,1790215352449,0xcd84d7f9262516865553555751609fb6f52abec6,Donkey14,BUY,mlb-sd-lad-2026-09-23,San Diego Padres vs. Los Angeles Dodgers,San Diego Padres,0.33,141.94,46.84,335,skipped,their trade is only 47 USD,,
2026-09-24 04:02:32,1790215352449,0xcd84d7f9262516865553555751609fb6f52abec6,Donkey14,BUY,mlb-sd-lad-2026-09-23,San Diego Padres vs. Los Angeles Dodgers,San Diego Padres,0.33,15.1,4.98,326,skipped,their trade is only 5 USD,,
2026-09-24 04:02:32,1790215352450,0xcd84d7f9262516865553555751609fb6f52abec6,Donkey14,BUY,mlb-sd-lad-2026-09-23,San Diego Padres vs. Los Angeles Dodgers,San Diego Padres,0.33,72.48,23.92,324,skipped,their trade is only 24 USD,,
2026-09-24 04:02:32,1790215352450,0xcd84d7f9262516865553555751609fb6f52abec6,Donkey14,BUY,mlb-sd-lad-2026-09-23,San Diego Padres vs. Los Angeles Dodgers,San Diego Padres,0.33,4.02,1.33,323,skipped,their trade is only 1 USD,,
2026-09-24 04:02:32,1790215352450,0xcd84d7f9262516865553555751609fb6f52abec6,Donkey14,BUY,mlb-sd-lad-2026-09-23,San Diego Padres vs. Los Angeles Dodgers,San Diego Padres,0.33,4.02,1.33,320,skipped,their trade is only 1 USD,,
2026-09-24 04:02:32,1790215352450,0xcd84d7f9262516865553555751609fb6f52abec6,Donkey14,BUY,mlb-sd-lad-2026-09-23,San Diego Padres vs. Los Angeles Dodgers,San Diego Padres,0.33,7.04,2.32,318,skipped,their trade is only 2 USD,,
2026-09-24 04:02:32,1790215352450,0xcd84d7f9262516865553555751609fb6f52abec6,Donkey14,BUY,mlb-sd-lad-2026-09-23,San Diego Padres vs. Los Angeles Dodgers,San Diego Padres,0.33,6.04,1.99,314,skipped,their trade is only 2 USD,,
2026-09-24 04:02:32,1790215352450,0xcd84d7f9262516865553555751609fb6f52abec6,Donkey14,BUY,mlb-sd-lad-2026-09-23,San Diego Padres vs. Los Angeles Dodgers,San Diego Padres,0.33,21.14,6.98,311,skipped,their trade is only 7 USD,,
2026-09-24 04:02:32,1790215352451,0xcd84d7f9262516865553555751609fb6f52abec6,Donkey14,BUY,mlb-sd-lad-2026-09-23,San Diego Padres vs. Los Angeles Dodgers,San Diego Padres,0.33,21.14,6.98,306,skipped,their trade is only 7 USD,,
2026-09-24 04:02:32,1790215352451,0xcd84d7f9262516865553555751609fb6f52abec6,Donkey14,BUY,mlb-sd-lad-2026-09-23,San Diego Padres vs. Los Angeles Dodgers,San Diego Padres,0.33,26.17,8.64,305,skipped,their trade is only 9 USD,,
2026-09-24 04:02:32,1790215352451,0xcd84d7f9262516865553555751609fb6f52abec6,Donkey14,BUY,mlb-sd-lad-2026-09-23,San Diego Padres vs. Los Angeles Dodgers,San Diego Padres,0.33,51.0,16.83,303,skipped,their trade is only 17 USD,,
2026-09-24 04:02:32,1790215352451,0xcd84d7f9262516865553555751609fb6f52abec6,Donkey14,BUY,mlb-sd-lad-2026-09-23,San Diego Padres vs. Los Angeles Dodgers,San Diego Padres,0.33,14.09,4.65,303,skipped,their trade is only 5 USD,,
2026-09-24 04:02:32,1790215352452,0xcd84d7f9262516865553555751609fb6f52abec6,Donkey14,BUY,mlb-sd-lad-2026-09-23,San Diego Padres vs. Los Angeles Dodgers,San Diego Padres,0.33,72.48,23.92,303,skipped,their trade is only 24 USD,,
2026-09-24 04:02:32,1790215352452,0xcd84d7f9262516865553555751609fb6f52abec6,Donkey14,BUY,mlb-sd-lad-2026-09-23,San Diego Padres vs. Los Angeles Dodgers,San Diego Padres,0.33,23.15,7.64,293,skipped,their trade is only 8 USD,,
2026-09-24 04:02:32,1790215352452,0xcd84d7f9262516865553555751609fb6f52abec6,Donkey14,BUY,mlb-sd-lad-2026-09-23,San Diego Padres vs. Los Angeles Dodgers,San Diego Padres,0.33,90.6,29.9,291,skipped,their trade is only 30 USD,,
2026-09-24 04:02:32,1790215352452,0xcd84d7f9262516865553555751609fb6f52abec6,Donkey14,BUY,mlb-sd-lad-2026-09-23,San Diego Padres vs. Los Angeles Dodgers,San Diego Padres,0.33,74.0,24.42,285,skipped,their trade is only 24 USD,,
2026-09-24 04:02:32,1790215352452,0xcd84d7f9262516865553555751609fb6f52abec6,Donkey14,BUY,mlb-sd-lad-2026-09-23,San Diego Padres vs. Los Angeles Dodgers,San Diego Padres,0.33,5.03,1.66,281,skipped,their trade is only 2 USD,,
2026-09-24 04:02:32,1790215352452,0xcd84d7f9262516865553555751609fb6f52abec6,Donkey14,BUY,mlb-sd-lad-2026-09-23,San Diego Padres vs. Los Angeles Dodgers,San Diego Padres,0.33,5.03,1.66,279,skipped,their trade is only 2 USD,,
2026-09-24 04:02:32,1790215352453,0xcd84d7f9262516865553555751609fb6f52abec6,Donkey14,BUY,mlb-sd-lad-2026-09-23,San Diego Padres vs. Los Angeles Dodgers,San Diego Padres,0.33,14.09,4.65,276,skipped,their trade is only 5 USD,,
2026-09-24 04:02:32,1790215352453,0xcd84d7f9262516865553555751609fb6f52abec6,Donkey14,BUY,mlb-sd-lad-2026-09-23,San Diego Padres vs. Los Angeles Dodgers,San Diego Padres,0.33,48.32,15.95,243,skipped,their trade is only 16 USD,,
2026-09-24 04:02:32,1790215352453,0xcd84d7f9262516865553555751609fb6f52abec6,Donkey14,BUY,mlb-sd-lad-2026-09-23,San Diego Padres vs. Los Angeles Dodgers,San Diego Padres,0.33,36.24,11.96,243,skipped,their trade is only 12 USD,,
2026-09-24 04:08:32,1790215712366,0xcd84d7f9262516865553555751609fb6f52abec6,Donkey14,BUY,mlb-sd-lad-2026-09-23,San Diego Padres vs. Los Angeles Dodgers,San Diego Padres,0.33,5.03,1.66,587,skipped,their trade is only 2 USD,,
2026-09-24 04:08:32,1790215712367,0xcd84d7f9262516865553555751609fb6f52abec6,Donkey14,BUY,mlb-sd-lad-2026-09-23,San Diego Padres vs. Los Angeles Dodgers,San Diego Padres,0.33,14.09,4.65,581,skipped,their trade is only 5 USD,,
2026-09-24 04:08:32,1790215712367,0xcd84d7f9262516865553555751609fb6f52abec6,Donkey14,BUY,mlb-sd-lad-2026-09-23,San Diego Padres vs. Los Angeles Dodgers,San Diego Padres,0.33,87.58,28.9,576,skipped,their trade is only 29 USD,,
2026-09-24 04:08:32,1790215712367,0xcd84d7f9262516865553555751609fb6f52abec6,Donkey14,BUY,mlb-sd-lad-2026-09-23,San Diego Padres vs. Los Angeles Dodgers,San Diego Padres,0.3300000268,5.970148,1.97,576,skipped,their trade is only 2 USD,,
2026-09-24 04:08:32,1790215712367,0xcd84d7f9262516865553555751609fb6f52abec6,Donkey14,BUY,mlb-sd-lad-2026-09-23,San Diego Padres vs. Los Angeles Dodgers,San Diego Padres,0.33,14.09,4.65,575,skipped,their trade is only 5 USD,,
2026-09-24 04:08:32,1790215712368,0xcd84d7f9262516865553555751609fb6f52abec6,Donkey14,BUY,mlb-sd-lad-2026-09-23,San Diego Padres vs. Los Angeles Dodgers,San Diego Padres,0.33,27.18,8.97,564,skipped,their trade is only 9 USD,,
2026-09-24 04:08:32,1790215712368,0xcd84d7f9262516865553555751609fb6f52abec6,Donkey14,BUY,mlb-sd-lad-2026-09-23,San Diego Padres vs. Los Angeles Dodgers,San Diego Padres,0.33,31.2,10.3,555,skipped,their trade is only 10 USD,,
2026-09-24 04:08:32,1790215712368,0xcd84d7f9262516865553555751609fb6f52abec6,Donkey14,BUY,mlb-sd-lad-2026-09-23,San Diego Padres vs. Los Angeles Dodgers,San Diego Padres,0.33,504.34,166.43,552,skipped,max open copies reached,,
2026-09-24 04:08:32,1790215712368,0xcd84d7f9262516865553555751609fb6f52abec6,Donkey14,BUY,mlb-sd-lad-2026-09-23,San Diego Padres vs. Los Angeles Dodgers,San Diego Padres,0.33,24.16,7.97,549,skipped,their trade is only 8 USD,,
2026-09-24 04:08:32,1790215712368,0xcd84d7f9262516865553555751609fb6f52abec6,Donkey14,BUY,mlb-sd-lad-2026-09-23,San Diego Padres vs. Los Angeles Dodgers,San Diego Padres,0.33,65.43,21.59,543,skipped,their trade is only 22 USD,,
2026-09-24 04:08:32,1790215712369,0xcd84d7f9262516865553555751609fb6f52abec6,Donkey14,BUY,mlb-sd-lad-2026-09-23,San Diego Padres vs. Los Angeles Dodgers,San Diego Padres,0.33,366.43,120.92,543,skipped,max open copies reached,,
2026-09-24 04:08:32,1790215712369,0xcd84d7f9262516865553555751609fb6f52abec6,Donkey14,BUY,mlb-sd-lad-2026-09-23,San Diego Padres vs. Los Angeles Dodgers,San Diego Padres,0.33,7.04,2.32,533,skipped,their trade is only 2 USD,,
2026-09-24 04:08:32,1790215712369,0xcd84d7f9262516865553555751609fb6f52abec6,Donkey14,BUY,mlb-sd-lad-2026-09-23,San Diego Padres vs. Los Angeles Dodgers,San Diego Padres,0.33,5.03,1.66,528,skipped,their trade is only 2 USD,,
2026-09-24 04:08:32,1790215712369,0xcd84d7f9262516865553555751609fb6f52abec6,Donkey14,BUY,mlb-sd-lad-2026-09-23,San Diego Padres vs. Los Angeles Dodgers,San Diego Padres,0.33,89.59,29.56,524,skipped,their trade is only 30 USD,,
2026-09-24 04:08:32,1790215712369,0xcd84d7f9262516865553555751609fb6f52abec6,Donkey14,BUY,mlb-sd-lad-2026-09-23,San Diego Padres vs. Los Angeles Dodgers,San Diego Padres,0.33,7.04,2.32,512,skipped,their trade is only 2 USD,,
2026-09-24 04:08:32,1790215712370,0xcd84d7f9262516865553555751609fb6f52abec6,Donkey14,BUY,mlb-sd-lad-2026-09-23,San Diego Padres vs. Los Angeles Dodgers,San Diego Padres,0.33,72.48,23.92,512,skipped,their trade is only 24 USD,,
2026-09-24 04:08:32,1790215712370,0xcd84d7f9262516865553555751609fb6f52abec6,Donkey14,BUY,mlb-sd-lad-2026-09-23,San Diego Padres vs. Los Angeles Dodgers,San Diego Padres,0.33,28.18,9.3,509,skipped,their trade is only 9 USD,,
2026-09-24 04:08:32,1790215712370,0xcd84d7f9262516865553555751609fb6f52abec6,Donkey14,BUY,mlb-sd-lad-2026-09-23,San Diego Padres vs. Los Angeles Dodgers,San Diego Padres,0.33,404.68,133.54,503,skipped,max open copies reached,,
2026-09-24 04:08:32,1790215712370,0xcd84d7f9262516865553555751609fb6f52abec6,Donkey14,BUY,mlb-hou-sea-2026-09-23,Houston Astros vs. Seattle Mariners,Seattle Mariners,0.54,10.36,5.59,498,skipped,their trade is only 6 USD,,
2026-09-24 04:08:32,1790215712370,0xcd84d7f9262516865553555751609fb6f52abec6,Donkey14,BUY,mlb-hou-sea-2026-09-23,Houston Astros vs. Seattle Mariners,Seattle Mariners,0.54,198.76,107.33,498,skipped,max open copies reached,,
2026-09-24 04:08:32,1790215712370,0xcd84d7f9262516865553555751609fb6f52abec6,Donkey14,BUY,mlb-sd-lad-2026-09-23,San Diego Padres vs. Los Angeles Dodgers,San Diego Padres,0.33,7.04,2.32,498,skipped,their trade is only 2 USD,,
2026-09-24 04:08:32,1790215712371,0xcd84d7f9262516865553555751609fb6f52abec6,Donkey14,BUY,mlb-sd-lad-2026-09-23,San Diego Padres vs. Los Angeles Dodgers,San Diego Padres,0.33,5.2,1.72,495,skipped,their trade is only 2 USD,,
2026-09-24 04:08:32,1790215712371,0xcd84d7f9262516865553555751609fb6f52abec6,Donkey14,BUY,mlb-sd-lad-2026-09-23,San Diego Padres vs. Los Angeles Dodgers,San Diego Padres,0.33,37.24,12.29,494,skipped,their trade is only 12 USD,,
2026-09-24 04:08:32,1790215712371,0xcd84d7f9262516865553555751609fb6f52abec6,Donkey14,BUY,mlb-sd-lad-2026-09-23,San Diego Padres vs. Los Angeles Dodgers,San Diego Padres,0.33,431.86,142.51,494,skipped,max open copies reached,,
2026-09-24 04:08:32,1790215712371,0xcd84d7f9262516865553555751609fb6f52abec6,Donkey14,BUY,mlb-sd-lad-2026-09-23,San Diego Padres vs. Los Angeles Dodgers,San Diego Padres,0.33,14.09,4.65,489,skipped,their trade is only 5 USD,,
2026-09-24 04:08:32,1790215712371,0xcd84d7f9262516865553555751609fb6f52abec6,Donkey14,BUY,mlb-sd-lad-2026-09-23,San Diego Padres vs. Los Angeles Dodgers,San Diego Padres,0.33,4.02,1.33,474,skipped,their trade is only 1 USD,,
2026-09-24 04:08:32,1790215712372,0xcd84d7f9262516865553555751609fb6f52abec6,Donkey14,BUY,mlb-sd-lad-2026-09-23,San Diego Padres vs. Los Angeles Dodgers,San Diego Padres,0.33,8111.37,2676.75,470,skipped,max open copies reached,,
2026-09-24 04:08:32,1790215712372,0xcd84d7f9262516865553555751609fb6f52abec6,Donkey14,BUY,mlb-hou-sea-2026-09-23-spread-home-1pt5,Spread: Seattle Mariners (-1.5),Houston Astros,0.6300000578,4.324325,2.72,467,skipped,their trade is only 3 USD,,
2026-09-24 04:08:32,1790215712372,0xcd84d7f9262516865553555751609fb6f52abec6,Donkey14,BUY,mlb-hou-sea-2026-09-23,Houston Astros vs. Seattle Mariners,Seattle Mariners,0.54,446.5,241.11,440,skipped,max open copies reached,,
2026-09-24 04:08:32,1790215712372,0xcd84d7f9262516865553555751609fb6f52abec6,Donkey14,BUY,mlb-hou-sea-2026-09-23,Houston Astros vs. Seattle Mariners,Seattle Mariners,0.5400000966,4.347827,2.35,330,skipped,their trade is only 2 USD,,
2026-09-24 05:02:31,1790218951267,0x3dfb153c197d4c19d3b31c1ecd2c7b6860eeabaf,0x3DFb153c197D4C19D3B31c1ecD2c7B6860eeabAf-1722957908185,BUY,nfl-nyj-det-2026-09-27-spread-home-6pt5,Spread: Lions (-6.5),Jets,0.49,20.15,9.87,30,skipped,their trade is only 10 USD,,
2026-09-24 05:14:31,1790219671199,0x3dfb153c197d4c19d3b31c1ecd2c7b6860eeabaf,0x3DFb153c197D4C19D3B31c1ecD2c7B6860eeabAf-1722957908185,BUY,nfl-cin-pit-2026-09-27,Bengals vs. Steelers,Bengals,0.63,30.21,19.03,158,skipped,their trade is only 19 USD,,
2026-09-24 05:14:31,1790219671200,0x3dfb153c197d4c19d3b31c1ecd2c7b6860eeabaf,0x3DFb153c197D4C19D3B31c1ecD2c7B6860eeabAf-1722957908185,BUY,nfl-cin-pit-2026-09-27,Bengals vs. Steelers,Bengals,0.63,21.14,13.32,14,skipped,their trade is only 13 USD,,
2026-09-24 05:26:31,1790220391266,0x3dfb153c197d4c19d3b31c1ecd2c7b6860eeabaf,0x3DFb153c197D4C19D3B31c1ecD2c7B6860eeabAf-1722957908185,BUY,nfl-cin-pit-2026-09-27,Bengals vs. Steelers,Bengals,0.63,77.54,48.85,336,skipped,their trade is only 49 USD,,
2026-09-24 05:26:31,1790220391267,0x3dfb153c197d4c19d3b31c1ecd2c7b6860eeabaf,0x3DFb153c197D4C19D3B31c1ecD2c7B6860eeabAf-1722957908185,BUY,nfl-nyj-det-2026-09-27-spread-home-6pt5,Spread: Lions (-6.5),Jets,0.49,100.75,49.37,220,skipped,their trade is only 49 USD,,
2026-09-24 05:32:31,1790220751274,0x3dfb153c197d4c19d3b31c1ecd2c7b6860eeabaf,0x3DFb153c197D4C19D3B31c1ecD2c7B6860eeabAf-1722957908185,BUY,nfl-cin-pit-2026-09-27,Bengals vs. Steelers,Bengals,0.63,12.08,7.61,254,skipped,their trade is only 8 USD,,
2026-09-24 05:32:31,1790220751274,0x3dfb153c197d4c19d3b31c1ecd2c7b6860eeabaf,0x3DFb153c197D4C19D3B31c1ecD2c7B6860eeabAf-1722957908185,BUY,nfl-cin-pit-2026-09-27,Bengals vs. Steelers,Bengals,0.63,38.26,24.1,219,skipped,their trade is only 24 USD,,
2026-09-24 05:32:31,1790220751275,0x3dfb153c197d4c19d3b31c1ecd2c7b6860eeabaf,0x3DFb153c197D4C19D3B31c1ecD2c7B6860eeabAf-1722957908185,BUY,nfl-cin-pit-2026-09-27,Bengals vs. Steelers,Bengals,0.63,129.9,81.84,23,skipped,max open copies reached,,
2026-09-24 05:38:31,1790221111236,0x3dfb153c197d4c19d3b31c1ecd2c7b6860eeabaf,0x3DFb153c197D4C19D3B31c1ecD2c7B6860eeabAf-1722957908185,BUY,nfl-nyj-det-2026-09-27-spread-home-6pt5,Spread: Lions (-6.5),Jets,0.49,5.03,2.46,135,skipped,their trade is only 2 USD,,
2026-09-24 05:44:31,1790221471289,0x3dfb153c197d4c19d3b31c1ecd2c7b6860eeabaf,0x3DFb153c197D4C19D3B31c1ecD2c7B6860eeabAf-1722957908185,BUY,nfl-nyj-det-2026-09-27-spread-home-6pt5,Spread: Lions (-6.5),Jets,0.49,18.13,8.88,356,skipped,their trade is only 9 USD,,
2026-09-24 05:50:31,1790221831271,0x3dfb153c197d4c19d3b31c1ecd2c7b6860eeabaf,0x3DFb153c197D4C19D3B31c1ecD2c7B6860eeabAf-1722957908185,BUY,nfl-cin-pit-2026-09-27,Bengals vs. Steelers,Bengals,0.63,51.35,32.35,245,skipped,their trade is only 32 USD,,
2026-09-24 05:50:31,1790221831272,0x3dfb153c197d4c19d3b31c1ecd2c7b6860eeabaf,0x3DFb153c197D4C19D3B31c1ecD2c7B6860eeabAf-1722957908185,BUY,nfl-cin-pit-2026-09-27,Bengals vs. Steelers,Bengals,0.63,28.19,17.76,79,skipped,their trade is only 18 USD,,
2026-09-24 05:56:31,1790222191228,0x3dfb153c197d4c19d3b31c1ecd2c7b6860eeabaf,0x3DFb153c197D4C19D3B31c1ecD2c7B6860eeabAf-1722957908185,BUY,cfb-utah-iowast-2026-09-26-total-48pt5,Utah vs. Iowa State: O/U 48.5,Under,0.53,1056.83,560.12,163,skipped,max open copies reached,,
2026-09-24 05:56:31,1790222191229,0x3dfb153c197d4c19d3b31c1ecd2c7b6860eeabaf,0x3DFb153c197D4C19D3B31c1ecD2c7B6860eeabAf-1722957908185,BUY,cfb-utah-iowast-2026-09-26-total-48pt5,Utah vs. Iowa State: O/U 48.5,Under,0.53,21.28,11.28,137,skipped,their trade is only 11 USD,,
2026-09-24 05:56:31,1790222191229,0x3dfb153c197d4c19d3b31c1ecd2c7b6860eeabaf,0x3DFb153c197D4C19D3B31c1ecD2c7B6860eeabAf-1722957908185,BUY,nfl-nyj-det-2026-09-27-spread-home-6pt5,Spread: Lions (-6.5),Jets,0.49,11.08,5.43,119,skipped,their trade is only 5 USD,,
2026-09-24 05:56:31,1790222191229,0x3dfb153c197d4c19d3b31c1ecd2c7b6860eeabaf,0x3DFb153c197D4C19D3B31c1ecD2c7B6860eeabAf-1722957908185,BUY,cfb-utah-iowast-2026-09-26-total-48pt5,Utah vs. Iowa State: O/U 48.5,Under,0.53,5.0,2.65,106,skipped,their trade is only 3 USD,,
2026-09-24 05:56:35,1790222195465,0x27f738fe203827445690339104aae35b20bc44b0,ic4cream,BUY,mlb-mil-phi-2026-09-24-spread-home-1pt5,Spread: Philadelphia Phillies (-1.5),Milwaukee Brewers,0.68,5.0,3.4,167,skipped,wallet no longer passes the gate,,
2026-09-24 06:02:31,1790222551386,0x3dfb153c197d4c19d3b31c1ecd2c7b6860eeabaf,0x3DFb153c197D4C19D3B31c1ecD2c7B6860eeabAf-1722957908185,BUY,nfl-cin-pit-2026-09-27,Bengals vs. Steelers,Bengals,0.63,25.17,15.86,281,skipped,their trade is only 16 USD,,
2026-09-24 06:02:31,1790222551387,0x3dfb153c197d4c19d3b31c1ecd2c7b6860eeabaf,0x3DFb153c197D4C19D3B31c1ecD2c7B6860eeabAf-1722957908185,BUY,nfl-cin-pit-2026-09-27,Bengals vs. Steelers,Bengals,0.63,25.17,15.86,217,skipped,their trade is only 16 USD,,
2026-09-24 06:02:31,1790222551387,0x3dfb153c197d4c19d3b31c1ecd2c7b6860eeabaf,0x3DFb153c197D4C19D3B31c1ecD2c7B6860eeabAf-1722957908185,BUY,nfl-ten-nyg-2026-09-27,Titans vs. Giants,Titans,0.4300000114,17.54386,7.54,185,skipped,their trade is only 8 USD,,
2026-09-24 06:02:31,1790222551387,0x3dfb153c197d4c19d3b31c1ecd2c7b6860eeabaf,0x3DFb153c197D4C19D3B31c1ecD2c7B6860eeabAf-1722957908185,BUY,nfl-cin-pit-2026-09-27,Bengals vs. Steelers,Bengals,0.63,3.02,1.9,47,skipped,their trade is only 2 USD,,
2026-09-24 06:02:31,1790222551388,0x3dfb153c197d4c19d3b31c1ecd2c7b6860eeabaf,0x3DFb153c197D4C19D3B31c1ecD2c7B6860eeabAf-1722957908185,BUY,nfl-ten-nyg-2026-09-27,Titans vs. Giants,Titans,0.4300000006,52.631579,22.63,38,skipped,their trade is only 23 USD,,
2026-09-24 06:08:31,1790222911326,0x3dfb153c197d4c19d3b31c1ecd2c7b6860eeabaf,0x3DFb153c197D4C19D3B31c1ecD2c7B6860eeabAf-1722957908185,BUY,nfl-cin-pit-2026-09-27,Bengals vs. Steelers,Bengals,0.63,7.04,4.44,215,skipped,their trade is only 4 USD,,
2026-09-24 06:32:31,1790224351353,0x3dfb153c197d4c19d3b31c1ecd2c7b6860eeabaf,0x3DFb153c197D4C19D3B31c1ecD2c7B6860eeabAf-1722957908185,BUY,nfl-cin-pit-2026-09-27,Bengals vs. Steelers,Bengals,0.63,79.55,50.12,361,skipped,max open copies reached,,
2026-09-24 06:44:31,1790225071318,0x3dfb153c197d4c19d3b31c1ecd2c7b6860eeabaf,0x3DFb153c197D4C19D3B31c1ecD2c7B6860eeabAf-1722957908185,BUY,nfl-cin-pit-2026-09-27,Bengals vs. Steelers,Bengals,0.63,37087.25,23364.97,269,skipped,max open copies reached,,
2026-09-24 07:02:31,1790226151331,0x3dfb153c197d4c19d3b31c1ecd2c7b6860eeabaf,0x3DFb153c197D4C19D3B31c1ecD2c7B6860eeabAf-1722957908185,BUY,cfb-hawaii-wyom-2026-09-26-spread-away-3pt5,Spread: Hawai'i (-3.5),Wyoming,0.55,6.0,3.3,10,skipped,their trade is only 3 USD,,
2026-09-24 07:02:31,1790226151332,0x3dfb153c197d4c19d3b31c1ecd2c7b6860eeabaf,0x3DFb153c197D4C19D3B31c1ecD2c7B6860eeabAf-1722957908185,BUY,cfb-utah-iowast-2026-09-26-total-48pt5,Utah vs. Iowa State: O/U 48.5,Under,0.5300000056,10.638298,5.64,4,skipped,their trade is only 6 USD,,
2026-09-24 07:08:31,1790226511254,0x3dfb153c197d4c19d3b31c1ecd2c7b6860eeabaf,0x3DFb153c197D4C19D3B31c1ecD2c7B6860eeabAf-1722957908185,BUY,cfb-hawaii-wyom-2026-09-26-spread-away-3pt5,Spread: Hawai'i (-3.5),Wyoming,0.55,5.0,2.75,338,skipped,their trade is only 3 USD,,
2026-09-24 07:08:31,1790226511254,0x3dfb153c197d4c19d3b31c1ecd2c7b6860eeabaf,0x3DFb153c197D4C19D3B31c1ecD2c7B6860eeabAf-1722957908185,BUY,cfb-nill-gast-2026-09-26-total-54pt5,Northern Illinois vs. Georgia State: O/U 54.5,Over,0.560000044,9.09091,5.09,319,skipped,their trade is only 5 USD,,
2026-09-24 07:08:31,1790226511254,0x3dfb153c197d4c19d3b31c1ecd2c7b6860eeabaf,0x3DFb153c197D4C19D3B31c1ecD2c7B6860eeabAf-1722957908185,BUY,cfb-nill-gast-2026-09-26-total-54pt5,Northern Illinois vs. Georgia State: O/U 54.5,Over,0.56,5.0,2.8,269,skipped,their trade is only 3 USD,,
2026-09-24 07:26:34,1790227594919,0x684baa57c338c2549aec0aa3f034f695d72a8409,monkeymashingkeyboard,BUY,mlb-sd-lad-2026-09-24,San Diego Padres vs. Los Angeles Dodgers,Los Angeles Dodgers,0.62,11.0,6.82,11,skipped,their trade is only 7 USD,,
2026-09-24 07:38:34,1790228314944,0x684baa57c338c2549aec0aa3f034f695d72a8409,monkeymashingkeyboard,BUY,mlb-sd-lad-2026-09-24,San Diego Padres vs. Los Angeles Dodgers,Los Angeles Dodgers,0.62,13.0,8.06,301,skipped,their trade is only 8 USD,,
2026-09-24 08:14:34,1790230474869,0x684baa57c338c2549aec0aa3f034f695d72a8409,monkeymashingkeyboard,BUY,mlb-sd-lad-2026-09-24,San Diego Padres vs. Los Angeles Dodgers,Los Angeles Dodgers,0.62,49.34,30.59,71,skipped,their trade is only 31 USD,,
2026-09-24 08:20:34,1790230834858,0x684baa57c338c2549aec0aa3f034f695d72a8409,monkeymashingkeyboard,BUY,mlb-sd-lad-2026-09-24,San Diego Padres vs. Los Angeles Dodgers,Los Angeles Dodgers,0.62,32.22,19.98,248,skipped,their trade is only 20 USD,,
2026-09-24 08:26:34,1790231194972,0x684baa57c338c2549aec0aa3f034f695d72a8409,monkeymashingkeyboard,BUY,mlb-sd-lad-2026-09-24,San Diego Padres vs. Los Angeles Dodgers,Los Angeles Dodgers,0.62,5.03,3.12,122,skipped,their trade is only 3 USD,,
2026-09-24 08:32:31,1790231551389,0x3dfb153c197d4c19d3b31c1ecd2c7b6860eeabaf,0x3DFb153c197D4C19D3B31c1ecD2c7B6860eeabAf-1722957908185,BUY,nfl-ten-nyg-2026-09-27,Titans vs. Giants,Titans,0.4300000114,1.754386,0.75,247,skipped,their trade is only 1 USD,,
2026-09-24 08:32:31,1790231551389,0x3dfb153c197d4c19d3b31c1ecd2c7b6860eeabaf,0x3DFb153c197D4C19D3B31c1ecD2c7B6860eeabAf-1722957908185,BUY,nfl-ten-nyg-2026-09-27,Titans vs. Giants,Titans,0.43,7.87,3.38,88,skipped,their trade is only 3 USD,,
2026-09-24 08:38:34,1790231914912,0x684baa57c338c2549aec0aa3f034f695d72a8409,monkeymashingkeyboard,BUY,mlb-sd-lad-2026-09-24,San Diego Padres vs. Los Angeles Dodgers,Los Angeles Dodgers,0.62,12.08,7.49,232,skipped,their trade is only 7 USD,,
2026-09-24 08:44:34,1790232274880,0x684baa57c338c2549aec0aa3f034f695d72a8409,monkeymashingkeyboard,BUY,nfl-min-tb-2026-09-27,Vikings vs. Buccaneers,Buccaneers,0.4700001537,1.886793,0.89,269,skipped,their trade is only 1 USD,,
2026-09-24 08:44:34,1790232274880,0x684baa57c338c2549aec0aa3f034f695d72a8409,monkeymashingkeyboard,BUY,mlb-sd-lad-2026-09-24,San Diego Padres vs. Los Angeles Dodgers,Los Angeles Dodgers,0.62,12.08,7.49,194,skipped,their trade is only 7 USD,,
2026-09-24 08:44:34,1790232274881,0x684baa57c338c2549aec0aa3f034f695d72a8409,monkeymashingkeyboard,BUY,mlb-sd-lad-2026-09-24,San Diego Padres vs. Los Angeles Dodgers,Los Angeles Dodgers,0.6200000076,2.631579,1.63,185,skipped,their trade is only 2 USD,,
2026-09-24 08:50:31,1790232631351,0x3dfb153c197d4c19d3b31c1ecd2c7b6860eeabaf,0x3DFb153c197D4C19D3B31c1ecD2c7B6860eeabAf-1722957908185,BUY,nfl-nyj-det-2026-09-27-spread-home-6pt5,Spread: Lions (-6.5),Jets,0.49,8.06,3.95,253,skipped,their trade is only 4 USD,,
2026-09-24 08:50:34,1790232634874,0x684baa57c338c2549aec0aa3f034f695d72a8409,monkeymashingkeyboard,BUY,mlb-sd-lad-2026-09-24,San Diego Padres vs. Los Angeles Dodgers,Los Angeles Dodgers,0.62,24.17,14.99,193,skipped,their trade is only 15 USD,,
2026-09-24 08:50:34,1790232634875,0x684baa57c338c2549aec0aa3f034f695d72a8409,monkeymashingkeyboard,BUY,mlb-sd-lad-2026-09-24,San Diego Padres vs. Los Angeles Dodgers,Los Angeles Dodgers,0.62,62.44,38.71,190,skipped,their trade is only 39 USD,,
2026-09-24 08:50:34,1790232634875,0x684baa57c338c2549aec0aa3f034f695d72a8409,monkeymashingkeyboard,BUY,mlb-sd-lad-2026-09-24,San Diego Padres vs. Los Angeles Dodgers,Los Angeles Dodgers,0.62,10.07,6.24,1,skipped,their trade is only 6 USD,,
2026-09-24 09:02:34,1790233354927,0x684baa57c338c2549aec0aa3f034f695d72a8409,monkeymashingkeyboard,BUY,mlb-sd-lad-2026-09-24,San Diego Padres vs. Los Angeles Dodgers,Los Angeles Dodgers,0.62,37.26,23.1,289,skipped,their trade is only 23 USD,,
2026-09-24 09:26:31,1790234791390,0x3dfb153c197d4c19d3b31c1ecd2c7b6860eeabaf,0x3DFb153c197D4C19D3B31c1ecD2c7B6860eeabAf-1722957908185,BUY,nfl-nyj-det-2026-09-27-spread-home-6pt5,Spread: Lions (-6.5),Jets,0.49,3.02,1.48,257,skipped,their trade is only 1 USD,,
2026-09-24 09:26:34,1790234794959,0x684baa57c338c2549aec0aa3f034f695d72a8409,monkeymashingkeyboard,BUY,nfl-min-tb-2026-09-27,Vikings vs. Buccaneers,Buccaneers,0.4700000413,9.433963,4.43,280,skipped,their trade is only 4 USD,,
2026-09-24 09:32:34,1790235154766,0x684baa57c338c2549aec0aa3f034f695d72a8409,monkeymashingkeyboard,BUY,mlb-sd-lad-2026-09-24,San Diego Padres vs. Los Angeles Dodgers,Los Angeles Dodgers,0.62,5.03,3.12,62,skipped,their trade is only 3 USD,,
2026-09-24 09:38:31,1790235511553,0x3dfb153c197d4c19d3b31c1ecd2c7b6860eeabaf,0x3DFb153c197D4C19D3B31c1ecD2c7B6860eeabAf-1722957908185,BUY,nfl-ten-nyg-2026-09-27,Titans vs. Giants,Titans,0.43,5.0,2.15,158,skipped,their trade is only 2 USD,,
2026-09-24 09:38:35,1790235515141,0x684baa57c338c2549aec0aa3f034f695d72a8409,monkeymashingkeyboard,BUY,nfl-min-tb-2026-09-27,Vikings vs. Buccaneers,Buccaneers,0.47,10.0,4.7,322,skipped,their trade is only 5 USD,,
2026-09-24 09:44:31,1790235871337,0x3dfb153c197d4c19d3b31c1ecd2c7b6860eeabaf,0x3DFb153c197D4C19D3B31c1ecD2c7B6860eeabAf-1722957908185,BUY,nfl-nyj-det-2026-09-27-spread-home-6pt5,Spread: Lions (-6.5),Jets,0.49,955.16,468.03,283,skipped,max open copies reached,,
2026-09-24 09:44:34,1790235874848,0x684baa57c338c2549aec0aa3f034f695d72a8409,monkeymashingkeyboard,BUY,mlb-sd-lad-2026-09-24,San Diego Padres vs. Los Angeles Dodgers,Los Angeles Dodgers,0.62,24.17,14.99,185,skipped,their trade is only 15 USD,,
2026-09-24 09:44:34,1790235874849,0x684baa57c338c2549aec0aa3f034f695d72a8409,monkeymashingkeyboard,BUY,mlb-sd-lad-2026-09-24,San Diego Padres vs. Los Angeles Dodgers,Los Angeles Dodgers,0.62,21.14,13.11,23,skipped,their trade is only 13 USD,,
2026-09-24 10:26:35,1790238395080,0x684baa57c338c2549aec0aa3f034f695d72a8409,monkeymashingkeyboard,BUY,mlb-sd-lad-2026-09-24,San Diego Padres vs. Los Angeles Dodgers,Los Angeles Dodgers,0.6200000052,15.526316,9.63,329,skipped,their trade is only 10 USD,,
2026-09-24 10:26:35,1790238395081,0x684baa57c338c2549aec0aa3f034f695d72a8409,monkeymashingkeyboard,BUY,nfl-min-tb-2026-09-27,Vikings vs. Buccaneers,Buccaneers,0.4700001537,1.886793,0.89,254,skipped,their trade is only 1 USD,,
2026-09-24 10:28:35,1790238515542,0x8c0b024c17831a0dde038547b7e791ae6a0d7aa5,THEHIGHLIFE,BUY,dota2-xtreme-nem-2026-09-24-game2,Dota 2: Xtreme Gaming vs Team Nemesis - Game 2 Winner,Team Nemesis,0.43,9515.03,4091.46,116,skipped,wallet no longer passes the gate,,
2026-09-24 10:28:35,1790238515543,0x8c0b024c17831a0dde038547b7e791ae6a0d7aa5,THEHIGHLIFE,BUY,dota2-xtreme-nem-2026-09-24-game2,Dota 2: Xtreme Gaming vs Team Nemesis - Game 2 Winner,Team Nemesis,0.4300000007,334.218246,143.71,110,skipped,wallet no longer passes the gate,,
2026-09-24 10:38:35,1790239115026,0x684baa57c338c2549aec0aa3f034f695d72a8409,monkeymashingkeyboard,BUY,nfl-min-tb-2026-09-27,Vikings vs. Buccaneers,Buccaneers,0.4700000975,4.716982,2.22,187,skipped,their trade is only 2 USD,,
2026-09-24 10:40:35,1790239235765,0x8c0b024c17831a0dde038547b7e791ae6a0d7aa5,THEHIGHLIFE,BUY,dota2-xtreme-nem-2026-09-24-game2,Dota 2: Xtreme Gaming vs Team Nemesis - Game 2 Winner,Team Nemesis,0.16,176.89345,28.3,242,skipped,wallet no longer passes the gate,,
2026-09-24 10:46:35,1790239595603,0x8c0b024c17831a0dde038547b7e791ae6a0d7aa5,THEHIGHLIFE,BUY,lol-koia-ktc-2026-09-24,LoL: ⁠Movistar KOI Fénix vs KT Rolster Challengers (BO1) - World Star Challengers Invitational Group B,⁠Movistar KOI Fénix,0.36,292.23,105.2,199,skipped,wallet no longer passes the gate,,
2026-09-24 10:46:35,1790239595603,0x8c0b024c17831a0dde038547b7e791ae6a0d7aa5,THEHIGHLIFE,BUY,dota2-xtreme-nem-2026-09-24-game2,Dota 2: Xtreme Gaming vs Team Nemesis - Game 2 Winner,Team Nemesis,0.05,5.1,0.26,182,skipped,wallet no longer passes the gate,,
2026-09-24 10:46:35,1790239595604,0x8c0b024c17831a0dde038547b7e791ae6a0d7aa5,THEHIGHLIFE,BUY,dota2-xtreme-nem-2026-09-24-game2,Dota 2: Xtreme Gaming vs Team Nemesis - Game 2 Winner,Team Nemesis,0.05,31.57894,1.58,182,skipped,wallet no longer passes the gate,,
2026-09-24 10:46:35,1790239595604,0x8c0b024c17831a0dde038547b7e791ae6a0d7aa5,THEHIGHLIFE,BUY,dota2-xtreme-nem-2026-09-24-game2,Dota 2: Xtreme Gaming vs Team Nemesis - Game 2 Winner,Team Nemesis,0.05,526.31578,26.32,182,skipped,wallet no longer passes the gate,,
2026-09-24 10:46:35,1790239595604,0x8c0b024c17831a0dde038547b7e791ae6a0d7aa5,THEHIGHLIFE,BUY,dota2-xtreme-nem-2026-09-24-game2,Dota 2: Xtreme Gaming vs Team Nemesis - Game 2 Winner,Team Nemesis,0.05,105.26,5.26,181,skipped,wallet no longer passes the gate,,
2026-09-24 10:46:35,1790239595604,0x8c0b024c17831a0dde038547b7e791ae6a0d7aa5,THEHIGHLIFE,BUY,lol-koia-ktc-2026-09-24,LoL: ⁠Movistar KOI Fénix vs KT Rolster Challengers (BO1) - World Star Challengers Invitational Group B,KT Rolster Challengers,0.55,7209.34,3965.14,139,skipped,wallet no longer passes the gate,,
2026-09-24 10:50:31,1790239831566,0x3dfb153c197d4c19d3b31c1ecd2c7b6860eeabaf,0x3DFb153c197D4C19D3B31c1ecD2c7B6860eeabAf-1722957908185,BUY,nfl-ten-nyg-2026-09-27,Titans vs. Giants,Titans,0.43,3.0,1.29,124,skipped,their trade is only 1 USD,,
2026-09-24 10:50:31,1790239831567,0x3dfb153c197d4c19d3b31c1ecd2c7b6860eeabaf,0x3DFb153c197D4C19D3B31c1ecD2c7B6860eeabAf-1722957908185,BUY,nfl-ten-nyg-2026-09-27,Titans vs. Giants,Titans,0.43,3.0,1.29,91,skipped,their trade is only 1 USD,,
2026-09-24 10:50:31,1790239831567,0x3dfb153c197d4c19d3b31c1ecd2c7b6860eeabaf,0x3DFb153c197D4C19D3B31c1ecD2c7B6860eeabAf-1722957908185,BUY,nfl-ten-nyg-2026-09-27,Titans vs. Giants,Titans,0.43,3.0,1.29,64,skipped,their trade is only 1 USD,,
2026-09-24 10:50:31,1790239831567,0x3dfb153c197d4c19d3b31c1ecd2c7b6860eeabaf,0x3DFb153c197D4C19D3B31c1ecD2c7B6860eeabAf-1722957908185,BUY,nfl-ten-nyg-2026-09-27,Titans vs. Giants,Titans,0.43,3.0,1.29,40,skipped,their trade is only 1 USD,,
2026-09-24 10:50:31,1790239831567,0x3dfb153c197d4c19d3b31c1ecd2c7b6860eeabaf,0x3DFb153c197D4C19D3B31c1ecD2c7B6860eeabAf-1722957908185,BUY,nfl-ten-nyg-2026-09-27,Titans vs. Giants,Titans,0.43,3.0,1.29,13,skipped,their trade is only 1 USD,,
2026-09-24 10:58:35,1790240315500,0x8c0b024c17831a0dde038547b7e791ae6a0d7aa5,THEHIGHLIFE,BUY,dota2-xtreme-nem-2026-09-24-game2,Dota 2: Xtreme Gaming vs Team Nemesis - Game 2 Winner,Team Nemesis,0.18,3589.08,646.03,353,skipped,wallet no longer passes the gate,,
2026-09-24 11:02:35,1790240555095,0x684baa57c338c2549aec0aa3f034f695d72a8409,monkeymashingkeyboard,BUY,nfl-nyj-det-2026-09-27-total-48pt5,Jets vs. Lions: O/U 48.5,Under,0.54,30.0,16.2,190,skipped,their trade is only 16 USD,,
2026-09-24 11:08:31,1790240911551,0x3dfb153c197d4c19d3b31c1ecd2c7b6860eeabaf,0x3DFb153c197D4C19D3B31c1ecD2c7B6860eeabAf-1722957908185,BUY,cfb-hawaii-wyom-2026-09-26-spread-away-2pt5,Spread: Hawai'i (-2.5),Wyoming,0.47,25.0,11.75,316,skipped,their trade is only 12 USD,,
2026-09-24 11:08:31,1790240911551,0x3dfb153c197d4c19d3b31c1ecd2c7b6860eeabaf,0x3DFb153c197D4C19D3B31c1ecD2c7B6860eeabAf-1722957908185,BUY,cfb-utah-iowast-2026-09-26-total-48pt5,Utah vs. Iowa State: O/U 48.5,Under,0.53,28.0,14.84,223,skipped,their trade is only 15 USD,,
2026-09-24 11:20:36,1790241636743,0x8c0b024c17831a0dde038547b7e791ae6a0d7aa5,THEHIGHLIFE,BUY,val-tl1-pr1-2026-09-24,Valorant: Team Liquid vs Paper Rex (BO3) - VCT Champions Group C,Paper Rex,0.56,14999.99,8399.99,244,skipped,wallet no longer passes the gate,,
2026-09-24 11:20:36,1790241636743,0x8c0b024c17831a0dde038547b7e791ae6a0d7aa5,THEHIGHLIFE,BUY,val-tl1-pr1-2026-09-24,Valorant: Team Liquid vs Paper Rex (BO3) - VCT Champions Group C,Paper Rex,0.56,14999.99,8399.99,244,skipped,wallet no longer passes the gate,,
2026-09-24 11:48:35,1790243315677,0x8c0b024c17831a0dde038547b7e791ae6a0d7aa5,THEHIGHLIFE,BUY,dota2-navi-lgd-2026-09-24-game1,Dota 2: Natus Vincere vs LGD Gaming - Game 1 Winner,Natus Vincere,0.37,6395.38,2366.29,163,skipped,wallet no longer passes the gate,,
2026-09-24 11:48:35,1790243315677,0x8c0b024c17831a0dde038547b7e791ae6a0d7aa5,THEHIGHLIFE,BUY,dota2-navi-lgd-2026-09-24-game1,Dota 2: Natus Vincere vs LGD Gaming - Game 1 Winner,Natus Vincere,0.37,23.4,8.66,149,skipped,wallet no longer passes the gate,,
2026-09-24 11:48:35,1790243315677,0x8c0b024c17831a0dde038547b7e791ae6a0d7aa5,THEHIGHLIFE,BUY,dota2-navi-lgd-2026-09-24-game1,Dota 2: Natus Vincere vs LGD Gaming - Game 1 Winner,Natus Vincere,0.37,22.65,8.38,149,skipped,wallet no longer passes the gate,,
2026-09-24 11:48:35,1790243315678,0x8c0b024c17831a0dde038547b7e791ae6a0d7aa5,THEHIGHLIFE,BUY,dota2-navi-lgd-2026-09-24-game1,Dota 2: Natus Vincere vs LGD Gaming - Game 1 Winner,Natus Vincere,0.3700000004,26.984127,9.98,148,skipped,wallet no longer passes the gate,,
2026-09-24 11:48:35,1790243315678,0x8c0b024c17831a0dde038547b7e791ae6a0d7aa5,THEHIGHLIFE,BUY,dota2-navi-lgd-2026-09-24-game1,Dota 2: Natus Vincere vs LGD Gaming - Game 1 Winner,Natus Vincere,0.37,1000.0,370.0,146,skipped,wallet no longer passes the gate,,
2026-09-24 11:48:35,1790243315678,0x8c0b024c17831a0dde038547b7e791ae6a0d7aa5,THEHIGHLIFE,BUY,dota2-navi-lgd-2026-09-24-game1,Dota 2: Natus Vincere vs LGD Gaming - Game 1 Winner,Natus Vincere,0.38,9398.13,3571.29,136,skipped,wallet no longer passes the gate,,
2026-09-24 11:50:35,1790243435113,0x684baa57c338c2549aec0aa3f034f695d72a8409,monkeymashingkeyboard,BUY,mlb-sd-lad-2026-09-24,San Diego Padres vs. Los Angeles Dodgers,Los Angeles Dodgers,0.6200000004,263.157895,163.16,28,skipped,max open copies reached,,
2026-09-24 11:54:35,1790243675603,0x8c0b024c17831a0dde038547b7e791ae6a0d7aa5,THEHIGHLIFE,BUY,dota2-navi-lgd-2026-09-24-game1,Dota 2: Natus Vincere vs LGD Gaming - Game 1 Winner,Natus Vincere,0.31,10.0,3.1,346,skipped,wallet no longer passes the gate,,
2026-09-24 12:32:28,1790245948763,0x924379a79c64b77ad5816ad362122a5f6228658e,Kch-Temp,BUY,nfl-atl-gb-2026-09-25-spread-home-4pt5,Spread: Packers (-4.5),Packers,0.51,57375.32,29261.41,224,skipped,max open copies reached,,
2026-09-24 12:32:28,1790245948764,0x924379a79c64b77ad5816ad362122a5f6228658e,Kch-Temp,BUY,nfl-atl-gb-2026-09-25-spread-home-5pt5,Spread: Packers (-5.5),Packers,0.49,46831.54,22947.45,169,skipped,max open copies reached,,
2026-09-24 12:32:29,1790245949492,0xe015b5a2a299167be835a2fd1e86f09c49e06ffd,TAIWANNUMBERONE,BUY,lol-fly-sr-2026-09-25,LoL: FlyQuest vs Shopify Rebellion (BO5) - LCS Playoffs,FlyQuest,0.7300000013,175.185186,127.89,211,skipped,max open copies reached,,
2026-09-24 12:32:35,1790245955184,0x684baa57c338c2549aec0aa3f034f695d72a8409,monkeymashingkeyboard,BUY,mlb-sd-lad-2026-09-24,San Diego Padres vs. Los Angeles Dodgers,Los Angeles Dodgers,0.6200000076,2.631579,1.63,236,skipped,their trade is only 2 USD,,
2026-09-24 12:32:35,1790245955185,0x684baa57c338c2549aec0aa3f034f695d72a8409,monkeymashingkeyboard,BUY,mlb-sd-lad-2026-09-24,San Diego Padres vs. Los Angeles Dodgers,Los Angeles Dodgers,0.6200000076,13.157895,8.16,119,skipped,their trade is only 8 USD,,
2026-09-24 12:32:35,1790245955185,0x684baa57c338c2549aec0aa3f034f695d72a8409,monkeymashingkeyboard,BUY,nfl-min-tb-2026-09-27,Vikings vs. Buccaneers,Buccaneers,0.4700001537,1.886793,0.89,35,skipped,their trade is only 1 USD,,
2026-09-24 12:44:28,1790246668703,0x924379a79c64b77ad5816ad362122a5f6228658e,Kch-Temp,BUY,nfl-atl-gb-2026-09-25-total-43pt5,Falcons vs. Packers: O/U 43.5,Over,0.48,40049.04,19223.54,101,skipped,max open copies reached,,
2026-09-24 12:44:29,1790246669443,0xe015b5a2a299167be835a2fd1e86f09c49e06ffd,TAIWANNUMBERONE,BUY,lol-fly-sr-2026-09-25,LoL: FlyQuest vs Shopify Rebellion (BO5) - LCS Playoffs,FlyQuest,0.7300000216,3.703704,2.7,278,skipped,their trade is only 3 USD,,
2026-09-24 12:54:35,1790247275690,0x8c0b024c17831a0dde038547b7e791ae6a0d7aa5,THEHIGHLIFE,BUY,val-tl1-pr1-2026-09-24,Valorant: Team Liquid vs Paper Rex (BO3) - VCT Champions Group C,Paper Rex,0.5,8992.4342,4496.22,281,skipped,wallet no longer passes the gate,,
2026-09-24 12:54:35,1790247275690,0x8c0b024c17831a0dde038547b7e791ae6a0d7aa5,THEHIGHLIFE,BUY,dota2-navi-lgd-2026-09-24-game2,Dota 2: Natus Vincere vs LGD Gaming - Game 2 Winner,LGD Gaming,0.43,335.81,144.4,175,skipped,wallet no longer passes the gate,,
2026-09-24 12:54:35,1790247275690,0x8c0b024c17831a0dde038547b7e791ae6a0d7aa5,THEHIGHLIFE,BUY,dota2-navi-lgd-2026-09-24-game2,Dota 2: Natus Vincere vs LGD Gaming - Game 2 Winner,LGD Gaming,0.44,83.44,36.71,175,skipped,wallet no longer passes the gate,,
2026-09-24 12:54:35,1790247275691,0x8c0b024c17831a0dde038547b7e791ae6a0d7aa5,THEHIGHLIFE,BUY,dota2-navi-lgd-2026-09-24-game2,Dota 2: Natus Vincere vs LGD Gaming - Game 2 Winner,LGD Gaming,0.43,464.0,199.52,172,skipped,wallet no longer passes the gate,,
2026-09-24 12:54:35,1790247275691,0x8c0b024c17831a0dde038547b7e791ae6a0d7aa5,THEHIGHLIFE,BUY,dota2-navi-lgd-2026-09-24-game2,Dota 2: Natus Vincere vs LGD Gaming - Game 2 Winner,LGD Gaming,0.43,19.2,8.26,172,skipped,wallet no longer passes the gate,,
2026-09-24 12:54:35,1790247275691,0x8c0b024c17831a0dde038547b7e791ae6a0d7aa5,THEHIGHLIFE,BUY,dota2-navi-lgd-2026-09-24-game2,Dota 2: Natus Vincere vs LGD Gaming - Game 2 Winner,LGD Gaming,0.43,50.0,21.5,172,skipped,wallet no longer passes the gate,,
2026-09-24 13:00:36,1790247636005,0x8c0b024c17831a0dde038547b7e791ae6a0d7aa5,THEHIGHLIFE,BUY,val-tl1-pr1-2026-09-24,Valorant: Team Liquid vs Paper Rex (BO3) - VCT Champions Group C,Paper Rex,0.52,593.25,308.49,19,skipped,wallet no longer passes the gate,,
2026-09-24 13:00:36,1790247636006,0x8c0b024c17831a0dde038547b7e791ae6a0d7aa5,THEHIGHLIFE,BUY,val-tl1-pr1-2026-09-24,Valorant: Team Liquid vs Paper Rex (BO3) - VCT Champions Group C,Paper Rex,0.52,3020.45,1570.63,19,skipped,wallet no longer passes the gate,,
2026-09-24 13:01:31,1790247691466,0x3dfb153c197d4c19d3b31c1ecd2c7b6860eeabaf,0x3DFb153c197D4C19D3B31c1ecD2c7B6860eeabAf-1722957908185,BUY,nfl-ten-nyg-2026-09-27,Titans vs. Giants,Titans,0.43,8.36,3.59,287,skipped,their trade is only 4 USD,,
2026-09-24 13:01:31,1790247691467,0x3dfb153c197d4c19d3b31c1ecd2c7b6860eeabaf,0x3DFb153c197D4C19D3B31c1ecD2c7B6860eeabAf-1722957908185,BUY,nfl-ten-nyg-2026-09-27,Titans vs. Giants,Titans,0.43,24.87,10.69,28,skipped,their trade is only 11 USD,,
2026-09-24 13:11:35,1790248295786,0x8c0b024c17831a0dde038547b7e791ae6a0d7aa5,THEHIGHLIFE,BUY,lol-koia-blgj-2026-09-24,LoL: ⁠Movistar KOI Fénix vs Bilibili Gaming Junior (BO1) - World Star Challengers Invitational Group B,Bilibili Gaming Junior,0.49,786.57,385.42,142,skipped,wallet no longer passes the gate,,
2026-09-24 13:11:35,1790248295786,0x8c0b024c17831a0dde038547b7e791ae6a0d7aa5,THEHIGHLIFE,BUY,lol-koia-blgj-2026-09-24,LoL: ⁠Movistar KOI Fénix vs Bilibili Gaming Junior (BO1) - World Star Challengers Invitational Group B,Bilibili Gaming Junior,0.5,495.0,247.5,140,skipped,wallet no longer passes the gate,,
2026-09-24 13:11:35,1790248295787,0x8c0b024c17831a0dde038547b7e791ae6a0d7aa5,THEHIGHLIFE,BUY,lol-koia-blgj-2026-09-24,LoL: ⁠Movistar KOI Fénix vs Bilibili Gaming Junior (BO1) - World Star Challengers Invitational Group B,Bilibili Gaming Junior,0.5,45.0,22.5,140,skipped,wallet no longer passes the gate,,
2026-09-24 13:11:35,1790248295787,0x8c0b024c17831a0dde038547b7e791ae6a0d7aa5,THEHIGHLIFE,BUY,lol-koia-blgj-2026-09-24,LoL: ⁠Movistar KOI Fénix vs Bilibili Gaming Junior (BO1) - World Star Challengers Invitational Group B,Bilibili Gaming Junior,0.5,191.4872,95.74,133,skipped,wallet no longer passes the gate,,
2026-09-24 13:31:31,1790249491406,0x3dfb153c197d4c19d3b31c1ecd2c7b6860eeabaf,0x3DFb153c197D4C19D3B31c1ecD2c7B6860eeabAf-1722957908185,BUY,nfl-cin-pit-2026-09-27-spread-away-3pt5,Spread: Bengals (-3.5),Bengals,0.48,22222.0,10666.56,215,skipped,max open copies reached,,
2026-09-24 13:37:35,1790249855054,0x684baa57c338c2549aec0aa3f034f695d72a8409,monkeymashingkeyboard,BUY,mlb-sd-lad-2026-09-24,San Diego Padres vs. Los Angeles Dodgers,Los Angeles Dodgers,0.6200000076,23.684211,14.68,304,skipped,their trade is only 15 USD,,
2026-09-24 13:43:35,1790250215200,0x684baa57c338c2549aec0aa3f034f695d72a8409,monkeymashingkeyboard,BUY,mlb-sd-lad-2026-09-24,San Diego Padres vs. Los Angeles Dodgers,Los Angeles Dodgers,0.6200000076,13.157895,8.16,344,skipped,their trade is only 8 USD,,
2026-09-24 13:47:35,1790250455791,0x8c0b024c17831a0dde038547b7e791ae6a0d7aa5,THEHIGHLIFE,BUY,dota2-navi-lgd-2026-09-24,Dota 2: Natus Vincere vs LGD Gaming (BO3) - PGL Wallachia Playoffs,LGD Gaming,0.4600000268,15.684073,7.21,63,skipped,wallet no longer passes the gate,,
2026-09-24 13:47:35,1790250455792,0x8c0b024c17831a0dde038547b7e791ae6a0d7aa5,THEHIGHLIFE,BUY,dota2-navi-lgd-2026-09-24,Dota 2: Natus Vincere vs LGD Gaming (BO3) - PGL Wallachia Playoffs,LGD Gaming,0.4600000432,1.851852,0.85,61,skipped,wallet no longer passes the gate,,
2026-09-24 13:47:35,1790250455792,0x8c0b024c17831a0dde038547b7e791ae6a0d7aa5,THEHIGHLIFE,BUY,dota2-navi-lgd-2026-09-24,Dota 2: Natus Vincere vs LGD Gaming (BO3) - PGL Wallachia Playoffs,LGD Gaming,0.4600000008,254.62963,117.13,52,skipped,wallet no longer passes the gate,,
2026-09-24 13:47:35,1790250455793,0x8c0b024c17831a0dde038547b7e791ae6a0d7aa5,THEHIGHLIFE,BUY,dota2-navi-lgd-2026-09-24,Dota 2: Natus Vincere vs LGD Gaming (BO3) - PGL Wallachia Playoffs,LGD Gaming,0.4600000023,79.166667,36.42,52,skipped,wallet no longer passes the gate,,
2026-09-24 13:47:35,1790250455793,0x8c0b024c17831a0dde038547b7e791ae6a0d7aa5,THEHIGHLIFE,BUY,dota2-navi-lgd-2026-09-24,Dota 2: Natus Vincere vs LGD Gaming (BO3) - PGL Wallachia Playoffs,LGD Gaming,0.4600000119,37.037036,17.04,52,skipped,wallet no longer passes the gate,,
2026-09-24 13:47:35,1790250455793,0x8c0b024c17831a0dde038547b7e791ae6a0d7aa5,THEHIGHLIFE,BUY,dota2-navi-lgd-2026-09-24,Dota 2: Natus Vincere vs LGD Gaming (BO3) - PGL Wallachia Playoffs,LGD Gaming,0.46,4990.56,2295.66,51,skipped,wallet no longer passes the gate,,
2026-09-24 13:47:35,1790250455793,0x8c0b024c17831a0dde038547b7e791ae6a0d7aa5,THEHIGHLIFE,BUY,dota2-navi-lgd-2026-09-24,Dota 2: Natus Vincere vs LGD Gaming (BO3) - PGL Wallachia Playoffs,LGD Gaming,0.460000008,55.185186,25.39,51,skipped,wallet no longer passes the gate,,
2026-09-24 13:47:35,1790250455794,0x8c0b024c17831a0dde038547b7e791ae6a0d7aa5,THEHIGHLIFE,BUY,dota2-navi-lgd-2026-09-24,Dota 2: Natus Vincere vs LGD Gaming (BO3) - PGL Wallachia Playoffs,LGD Gaming,0.4600000037,54.62963,25.13,51,skipped,wallet no longer passes the gate,,
2026-09-24 13:47:35,1790250455794,0x8c0b024c17831a0dde038547b7e791ae6a0d7aa5,THEHIGHLIFE,BUY,dota2-navi-lgd-2026-09-24,Dota 2: Natus Vincere vs LGD Gaming (BO3) - PGL Wallachia Playoffs,LGD Gaming,0.4600000063,66.222223,30.46,51,skipped,wallet no longer passes the gate,,
2026-09-24 13:49:31,1790250571460,0x3dfb153c197d4c19d3b31c1ecd2c7b6860eeabaf,0x3DFb153c197D4C19D3B31c1ecD2c7B6860eeabAf-1722957908185,BUY,cfb-utah-iowast-2026-09-26-total-48pt5,Utah vs. Iowa State: O/U 48.5,Under,0.5300000001,85.106383,45.11,253,skipped,their trade is only 45 USD,,
2026-09-24 13:49:31,1790250571460,0x3dfb153c197d4c19d3b31c1ecd2c7b6860eeabaf,0x3DFb153c197D4C19D3B31c1ecD2c7B6860eeabAf-1722957908185,BUY,cfb-nill-gast-2026-09-26-total-54pt5,Northern Illinois vs. Georgia State: O/U 54.5,Over,0.5600000053,68.181819,38.18,129,skipped,their trade is only 38 USD,,
2026-09-24 13:53:35,1790250815695,0x8c0b024c17831a0dde038547b7e791ae6a0d7aa5,THEHIGHLIFE,BUY,dota2-navi-lgd-2026-09-24,Dota 2: Natus Vincere vs LGD Gaming (BO3) - PGL Wallachia Playoffs,LGD Gaming,0.44,1632.9125,718.48,225,skipped,wallet no longer passes the gate,,
2026-09-24 13:53:35,1790250815696,0x8c0b024c17831a0dde038547b7e791ae6a0d7aa5,THEHIGHLIFE,BUY,dota2-navi-lgd-2026-09-24,Dota 2: Natus Vincere vs LGD Gaming (BO3) - PGL Wallachia Playoffs,LGD Gaming,0.44,374.55,164.8,225,skipped,wallet no longer passes the gate,,
2026-09-24 13:53:35,1790250815696,0x8c0b024c17831a0dde038547b7e791ae6a0d7aa5,THEHIGHLIFE,BUY,dota2-navi-lgd-2026-09-24,Dota 2: Natus Vincere vs LGD Gaming (BO3) - PGL Wallachia Playoffs,LGD Gaming,0.44,1881.67,827.93,225,skipped,wallet no longer passes the gate,,
2026-09-24 13:53:35,1790250815696,0x8c0b024c17831a0dde038547b7e791ae6a0d7aa5,THEHIGHLIFE,BUY,dota2-navi-lgd-2026-09-24,Dota 2: Natus Vincere vs LGD Gaming (BO3) - PGL Wallachia Playoffs,LGD Gaming,0.450551721,1748.71,787.88,213,skipped,wallet no longer passes the gate,,
2026-09-24 14:18:35,1790252315029,0x684baa57c338c2549aec0aa3f034f695d72a8409,monkeymashingkeyboard,BUY,mlb-sd-lad-2026-09-24,San Diego Padres vs. Los Angeles Dodgers,Los Angeles Dodgers,0.6200000076,13.157895,8.16,283,skipped,their trade is only 8 USD,,
2026-09-24 14:18:35,1790252315029,0x684baa57c338c2549aec0aa3f034f695d72a8409,monkeymashingkeyboard,BUY,mlb-sd-lad-2026-09-24,San Diego Padres vs. Los Angeles Dodgers,Los Angeles Dodgers,0.6200000076,13.157895,8.16,283,skipped,their trade is only 8 USD,,
2026-09-24 14:30:32,1790253032212,0x16bb9951a36fce71e2ef57890b786145e0ba8492,0x16bb9951a36fce71e2ef57890b786145e0ba8492,BUY,mlb-sd-lad-2026-09-24,San Diego Padres vs. Los Angeles Dodgers,San Diego Padres,0.38,36028.17,13690.7,211,skipped,max open copies reached,,
2026-09-24 14:30:32,1790253032212,0x16bb9951a36fce71e2ef57890b786145e0ba8492,0x16bb9951a36fce71e2ef57890b786145e0ba8492,BUY,mlb-mia-chc-2026-09-24-total-7pt5,Miami Marlins vs. Chicago Cubs: O/U 7.5,Under,0.54,168.77,91.14,42,skipped,max open copies reached,,
2026-09-24 14:30:32,1790253032212,0x16bb9951a36fce71e2ef57890b786145e0ba8492,0x16bb9951a36fce71e2ef57890b786145e0ba8492,BUY,mlb-mia-chc-2026-09-24-total-8pt5,Miami Marlins vs. Chicago Cubs: O/U 8.5,Under,0.6,1509.41,905.65,28,skipped,max open copies reached,,
2026-09-24 14:30:32,1790253032213,0x16bb9951a36fce71e2ef57890b786145e0ba8492,0x16bb9951a36fce71e2ef57890b786145e0ba8492,BUY,mlb-mia-chc-2026-09-24-total-6pt5,Miami Marlins vs. Chicago Cubs: O/U 6.5,Under,0.41,65.87,27.01,16,skipped,their trade is only 27 USD,,
2026-09-24 14:30:35,1790253035075,0x684baa57c338c2549aec0aa3f034f695d72a8409,monkeymashingkeyboard,BUY,mlb-sd-lad-2026-09-24,San Diego Padres vs. Los Angeles Dodgers,Los Angeles Dodgers,0.62,34320.67,21278.82,211,skipped,max open copies reached,,
2026-09-24 14:30:35,1790253035812,0x27f738fe203827445690339104aae35b20bc44b0,ic4cream,BUY,mlb-mia-chc-2026-09-24-total-7pt5,Miami Marlins vs. Chicago Cubs: O/U 7.5,Under,0.54,796.0,429.84,115,skipped,wallet no longer passes the gate,,
2026-09-24 14:30:35,1790253035813,0x27f738fe203827445690339104aae35b20bc44b0,ic4cream,BUY,mlb-mia-chc-2026-09-24-total-7pt5,Miami Marlins vs. Chicago Cubs: O/U 7.5,Under,0.54,996.0,537.84,60,skipped,wallet no longer passes the gate,,
2026-09-24 14:30:35,1790253035813,0x27f738fe203827445690339104aae35b20bc44b0,ic4cream,BUY,mlb-mia-chc-2026-09-24-total-8pt5,Miami Marlins vs. Chicago Cubs: O/U 8.5,Under,0.6,506.0,303.6,46,skipped,wallet no longer passes the gate,,
2026-09-24 14:42:35,1790253755855,0x27f738fe203827445690339104aae35b20bc44b0,ic4cream,BUY,nfl-lac-buf-2026-09-27-total-47pt5,Chargers vs. Bills: O/U 47.5,Under,0.42,130.0,54.6,90,skipped,wallet no longer passes the gate,,
2026-09-24 14:46:28,1790253988784,0x924379a79c64b77ad5816ad362122a5f6228658e,Kch-Temp,BUY,nfl-atl-gb-2026-09-25-spread-home-5pt5,Spread: Packers (-5.5),Packers,0.49,24663.42,12085.08,227,skipped,max open copies reached,,
2026-09-24 14:46:35,1790253995872,0x8c0b024c17831a0dde038547b7e791ae6a0d7aa5,THEHIGHLIFE,BUY,val-tyloo-g21-2026-09-24-game1,Valorant: TYLOO vs G2 Esports - Map 1 Winner,G2 Esports,0.43,10.0,4.3,357,skipped,wallet no longer passes the gate,,
2026-09-24 14:48:29,1790254109461,0xe015b5a2a299167be835a2fd1e86f09c49e06ffd,TAIWANNUMBERONE,BUY,lol-fly-sr-2026-09-25,LoL: FlyQuest vs Shopify Rebellion (BO5) - LCS Playoffs,FlyQuest,0.7300000048,18.666667,13.63,305,skipped,their trade is only 14 USD,,
2026-09-24 15:00:31,1790254831467,0x3dfb153c197d4c19d3b31c1ecd2c7b6860eeabaf,0x3DFb153c197D4C19D3B31c1ecD2c7B6860eeabAf-1722957908185,BUY,nfl-nyj-det-2026-09-27-spread-home-7pt5,Spread: Lions (-7.5),Jets,0.57,503.7,287.11,195,skipped,already copied this position,,
2026-09-24 15:00:31,1790254831468,0x3dfb153c197d4c19d3b31c1ecd2c7b6860eeabaf,0x3DFb153c197D4C19D3B31c1ecD2c7B6860eeabAf-1722957908185,BUY,nfl-nyj-det-2026-09-27-spread-home-7pt5,Spread: Lions (-7.5),Jets,0.57,900.62,513.35,161,skipped,already copied this position,,
2026-09-24 15:00:32,1790254832163,0x16bb9951a36fce71e2ef57890b786145e0ba8492,0x16bb9951a36fce71e2ef57890b786145e0ba8492,BUY,nfl-atl-gb-2026-09-25-spread-home-5pt5,Spread: Packers (-5.5),Falcons,0.51,12420.76,6334.59,92,skipped,max open copies reached,,
2026-09-24 15:00:32,1790254832163,0x16bb9951a36fce71e2ef57890b786145e0ba8492,0x16bb9951a36fce71e2ef57890b786145e0ba8492,BUY,nfl-atl-gb-2026-09-25-spread-home-7pt5,Spread: Packers (-7.5),Falcons,0.61,12246.2,7470.18,63,skipped,max open copies reached,,
2026-09-24 15:00:32,1790254832164,0x16bb9951a36fce71e2ef57890b786145e0ba8492,0x16bb9951a36fce71e2ef57890b786145e0ba8492,BUY,nfl-atl-gb-2026-09-25-spread-home-6pt5,Spread: Packers (-6.5),Falcons,0.55,18941.61,10417.89,38,skipped,max open copies reached,,
2026-09-24 15:06:35,1790255195901,0x27f738fe203827445690339104aae35b20bc44b0,ic4cream,BUY,mlb-hou-oak-2026-09-24-total-11pt5,Houston Astros vs. Athletics: O/U 11.5,Under,0.56,533.0,298.48,264,skipped,wallet no longer passes the gate,,
2026-09-24 15:06:35,1790255195901,0x27f738fe203827445690339104aae35b20bc44b0,ic4cream,BUY,nfl-atl-gb-2026-09-25-spread-home-6pt5,Spread: Packers (-6.5),Falcons,0.55,389.0,213.95,27,skipped,wallet no longer passes the gate,,
2026-09-24 15:12:35,1790255555665,0x27f738fe203827445690339104aae35b20bc44b0,ic4cream,BUY,cfb-hawaii-wyom-2026-09-26-spread-away-2pt5,Spread: Hawai'i (-2.5),Hawaii,0.53,5.0,2.65,-1,skipped,wallet no longer passes the gate,,
2026-09-24 15:16:35,1790255795731,0x8c0b024c17831a0dde038547b7e791ae6a0d7aa5,THEHIGHLIFE,BUY,dota2-aur1-gl-2026-09-24-game1,Dota 2: Aurora vs GamerLegion - Game 1 Winner,GamerLegion,0.27,1925.07,519.77,132,skipped,wallet no longer passes the gate,,
2026-09-24 15:16:35,1790255795732,0x8c0b024c17831a0dde038547b7e791ae6a0d7aa5,THEHIGHLIFE,BUY,dota2-aur1-gl-2026-09-24-game1,Dota 2: Aurora vs GamerLegion - Game 1 Winner,GamerLegion,0.3100000004,676.627825,209.75,96,skipped,wallet no longer passes the gate,,
2026-09-24 15:18:31,1790255911518,0x3dfb153c197d4c19d3b31c1ecd2c7b6860eeabaf,0x3DFb153c197D4C19D3B31c1ecD2c7B6860eeabAf-1722957908185,BUY,cfb-hawaii-wyom-2026-09-26-spread-away-3pt5,Spread: Hawai'i (-3.5),Wyoming,0.55,35.91,19.75,326,skipped,their trade is only 20 USD,,
2026-09-24 15:18:31,1790255911519,0x3dfb153c197d4c19d3b31c1ecd2c7b6860eeabaf,0x3DFb153c197D4C19D3B31c1ecD2c7B6860eeabAf-1722957908185,BUY,nfl-nyj-det-2026-09-27-spread-home-6pt5,Spread: Lions (-6.5),Jets,0.49,2.0,0.98,321,skipped,their trade is only 1 USD,,
2026-09-24 15:18:31,1790255911519,0x3dfb153c197d4c19d3b31c1ecd2c7b6860eeabaf,0x3DFb153c197D4C19D3B31c1ecD2c7B6860eeabAf-1722957908185,BUY,cfb-hawaii-wyom-2026-09-26-spread-away-2pt5,Spread: Hawai'i (-2.5),Wyoming,0.4700000184,24.490565,11.51,317,skipped,their trade is only 12 USD,,
2026-09-24 15:18:31,1790255911519,0x3dfb153c197d4c19d3b31c1ecd2c7b6860eeabaf,0x3DFb153c197D4C19D3B31c1ecD2c7B6860eeabAf-1722957908185,BUY,cfb-hawaii-wyom-2026-09-26-spread-away-2pt5,Spread: Hawai'i (-2.5),Wyoming,0.47,341.0,160.27,317,skipped,already copied this position,,
2026-09-24 15:18:31,1790255911520,0x3dfb153c197d4c19d3b31c1ecd2c7b6860eeabaf,0x3DFb153c197D4C19D3B31c1ecD2c7B6860eeabAf-1722957908185,BUY,cfb-hawaii-wyom-2026-09-26-spread-away-3pt5,Spread: Hawai'i (-3.5),Wyoming,0.55,2893.33,1591.33,299,skipped,max open copies reached,,
2026-09-24 15:18:31,1790255911520,0x3dfb153c197d4c19d3b31c1ecd2c7b6860eeabaf,0x3DFb153c197D4C19D3B31c1ecD2c7B6860eeabAf-1722957908185,BUY,cfb-hawaii-wyom-2026-09-26-spread-away-3pt5,Spread: Hawai'i (-3.5),Wyoming,0.55,175.0,96.25,296,skipped,max open copies reached,,
2026-09-24 15:18:31,1790255911520,0x3dfb153c197d4c19d3b31c1ecd2c7b6860eeabaf,0x3DFb153c197D4C19D3B31c1ecD2c7B6860eeabAf-1722957908185,BUY,cfb-hawaii-wyom-2026-09-26-spread-away-3pt5,Spread: Hawai'i (-3.5),Wyoming,0.5500000286,12.222223,6.72,294,skipped,their trade is only 7 USD,,
2026-09-24 15:18:31,1790255911520,0x3dfb153c197d4c19d3b31c1ecd2c7b6860eeabaf,0x3DFb153c197D4C19D3B31c1ecD2c7B6860eeabAf-1722957908185,BUY,cfb-hawaii-wyom-2026-09-26-spread-away-3pt5,Spread: Hawai'i (-3.5),Wyoming,0.55,9.4,5.17,293,skipped,their trade is only 5 USD,,
2026-09-24 15:18:31,1790255911521,0x3dfb153c197d4c19d3b31c1ecd2c7b6860eeabaf,0x3DFb153c197D4C19D3B31c1ecD2c7B6860eeabAf-1722957908185,BUY,cfb-hawaii-wyom-2026-09-26-spread-away-3pt5,Spread: Hawai'i (-3.5),Wyoming,0.5500000056,17.777778,9.78,284,skipped,their trade is only 10 USD,,
2026-09-24 15:18:31,1790255911521,0x3dfb153c197d4c19d3b31c1ecd2c7b6860eeabaf,0x3DFb153c197D4C19D3B31c1ecD2c7B6860eeabAf-1722957908185,BUY,cfb-hawaii-wyom-2026-09-26-spread-away-2pt5,Spread: Hawai'i (-2.5),Wyoming,0.47,30.27,14.23,275,skipped,their trade is only 14 USD,,
2026-09-24 15:18:31,1790255911521,0x3dfb153c197d4c19d3b31c1ecd2c7b6860eeabaf,0x3DFb153c197D4C19D3B31c1ecD2c7B6860eeabAf-1722957908185,BUY,cfb-hawaii-wyom-2026-09-26-spread-away-2pt5,Spread: Hawai'i (-2.5),Wyoming,0.47,1000.0,470.0,272,skipped,already copied this position,,
2026-09-24 15:18:31,1790255911521,0x3dfb153c197d4c19d3b31c1ecd2c7b6860eeabaf,0x3DFb153c197D4C19D3B31c1ecD2c7B6860eeabAf-1722957908185,BUY,cfb-hawaii-wyom-2026-09-26-spread-away-2pt5,Spread: Hawai'i (-2.5),Wyoming,0.4700000253,16.981131,7.98,266,skipped,their trade is only 8 USD,,
2026-09-24 15:18:31,1790255911521,0x3dfb153c197d4c19d3b31c1ecd2c7b6860eeabaf,0x3DFb153c197D4C19D3B31c1ecD2c7B6860eeabAf-1722957908185,BUY,cfb-hawaii-wyom-2026-09-26-spread-away-3pt5,Spread: Hawai'i (-3.5),Wyoming,0.55,29.15,16.03,242,skipped,their trade is only 16 USD,,
2026-09-24 15:18:31,1790255911522,0x3dfb153c197d4c19d3b31c1ecd2c7b6860eeabaf,0x3DFb153c197D4C19D3B31c1ecD2c7B6860eeabAf-1722957908185,BUY,cfb-hawaii-wyom-2026-09-26-spread-away-3pt5,Spread: Hawai'i (-3.5),Wyoming,0.55,2755.56,1515.56,230,skipped,max open copies reached,,
2026-09-24 15:18:31,1790255911522,0x3dfb153c197d4c19d3b31c1ecd2c7b6860eeabaf,0x3DFb153c197D4C19D3B31c1ecD2c7B6860eeabAf-1722957908185,BUY,cfb-hawaii-wyom-2026-09-26-spread-away-2pt5,Spread: Hawai'i (-2.5),Wyoming,0.47,2922.64,1373.64,230,skipped,already copied this position,,
2026-09-24 15:18:31,1790255911522,0x3dfb153c197d4c19d3b31c1ecd2c7b6860eeabaf,0x3DFb153c197D4C19D3B31c1ecD2c7B6860eeabAf-1722957908185,BUY,cfb-hawaii-wyom-2026-09-26-spread-away-3pt5,Spread: Hawai'i (-3.5),Wyoming,0.55,29.0,15.95,219,skipped,their trade is only 16 USD,,
2026-09-24 15:18:31,1790255911522,0x3dfb153c197d4c19d3b31c1ecd2c7b6860eeabaf,0x3DFb153c197D4C19D3B31c1ecD2c7B6860eeabAf-1722957908185,BUY,cfb-hawaii-wyom-2026-09-26-spread-away-3pt5,Spread: Hawai'i (-3.5),Wyoming,0.5500000067,44.933334,24.71,219,skipped,their trade is only 25 USD,,
2026-09-24 15:18:31,1790255911523,0x3dfb153c197d4c19d3b31c1ecd2c7b6860eeabaf,0x3DFb153c197D4C19D3B31c1ecD2c7B6860eeabAf-1722957908185,BUY,cfb-hawaii-wyom-2026-09-26-spread-away-2pt5,Spread: Hawai'i (-2.5),Wyoming,0.4700000022,58.811321,27.64,213,skipped,their trade is only 28 USD,,
2026-09-24 15:18:31,1790255911523,0x3dfb153c197d4c19d3b31c1ecd2c7b6860eeabaf,0x3DFb153c197D4C19D3B31c1ecD2c7B6860eeabAf-1722957908185,BUY,cfb-hawaii-wyom-2026-09-26-spread-away-2pt5,Spread: Hawai'i (-2.5),Wyoming,0.47,600.0,282.0,209,skipped,already copied this position,,
2026-09-24 15:18:31,1790255911523,0x3dfb153c197d4c19d3b31c1ecd2c7b6860eeabaf,0x3DFb153c197D4C19D3B31c1ecD2c7B6860eeabAf-1722957908185,BUY,cfb-hawaii-wyom-2026-09-26-spread-away-3pt5,Spread: Hawai'i (-3.5),Wyoming,0.5500000002,2222.222223,1222.22,204,skipped,max open copies reached,,
2026-09-24 15:18:31,1790255911523,0x3dfb153c197d4c19d3b31c1ecd2c7b6860eeabaf,0x3DFb153c197D4C19D3B31c1ecD2c7B6860eeabAf-1722957908185,BUY,cfb-hawaii-wyom-2026-09-26-spread-away-2pt5,Spread: Hawai'i (-2.5),Wyoming,0.47,500.0,235.0,195,skipped,already copied this position,,
2026-09-24 15:18:31,1790255911523,0x3dfb153c197d4c19d3b31c1ecd2c7b6860eeabaf,0x3DFb153c197D4C19D3B31c1ecD2c7B6860eeabAf-1722957908185,BUY,cfb-hawaii-wyom-2026-09-26-spread-away-2pt5,Spread: Hawai'i (-2.5),Wyoming,0.47,100.0,47.0,186,skipped,their trade is only 47 USD,,
2026-09-24 15:18:31,1790255911524,0x3dfb153c197d4c19d3b31c1ecd2c7b6860eeabaf,0x3DFb153c197D4C19D3B31c1ecD2c7B6860eeabAf-1722957908185,BUY,cfb-hawaii-wyom-2026-09-26-spread-away-3pt5,Spread: Hawai'i (-3.5),Wyoming,0.55,588.0,323.4,182,skipped,max open copies reached,,
2026-09-24 15:18:31,1790255911524,0x3dfb153c197d4c19d3b31c1ecd2c7b6860eeabaf,0x3DFb153c197D4C19D3B31c1ecD2c7B6860eeabAf-1722957908185,BUY,cfb-hawaii-wyom-2026-09-26-spread-away-3pt5,Spread: Hawai'i (-3.5),Wyoming,0.5500000083,42.222223,23.22,182,skipped,their trade is only 23 USD,,
2026-09-24 15:18:31,1790255911524,0x3dfb153c197d4c19d3b31c1ecd2c7b6860eeabaf,0x3DFb153c197D4C19D3B31c1ecD2c7B6860eeabAf-1722957908185,BUY,cfb-hawaii-wyom-2026-09-26-spread-away-2pt5,Spread: Hawai'i (-2.5),Wyoming,0.47,100.0,47.0,180,skipped,their trade is only 47 USD,,
2026-09-24 15:18:31,1790255911524,0x3dfb153c197d4c19d3b31c1ecd2c7b6860eeabaf,0x3DFb153c197D4C19D3B31c1ecD2c7B6860eeabAf-1722957908185,BUY,cfb-hawaii-wyom-2026-09-26-spread-away-3pt5,Spread: Hawai'i (-3.5),Wyoming,0.55,1931.0,1062.05,155,skipped,max open copies reached,,
2026-09-24 15:18:31,1790255911525,0x3dfb153c197d4c19d3b31c1ecd2c7b6860eeabaf,0x3DFb153c197D4C19D3B31c1ecD2c7B6860eeabAf-1722957908185,BUY,cfb-hawaii-wyom-2026-09-26-spread-away-2pt5,Spread: Hawai'i (-2.5),Wyoming,0.47,110.0,51.7,147,skipped,already copied this position,,
2026-09-24 15:18:31,1790255911525,0x3dfb153c197d4c19d3b31c1ecd2c7b6860eeabaf,0x3DFb153c197D4C19D3B31c1ecD2c7B6860eeabAf-1722957908185,BUY,cfb-hawaii-wyom-2026-09-26-spread-away-3pt5,Spread: Hawai'i (-3.5),Wyoming,0.55,29.0,15.95,141,skipped,their trade is only 16 USD,,
2026-09-24 15:18:31,1790255911525,0x3dfb153c197d4c19d3b31c1ecd2c7b6860eeabaf,0x3DFb153c197D4C19D3B31c1ecD2c7B6860eeabAf-1722957908185,BUY,cfb-hawaii-wyom-2026-09-26-spread-away-2pt5,Spread: Hawai'i (-2.5),Wyoming,0.47,10.0,4.7,134,skipped,their trade is only 5 USD,,
2026-09-24 15:18:31,1790255911525,0x3dfb153c197d4c19d3b31c1ecd2c7b6860eeabaf,0x3DFb153c197D4C19D3B31c1ecD2c7B6860eeabAf-1722957908185,BUY,cfb-hawaii-wyom-2026-09-26-spread-away-3pt5,Spread: Hawai'i (-3.5),Wyoming,0.55,26.1,14.36,41,skipped,their trade is only 14 USD,,
2026-09-24 15:18:35,1790255915782,0x27f738fe203827445690339104aae35b20bc44b0,ic4cream,BUY,fif-uzb-irn-2026-09-24-irn,Will IR Iran win on 2026-09-24?,Yes,0.37,116.0,42.92,357,skipped,wallet no longer passes the gate,,
2026-09-24 15:18:35,1790255915782,0x27f738fe203827445690339104aae35b20bc44b0,ic4cream,BUY,fif-uzb-irn-2026-09-24-irn,Will IR Iran win on 2026-09-24?,Yes,0.37,29.0,10.73,354,skipped,wallet no longer passes the gate,,
2026-09-24 15:18:35,1790255915783,0x27f738fe203827445690339104aae35b20bc44b0,ic4cream,BUY,cfb-hawaii-wyom-2026-09-26-spread-away-2pt5,Spread: Hawai'i (-2.5),Hawaii,0.53,341.0,180.73,317,skipped,wallet no longer passes the gate,,
2026-09-24 15:18:35,1790255915783,0x27f738fe203827445690339104aae35b20bc44b0,ic4cream,BUY,fif-uzb-irn-2026-09-24-irn,Will IR Iran win on 2026-09-24?,Yes,0.37,24.0,8.88,305,skipped,wallet no longer passes the gate,,
2026-09-24 15:18:35,1790255915783,0x27f738fe203827445690339104aae35b20bc44b0,ic4cream,BUY,fif-uzb-irn-2026-09-24-irn,Will IR Iran win on 2026-09-24?,Yes,0.37,259.0,95.83,296,skipped,wallet no longer passes the gate,,
2026-09-24 15:18:35,1790255915784,0x27f738fe203827445690339104aae35b20bc44b0,ic4cream,BUY,cfb-hawaii-wyom-2026-09-26-spread-away-3pt5,Spread: Hawai'i (-3.5),Hawaii,0.45,175.0,78.75,296,skipped,wallet no longer passes the gate,,
2026-09-24 15:18:35,1790255915784,0x27f738fe203827445690339104aae35b20bc44b0,ic4cream,BUY,fif-uzb-irn-2026-09-24-irn,Will IR Iran win on 2026-09-24?,Yes,0.36,8.0,2.88,275,skipped,wallet no longer passes the gate,,
2026-09-24 15:18:35,1790255915784,0x27f738fe203827445690339104aae35b20bc44b0,ic4cream,BUY,cfb-hawaii-wyom-2026-09-26-spread-away-3pt5,Spread: Hawai'i (-3.5),Hawaii,0.45,588.0,264.6,182,skipped,wallet no longer passes the gate,,
2026-09-24 15:18:35,1790255915784,0x27f738fe203827445690339104aae35b20bc44b0,ic4cream,BUY,nfl-atl-gb-2026-09-25-spread-home-5pt5,Spread: Packers (-5.5),Falcons,0.51,341.0,173.91,180,skipped,wallet no longer passes the gate,,
2026-09-24 15:18:35,1790255915784,0x27f738fe203827445690339104aae35b20bc44b0,ic4cream,BUY,cfb-hawaii-wyom-2026-09-26-spread-away-3pt5,Spread: Hawai'i (-3.5),Hawaii,0.45,1931.0,868.95,155,skipped,wallet no longer passes the gate,,
2026-09-24 15:18:35,1790255915785,0x27f738fe203827445690339104aae35b20bc44b0,ic4cream,BUY,fif-uzb-irn-2026-09-24-irn,Will IR Iran win on 2026-09-24?,Yes,0.37,467.0,172.79,6,skipped,wallet no longer passes the gate,,
2026-09-24 15:18:35,1790255915785,0x27f738fe203827445690339104aae35b20bc44b0,ic4cream,BUY,fif-uzb-irn-2026-09-24-irn,Will IR Iran win on 2026-09-24?,Yes,0.37,32.0,11.84,2,skipped,wallet no longer passes the gate,,
2026-09-24 15:24:31,1790256271434,0x3dfb153c197d4c19d3b31c1ecd2c7b6860eeabaf,0x3DFb153c197D4C19D3B31c1ecD2c7B6860eeabAf-1722957908185,BUY,cfb-hawaii-wyom-2026-09-26-spread-away-2pt5,Spread: Hawai'i (-2.5),Wyoming,0.47,10.38,4.88,50,skipped,their trade is only 5 USD,,
2026-09-24 15:24:35,1790256275735,0x27f738fe203827445690339104aae35b20bc44b0,ic4cream,BUY,fif-uzb-irn-2026-09-24-irn,Will IR Iran win on 2026-09-24?,Yes,0.37,224.0,82.88,350,skipped,wallet no longer passes the gate,,
2026-09-24 15:24:35,1790256275736,0x27f738fe203827445690339104aae35b20bc44b0,ic4cream,BUY,fif-uzb-irn-2026-09-24-irn,Will IR Iran win on 2026-09-24?,Yes,0.37,5.0,1.85,347,skipped,wallet no longer passes the gate,,
2026-09-24 15:24:35,1790256275736,0x27f738fe203827445690339104aae35b20bc44b0,ic4cream,BUY,fif-uzb-irn-2026-09-24-irn,Will IR Iran win on 2026-09-24?,Yes,0.37,10.0,3.7,344,skipped,wallet no longer passes the gate,,
2026-09-24 15:24:35,1790256275736,0x27f738fe203827445690339104aae35b20bc44b0,ic4cream,BUY,fif-uzb-irn-2026-09-24-irn,Will IR Iran win on 2026-09-24?,Yes,0.37,97.0,35.89,332,skipped,wallet no longer passes the gate,,
2026-09-24 15:24:35,1790256275736,0x27f738fe203827445690339104aae35b20bc44b0,ic4cream,BUY,cfb-navy-uab-2026-09-25,Navy vs. UAB,Navy,0.7100000353,5.379311,3.82,321,skipped,wallet no longer passes the gate,,
2026-09-24 15:24:35,1790256275737,0x27f738fe203827445690339104aae35b20bc44b0,ic4cream,BUY,cfb-navy-uab-2026-09-25,Navy vs. UAB,Navy,0.71,6.0,4.26,249,skipped,wallet no longer passes the gate,,
2026-09-24 15:24:35,1790256275737,0x27f738fe203827445690339104aae35b20bc44b0,ic4cream,BUY,cfb-navy-uab-2026-09-25,Navy vs. UAB,Navy,0.71,6.0,4.26,246,skipped,wallet no longer passes the gate,,
2026-09-24 15:24:35,1790256275737,0x27f738fe203827445690339104aae35b20bc44b0,ic4cream,BUY,fif-uzb-irn-2026-09-24-irn,Will IR Iran win on 2026-09-24?,Yes,0.37,24.0,8.88,216,skipped,wallet no longer passes the gate,,
2026-09-24 15:27:35,1790256455682,0x8c0b024c17831a0dde038547b7e791ae6a0d7aa5,THEHIGHLIFE,BUY,val-tyloo-g21-2026-09-24-game2,Valorant: TYLOO vs G2 Esports - Map 2 Winner,TYLOO,0.43,21.93,9.43,306,skipped,wallet no longer passes the gate,,
2026-09-24 15:27:35,1790256455683,0x8c0b024c17831a0dde038547b7e791ae6a0d7aa5,THEHIGHLIFE,BUY,val-tyloo-g21-2026-09-24-game2,Valorant: TYLOO vs G2 Esports - Map 2 Winner,TYLOO,0.43,146.77,63.11,282,skipped,wallet no longer passes the gate,,
2026-09-24 15:27:35,1790256455683,0x8c0b024c17831a0dde038547b7e791ae6a0d7aa5,THEHIGHLIFE,BUY,val-tyloo-g21-2026-09-24-game2,Valorant: TYLOO vs G2 Esports - Map 2 Winner,TYLOO,0.4300000114,31.578948,13.58,258,skipped,wallet no longer passes the gate,,
2026-09-24 15:27:35,1790256455683,0x8c0b024c17831a0dde038547b7e791ae6a0d7aa5,THEHIGHLIFE,BUY,val-tyloo-g21-2026-09-24-game2,Valorant: TYLOO vs G2 Esports - Map 2 Winner,TYLOO,0.4300000114,17.54386,7.54,257,skipped,wallet no longer passes the gate,,
2026-09-24 15:27:35,1790256455683,0x8c0b024c17831a0dde038547b7e791ae6a0d7aa5,THEHIGHLIFE,BUY,dota2-aur1-gl-2026-09-24-game1,Dota 2: Aurora vs GamerLegion - Game 1 Winner,Aurora,0.53,8026.16,4253.86,249,skipped,wallet no longer passes the gate,,
2026-09-24 15:27:35,1790256455684,0x8c0b024c17831a0dde038547b7e791ae6a0d7aa5,THEHIGHLIFE,BUY,val-tyloo-g21-2026-09-24-game2,Valorant: TYLOO vs G2 Esports - Map 2 Winner,TYLOO,0.4300000114,35.08772,15.09,243,skipped,wallet no longer passes the gate,,
2026-09-24 15:27:35,1790256455684,0x8c0b024c17831a0dde038547b7e791ae6a0d7aa5,THEHIGHLIFE,BUY,val-tyloo-g21-2026-09-24-game2,Valorant: TYLOO vs G2 Esports - Map 2 Winner,TYLOO,0.43,100.0,43.0,221,skipped,wallet no longer passes the gate,,
2026-09-24 15:27:35,1790256455684,0x8c0b024c17831a0dde038547b7e791ae6a0d7aa5,THEHIGHLIFE,BUY,dota2-aur1-gl-2026-09-24-game1,Dota 2: Aurora vs GamerLegion - Game 1 Winner,GamerLegion,0.51,1000.0,510.0,90,skipped,wallet no longer passes the gate,,
2026-09-24 15:27:35,1790256455684,0x8c0b024c17831a0dde038547b7e791ae6a0d7aa5,THEHIGHLIFE,BUY,dota2-aur1-gl-2026-09-24-game1,Dota 2: Aurora vs GamerLegion - Game 1 Winner,GamerLegion,0.51,17.9,9.13,90,skipped,wallet no longer passes the gate,,
2026-09-24 15:27:35,1790256455684,0x8c0b024c17831a0dde038547b7e791ae6a0d7aa5,THEHIGHLIFE,BUY,dota2-aur1-gl-2026-09-24-game1,Dota 2: Aurora vs GamerLegion - Game 1 Winner,GamerLegion,0.51,400.0,204.0,89,skipped,wallet no longer passes the gate,,
2026-09-24 15:27:35,1790256455685,0x8c0b024c17831a0dde038547b7e791ae6a0d7aa5,THEHIGHLIFE,BUY,dota2-aur1-gl-2026-09-24-game1,Dota 2: Aurora vs GamerLegion - Game 1 Winner,GamerLegion,0.51,33.04,16.85,87,skipped,wallet no longer passes the gate,,
2026-09-24 15:27:35,1790256455685,0x8c0b024c17831a0dde038547b7e791ae6a0d7aa5,THEHIGHLIFE,BUY,dota2-aur1-gl-2026-09-24-game1,Dota 2: Aurora vs GamerLegion - Game 1 Winner,GamerLegion,0.5100000176,20.408164,10.41,87,skipped,wallet no longer passes the gate,,
2026-09-24 15:27:35,1790256455685,0x8c0b024c17831a0dde038547b7e791ae6a0d7aa5,THEHIGHLIFE,BUY,dota2-aur1-gl-2026-09-24-game1,Dota 2: Aurora vs GamerLegion - Game 1 Winner,Aurora,0.49,4400.47,2156.23,45,skipped,wallet no longer passes the gate,,
2026-09-24 15:30:31,1790256631490,0x3dfb153c197d4c19d3b31c1ecd2c7b6860eeabaf,0x3DFb153c197D4C19D3B31c1ecD2c7B6860eeabAf-1722957908185,BUY,cfb-hawaii-wyom-2026-09-26-spread-away-3pt5,Spread: Hawai'i (-3.5),Wyoming,0.55,11.0,6.05,288,skipped,their trade is only 6 USD,,
2026-09-24 15:30:35,1790256635858,0x27f738fe203827445690339104aae35b20bc44b0,ic4cream,BUY,cfb-navy-uab-2026-09-25,Navy vs. UAB,Navy,0.71,63.62,45.17,356,skipped,wallet no longer passes the gate,,
2026-09-24 15:30:35,1790256635859,0x27f738fe203827445690339104aae35b20bc44b0,ic4cream,BUY,nfl-atl-gb-2026-09-25-spread-home-5pt5,Spread: Packers (-5.5),Falcons,0.51,86.0,43.86,282,skipped,wallet no longer passes the gate,,
2026-09-24 15:30:35,1790256635859,0x27f738fe203827445690339104aae35b20bc44b0,ic4cream,BUY,nfl-atl-gb-2026-09-25-spread-home-5pt5,Spread: Packers (-5.5),Falcons,0.51,7.0,3.57,182,skipped,wallet no longer passes the gate,,
2026-09-24 15:30:35,1790256635859,0x27f738fe203827445690339104aae35b20bc44b0,ic4cream,BUY,nfl-atl-gb-2026-09-25-spread-home-5pt5,Spread: Packers (-5.5),Falcons,0.51,43.0,21.93,128,skipped,wallet no longer passes the gate,,
2026-09-24 15:30:35,1790256635860,0x27f738fe203827445690339104aae35b20bc44b0,ic4cream,BUY,nfl-atl-gb-2026-09-25-spread-home-5pt5,Spread: Packers (-5.5),Falcons,0.51,43.0,21.93,66,skipped,wallet no longer passes the gate,,
2026-09-24 15:32:35,1790256755842,0x8c0b024c17831a0dde038547b7e791ae6a0d7aa5,THEHIGHLIFE,BUY,dota2-aur1-gl-2026-09-24-game1,Dota 2: Aurora vs GamerLegion - Game 1 Winner,GamerLegion,0.46,783.44,360.38,296,skipped,wallet no longer passes the gate,,
2026-09-24 15:36:31,1790256991503,0x3dfb153c197d4c19d3b31c1ecd2c7b6860eeabaf,0x3DFb153c197D4C19D3B31c1ecD2c7B6860eeabAf-1722957908185,BUY,cfb-hawaii-wyom-2026-09-26-spread-away-2pt5,Spread: Hawai'i (-2.5),Wyoming,0.4700000073,17.811321,8.37,348,skipped,their trade is only 8 USD,,
2026-09-24 15:36:31,1790256991503,0x3dfb153c197d4c19d3b31c1ecd2c7b6860eeabaf,0x3DFb153c197D4C19D3B31c1ecD2c7B6860eeabAf-1722957908185,BUY,cfb-hawaii-wyom-2026-09-26-spread-away-2pt5,Spread: Hawai'i (-2.5),Wyoming,0.47,254.0,119.38,348,skipped,already copied this position,,
2026-09-24 15:36:31,1790256991504,0x3dfb153c197d4c19d3b31c1ecd2c7b6860eeabaf,0x3DFb153c197D4C19D3B31c1ecD2c7B6860eeabAf-1722957908185,BUY,cfb-hawaii-wyom-2026-09-26-spread-away-2pt5,Spread: Hawai'i (-2.5),Wyoming,0.4700000149,8.056604,3.79,345,skipped,their trade is only 4 USD,,
2026-09-24 15:36:35,1790256995836,0x27f738fe203827445690339104aae35b20bc44b0,ic4cream,BUY,cfb-hawaii-wyom-2026-09-26-spread-away-2pt5,Spread: Hawai'i (-2.5),Hawaii,0.53,254.0,134.62,348,skipped,wallet no longer passes the gate,,
2026-09-24 15:36:35,1790256995837,0x27f738fe203827445690339104aae35b20bc44b0,ic4cream,BUY,fif-uzb-irn-2026-09-24-irn,Will IR Iran win on 2026-09-24?,Yes,0.37,24.0,8.88,243,skipped,wallet no longer passes the gate,,
2026-09-24 15:36:35,1790256995837,0x27f738fe203827445690339104aae35b20bc44b0,ic4cream,BUY,fif-uzb-irn-2026-09-24-irn,Will IR Iran win on 2026-09-24?,Yes,0.37,10.0,3.7,240,skipped,wallet no longer passes the gate,,
2026-09-24 15:36:35,1790256995838,0x27f738fe203827445690339104aae35b20bc44b0,ic4cream,BUY,fif-uzb-irn-2026-09-24-irn,Will IR Iran win on 2026-09-24?,Yes,0.37,27.0,9.99,230,skipped,wallet no longer passes the gate,,
2026-09-24 15:36:35,1790256995838,0x27f738fe203827445690339104aae35b20bc44b0,ic4cream,BUY,nfl-atl-gb-2026-09-25-spread-home-5pt5,Spread: Packers (-5.5),Falcons,0.51,11.0,5.61,224,skipped,wallet no longer passes the gate,,
2026-09-24 15:36:35,1790256995838,0x27f738fe203827445690339104aae35b20bc44b0,ic4cream,BUY,fif-uzb-irn-2026-09-24-irn,Will IR Iran win on 2026-09-24?,Yes,0.37,16.0,5.92,144,skipped,wallet no longer passes the gate,,
2026-09-24 15:36:35,1790256995838,0x27f738fe203827445690339104aae35b20bc44b0,ic4cream,BUY,fif-uzb-irn-2026-09-24-irn,Will IR Iran win on 2026-09-24?,Yes,0.37,262.0,96.94,129,skipped,wallet no longer passes the gate,,
2026-09-24 15:36:35,1790256995839,0x27f738fe203827445690339104aae35b20bc44b0,ic4cream,BUY,nfl-atl-gb-2026-09-25-spread-home-5pt5,Spread: Packers (-5.5),Falcons,0.51,7.0,3.57,83,skipped,wallet no longer passes the gate,,
2026-09-24 15:36:35,1790256995839,0x27f738fe203827445690339104aae35b20bc44b0,ic4cream,BUY,nfl-atl-gb-2026-09-25-spread-home-5pt5,Spread: Packers (-5.5),Falcons,0.51,50.0,25.5,36,skipped,wallet no longer passes the gate,,
2026-09-24 15:36:35,1790256995839,0x27f738fe203827445690339104aae35b20bc44b0,ic4cream,BUY,fif-uzb-irn-2026-09-24-irn,Will IR Iran win on 2026-09-24?,Yes,0.37,162.0,59.94,8,skipped,wallet no longer passes the gate,,
2026-09-24 15:36:35,1790256995839,0x27f738fe203827445690339104aae35b20bc44b0,ic4cream,BUY,fif-uzb-irn-2026-09-24-irn,Will IR Iran win on 2026-09-24?,Yes,0.37,56.0,20.72,3,skipped,wallet no longer passes the gate,,
2026-09-24 15:42:31,1790257351628,0x3dfb153c197d4c19d3b31c1ecd2c7b6860eeabaf,0x3DFb153c197D4C19D3B31c1ecD2c7B6860eeabAf-1722957908185,BUY,cfb-hawaii-wyom-2026-09-26-spread-away-2pt5,Spread: Hawai'i (-2.5),Wyoming,0.47,7.62,3.58,18,skipped,their trade is only 4 USD,,
2026-09-24 15:42:35,1790257355942,0x27f738fe203827445690339104aae35b20bc44b0,ic4cream,BUY,fif-uzb-irn-2026-09-24-irn,Will IR Iran win on 2026-09-24?,Yes,0.37,371.0,137.27,267,skipped,wallet no longer passes the gate,,
2026-09-24 15:42:35,1790257355943,0x27f738fe203827445690339104aae35b20bc44b0,ic4cream,BUY,nfl-atl-gb-2026-09-25-spread-home-5pt5,Spread: Packers (-5.5),Falcons,0.51,33.0,16.83,216,skipped,wallet no longer passes the gate,,
2026-09-24 15:42:35,1790257355943,0x27f738fe203827445690339104aae35b20bc44b0,ic4cream,BUY,nfl-atl-gb-2026-09-25-spread-home-5pt5,Spread: Packers (-5.5),Falcons,0.51,43.0,21.93,156,skipped,wallet no longer passes the gate,,
2026-09-24 15:48:32,1790257712252,0x16bb9951a36fce71e2ef57890b786145e0ba8492,0x16bb9951a36fce71e2ef57890b786145e0ba8492,BUY,mlb-hou-oak-2026-09-24,Houston Astros vs. Athletics,Houston Astros,0.61,9818.78,5989.46,78,skipped,max open copies reached,,
2026-09-24 15:48:35,1790257715821,0x27f738fe203827445690339104aae35b20bc44b0,ic4cream,BUY,fif-uzb-irn-2026-09-24-irn,Will IR Iran win on 2026-09-24?,Yes,0.38,71.0,26.98,270,skipped,wallet no longer passes the gate,,
2026-09-24 15:48:35,1790257715821,0x27f738fe203827445690339104aae35b20bc44b0,ic4cream,BUY,fif-uzb-irn-2026-09-24-irn,Will IR Iran win on 2026-09-24?,Yes,0.38,10.0,3.8,261,skipped,wallet no longer passes the gate,,
2026-09-24 15:48:35,1790257715821,0x27f738fe203827445690339104aae35b20bc44b0,ic4cream,BUY,fif-uzb-irn-2026-09-24-irn,Will IR Iran win on 2026-09-24?,Yes,0.38,5.0,1.9,153,skipped,wallet no longer passes the gate,,
2026-09-24 15:54:31,1790258071633,0x3dfb153c197d4c19d3b31c1ecd2c7b6860eeabaf,0x3DFb153c197D4C19D3B31c1ecD2c7B6860eeabAf-1722957908185,BUY,cfb-hawaii-wyom-2026-09-26-spread-away-2pt5,Spread: Hawai'i (-2.5),Wyoming,0.4700001537,1.886793,0.89,226,skipped,their trade is only 1 USD,,
2026-09-24 15:57:28,1790258248865,0x924379a79c64b77ad5816ad362122a5f6228658e,Kch-Temp,BUY,nfl-atl-gb-2026-09-25-spread-home-5pt5,Spread: Packers (-5.5),Packers,0.49,27613.94,13530.83,345,skipped,max open copies reached,,
2026-09-24 16:00:31,1790258431730,0x3dfb153c197d4c19d3b31c1ecd2c7b6860eeabaf,0x3DFb153c197D4C19D3B31c1ecD2c7B6860eeabAf-1722957908185,BUY,cfb-hawaii-wyom-2026-09-26-spread-away-3pt5,Spread: Hawai'i (-3.5),Wyoming,0.5500001575,2.222223,1.22,354,skipped,their trade is only 1 USD,,
2026-09-24 16:18:29,1790259509515,0xe015b5a2a299167be835a2fd1e86f09c49e06ffd,TAIWANNUMBERONE,BUY,lol-fly-sr-2026-09-25,LoL: FlyQuest vs Shopify Rebellion (BO5) - LCS Playoffs,FlyQuest,0.73,5.0,3.65,169,skipped,their trade is only 4 USD,,
2026-09-24 16:18:31,1790259511716,0x3dfb153c197d4c19d3b31c1ecd2c7b6860eeabaf,0x3DFb153c197D4C19D3B31c1ecD2c7B6860eeabAf-1722957908185,BUY,cfb-hawaii-wyom-2026-09-26-spread-away-3pt5,Spread: Hawai'i (-3.5),Wyoming,0.55,3968.0,2182.4,219,skipped,max open copies reached,,
2026-09-24 16:24:31,1790259871684,0x3dfb153c197d4c19d3b31c1ecd2c7b6860eeabaf,0x3DFb153c197D4C19D3B31c1ecD2c7B6860eeabAf-1722957908185,BUY,cfb-hawaii-wyom-2026-09-26-spread-away-3pt5,Spread: Hawai'i (-3.5),Wyoming,0.5500000027,36.577778,20.12,336,skipped,their trade is only 20 USD,,
2026-09-24 16:24:31,1790259871685,0x3dfb153c197d4c19d3b31c1ecd2c7b6860eeabaf,0x3DFb153c197D4C19D3B31c1ecD2c7B6860eeabAf-1722957908185,BUY,cfb-hawaii-wyom-2026-09-26-spread-away-3pt5,Spread: Hawai'i (-3.5),Wyoming,0.55,44.0,24.2,280,skipped,their trade is only 24 USD,,
2026-09-24 16:24:31,1790259871685,0x3dfb153c197d4c19d3b31c1ecd2c7b6860eeabaf,0x3DFb153c197D4C19D3B31c1ecD2c7B6860eeabAf-1722957908185,BUY,cfb-hawaii-wyom-2026-09-26-spread-away-2pt5,Spread: Hawai'i (-2.5),Wyoming,0.47,15.0,7.05,79,skipped,their trade is only 7 USD,,
2026-09-24 16:24:36,1790259876006,0x27f738fe203827445690339104aae35b20bc44b0,ic4cream,BUY,cfb-hawaii-wyom-2026-09-26-spread-away-3pt5,Spread: Hawai'i (-3.5),Hawaii,0.45,44.0,19.8,280,skipped,wallet no longer passes the gate,,
2026-09-24 16:24:36,1790259876007,0x27f738fe203827445690339104aae35b20bc44b0,ic4cream,BUY,cfb-hawaii-wyom-2026-09-26-spread-away-2pt5,Spread: Hawai'i (-2.5),Hawaii,0.53,15.0,7.95,79,skipped,wallet no longer passes the gate,,
2026-09-24 16:30:31,1790260231573,0x3dfb153c197d4c19d3b31c1ecd2c7b6860eeabaf,0x3DFb153c197D4C19D3B31c1ecD2c7B6860eeabAf-1722957908185,BUY,cfb-hawaii-wyom-2026-09-26-spread-away-3pt5,Spread: Hawai'i (-3.5),Wyoming,0.55,551.28,303.2,355,skipped,max open copies reached,,
2026-09-24 16:30:36,1790260236569,0x8c0b024c17831a0dde038547b7e791ae6a0d7aa5,THEHIGHLIFE,BUY,dota2-aur1-gl-2026-09-24-game2,Dota 2: Aurora vs GamerLegion - Game 2 Winner,GamerLegion,0.3500000006,153.846154,53.85,44,skipped,wallet no longer passes the gate,,
2026-09-24 16:30:36,1790260236569,0x8c0b024c17831a0dde038547b7e791ae6a0d7aa5,THEHIGHLIFE,BUY,dota2-aur1-gl-2026-09-24-game2,Dota 2: Aurora vs GamerLegion - Game 2 Winner,GamerLegion,0.35,67.37,23.58,44,skipped,wallet no longer passes the gate,,
2026-09-24 16:30:36,1790260236569,0x8c0b024c17831a0dde038547b7e791ae6a0d7aa5,THEHIGHLIFE,BUY,dota2-aur1-gl-2026-09-24-game2,Dota 2: Aurora vs GamerLegion - Game 2 Winner,GamerLegion,0.35,889.78,311.42,42,skipped,wallet no longer passes the gate,,
2026-09-24 16:35:35,1790260535792,0x8c0b024c17831a0dde038547b7e791ae6a0d7aa5,THEHIGHLIFE,BUY,dota2-aur1-gl-2026-09-24-game2,Dota 2: Aurora vs GamerLegion - Game 2 Winner,GamerLegion,0.42,1111.0,466.62,254,skipped,wallet no longer passes the gate,,
2026-09-24 16:35:35,1790260535792,0x8c0b024c17831a0dde038547b7e791ae6a0d7aa5,THEHIGHLIFE,BUY,dota2-aur1-gl-2026-09-24-game2,Dota 2: Aurora vs GamerLegion - Game 2 Winner,GamerLegion,0.4,1111.0,444.4,222,skipped,wallet no longer passes the gate,,
2026-09-24 16:35:35,1790260535793,0x8c0b024c17831a0dde038547b7e791ae6a0d7aa5,THEHIGHLIFE,BUY,dota2-aur1-gl-2026-09-24-game2,Dota 2: Aurora vs GamerLegion - Game 2 Winner,GamerLegion,0.47,23.6,11.09,128,skipped,wallet no longer passes the gate,,
2026-09-24 16:35:35,1790260535793,0x8c0b024c17831a0dde038547b7e791ae6a0d7aa5,THEHIGHLIFE,BUY,dota2-aur1-gl-2026-09-24-game2,Dota 2: Aurora vs GamerLegion - Game 2 Winner,GamerLegion,0.4999083393,1090.98,545.39,96,skipped,wallet no longer passes the gate,,
2026-09-24 16:35:35,1790260535793,0x8c0b024c17831a0dde038547b7e791ae6a0d7aa5,THEHIGHLIFE,BUY,dota2-aur1-gl-2026-09-24-game2,Dota 2: Aurora vs GamerLegion - Game 2 Winner,GamerLegion,0.5,43.9,21.95,96,skipped,wallet no longer passes the gate,,
2026-09-24 16:35:35,1790260535793,0x8c0b024c17831a0dde038547b7e791ae6a0d7aa5,THEHIGHLIFE,BUY,dota2-aur1-gl-2026-09-24-game2,Dota 2: Aurora vs GamerLegion - Game 2 Winner,GamerLegion,0.4800000001,1626.034808,780.5,87,skipped,wallet no longer passes the gate,,
2026-09-24 16:35:35,1790260535794,0x8c0b024c17831a0dde038547b7e791ae6a0d7aa5,THEHIGHLIFE,BUY,dota2-aur1-gl-2026-09-24-game2,Dota 2: Aurora vs GamerLegion - Game 2 Winner,GamerLegion,0.4995378466,3402.55,1699.7,86,skipped,wallet no longer passes the gate,,
2026-09-24 16:35:35,1790260535794,0x8c0b024c17831a0dde038547b7e791ae6a0d7aa5,THEHIGHLIFE,BUY,dota2-aur1-gl-2026-09-24-game2,Dota 2: Aurora vs GamerLegion - Game 2 Winner,GamerLegion,0.5,1553.32,776.66,75,skipped,wallet no longer passes the gate,,
2026-09-24 16:35:35,1790260535794,0x8c0b024c17831a0dde038547b7e791ae6a0d7aa5,THEHIGHLIFE,BUY,dota2-aur1-gl-2026-09-24-game2,Dota 2: Aurora vs GamerLegion - Game 2 Winner,GamerLegion,0.5400000156,16.679131,9.01,12,skipped,wallet no longer passes the gate,,
2026-09-24 16:41:35,1790260895721,0x8c0b024c17831a0dde038547b7e791ae6a0d7aa5,THEHIGHLIFE,BUY,dota2-aur1-gl-2026-09-24-game2,Dota 2: Aurora vs GamerLegion - Game 2 Winner,GamerLegion,0.46,705.0,324.3,281,skipped,wallet no longer passes the gate,,
2026-09-24 16:41:35,1790260895721,0x8c0b024c17831a0dde038547b7e791ae6a0d7aa5,THEHIGHLIFE,BUY,dota2-aur1-gl-2026-09-24-game2,Dota 2: Aurora vs GamerLegion - Game 2 Winner,GamerLegion,0.47,723.2,339.9,278,skipped,wallet no longer passes the gate,,
2026-09-24 16:41:35,1790260895722,0x8c0b024c17831a0dde038547b7e791ae6a0d7aa5,THEHIGHLIFE,BUY,dota2-aur1-gl-2026-09-24-game2,Dota 2: Aurora vs GamerLegion - Game 2 Winner,GamerLegion,0.4377579274,218.86,95.81,260,skipped,wallet no longer passes the gate,,
2026-09-24 16:41:35,1790260895722,0x8c0b024c17831a0dde038547b7e791ae6a0d7aa5,THEHIGHLIFE,BUY,dota2-aur1-gl-2026-09-24-game2,Dota 2: Aurora vs GamerLegion - Game 2 Winner,GamerLegion,0.4190320707,929.82,389.62,206,skipped,wallet no longer passes the gate,,
2026-09-24 16:41:35,1790260895722,0x8c0b024c17831a0dde038547b7e791ae6a0d7aa5,THEHIGHLIFE,BUY,dota2-aur1-gl-2026-09-24-game2,Dota 2: Aurora vs GamerLegion - Game 2 Winner,GamerLegion,0.42,181.18,76.1,203,skipped,wallet no longer passes the gate,,
2026-09-24 16:41:35,1790260895723,0x8c0b024c17831a0dde038547b7e791ae6a0d7aa5,THEHIGHLIFE,BUY,dota2-aur1-gl-2026-09-24-game2,Dota 2: Aurora vs GamerLegion - Game 2 Winner,GamerLegion,0.3100000004,250.18029,77.56,110,skipped,wallet no longer passes the gate,,
2026-09-24 16:41:35,1790260895723,0x8c0b024c17831a0dde038547b7e791ae6a0d7aa5,THEHIGHLIFE,BUY,dota2-aur1-gl-2026-09-24-game2,Dota 2: Aurora vs GamerLegion - Game 2 Winner,GamerLegion,0.31,10.98,3.4,105,skipped,wallet no longer passes the gate,,
2026-09-24 16:41:35,1790260895723,0x8c0b024c17831a0dde038547b7e791ae6a0d7aa5,THEHIGHLIFE,BUY,dota2-aur1-gl-2026-09-24-game2,Dota 2: Aurora vs GamerLegion - Game 2 Winner,GamerLegion,0.3100000104,26.971012,8.36,104,skipped,wallet no longer passes the gate,,
2026-09-24 16:41:35,1790260895723,0x8c0b024c17831a0dde038547b7e791ae6a0d7aa5,THEHIGHLIFE,BUY,dota2-aur1-gl-2026-09-24-game2,Dota 2: Aurora vs GamerLegion - Game 2 Winner,GamerLegion,0.3000000003,591.547856,177.46,102,skipped,wallet no longer passes the gate,,
2026-09-24 16:41:35,1790260895723,0x8c0b024c17831a0dde038547b7e791ae6a0d7aa5,THEHIGHLIFE,BUY,dota2-aur1-gl-2026-09-24-game2,Dota 2: Aurora vs GamerLegion - Game 2 Winner,GamerLegion,0.31,822.85,255.08,102,skipped,wallet no longer passes the gate,,
2026-09-24 16:41:35,1790260895724,0x8c0b024c17831a0dde038547b7e791ae6a0d7aa5,THEHIGHLIFE,BUY,dota2-aur1-gl-2026-09-24-game2,Dota 2: Aurora vs GamerLegion - Game 2 Winner,GamerLegion,0.3000000003,319.067143,95.72,93,skipped,wallet no longer passes the gate,,
2026-09-24 16:41:35,1790260895724,0x8c0b024c17831a0dde038547b7e791ae6a0d7aa5,THEHIGHLIFE,BUY,dota2-aur1-gl-2026-09-24-game2,Dota 2: Aurora vs GamerLegion - Game 2 Winner,GamerLegion,0.3,200.38,60.11,92,skipped,wallet no longer passes the gate,,
