time,ms,coin,round,side,from_ask,to_ask,drop_pct,t_left,sum_at_dip,min_sum,outcome,hedge_after_s,shares,cost,proceeds,pnl
2026-09-22 23:36:56,1790113016761,btc,1790112600,Down,0.64,0.35,45.3,484,1.07,0.91,hedged,44.9,20.0,18.8691,20.0,1.1309
2026-09-22 23:36:56,1790113016762,eth,1790112600,Down,0.85,0.44,48.2,484,1.11,0.97,stopped,65.0,20.0,9.3465,8.455,-0.8915
2026-09-22 23:38:11,1790113091659,btc,1790112600,Up,0.54,0.42,22.2,409,1.03,0.89,hedged,50.0,20.0,18.4909,20.0,1.5091
2026-09-22 23:38:06,1790113086707,eth,1790112600,Up,0.55,0.43,21.8,414,1.03,0.92,hedged,55.0,20.0,19.0944,20.0,0.9056
2026-09-22 23:40:06,1790113206384,btc,1790112600,Up,0.52,0.43,17.3,295,1.03,1.01,stopped,60.0,20.0,9.145,4.3521,-4.7929
2026-09-22 23:40:06,1790113206386,eth,1790112600,Up,0.5,0.34,32.0,295,1.03,1.03,stopped,60.0,20.0,7.3185,3.0118,-4.3067
2026-09-22 23:41:56,1790113316437,eth,1790112600,Up,0.13,0.1,23.1,185,1.03,1.02,stopped,65.0,20.0,2.3371,0.9335,-1.4036
2026-09-22 23:42:26,1790113346420,btc,1790112600,Up,0.18,0.11,38.9,155,1.03,1.02,stopped,60.0,20.0,2.5478,0.7462,-1.8016
2026-09-22 23:43:31,1790113411439,btc,1790112600,Up,0.06,0.03,50.0,90,1.03,1.03,held_to_resolution,,20.0,0.8538,,
2026-09-22 23:43:16,1790113396401,eth,1790112600,Up,0.08,0.06,25.0,105,1.03,1.03,held_to_resolution,,20.0,1.4911,,
2026-09-22 23:45:16,1790113516415,eth,1790113500,Down,0.54,0.44,18.5,885,1.03,1.0,stopped,65.0,20.0,9.3465,5.3178,-4.0287
2026-09-22 23:46:16,1790113576404,btc,1790113500,Down,0.4,0.28,30.0,825,1.03,1.02,stopped,60.0,20.0,6.0883,3.9677,-2.1205
2026-09-22 23:46:56,1790113616626,eth,1790113500,Down,0.36,0.29,19.4,785,1.03,1.03,stopped,64.8,20.0,6.294,4.5446,-1.7494
2026-09-22 23:48:41,1790113721440,btc,1790113500,Down,0.19,0.16,15.8,680,1.03,1.01,stopped,65.0,20.0,3.5975,2.8215,-0.776
2026-09-22 23:49:36,1790113776452,eth,1790113500,Down,0.25,0.21,16.0,625,1.04,0.99,stopped,60.0,20.0,4.6402,2.4417,-2.1986
2026-09-22 23:49:51,1790113791437,btc,1790113500,Down,0.17,0.14,17.6,609,1.03,1.02,stopped,60.0,20.0,3.1785,2.0629,-1.1156
2026-09-22 23:51:01,1790113861460,eth,1790113500,Down,0.18,0.14,22.2,539,1.03,1.03,stopped,60.0,20.0,3.1785,1.6853,-1.4932
2026-09-22 23:51:11,1790113871433,btc,1790113500,Down,0.13,0.11,15.4,529,1.03,1.03,stopped,60.1,20.0,2.5478,1.3089,-1.239
2026-09-22 23:52:16,1790113936486,eth,1790113500,Down,0.11,0.09,18.2,464,1.04,0.86,hedged,35.0,20.0,17.7739,20.0,2.2261
2026-09-22 23:53:21,1790114001462,eth,1790113500,Down,0.4,0.3,25.0,399,1.03,0.96,stopped,65.0,20.0,6.4995,4.1598,-2.3397
2026-09-22 23:53:56,1790114036457,btc,1790113500,Down,0.34,0.26,23.5,364,1.03,1.0,stopped,65.5,20.0,5.6759,3.9677,-1.7082
2026-09-22 23:55:06,1790114106449,eth,1790113500,Down,0.3,0.23,23.3,294,1.03,1.03,stopped,65.0,20.0,5.0554,0.7462,-4.3091
2026-09-22 23:56:06,1790114166433,btc,1790113500,Down,0.18,0.08,55.6,234,1.03,1.03,stopped,60.1,20.0,1.9147,0.3726,-1.5421
2026-09-22 23:57:06,1790114226486,eth,1790113500,Down,0.05,0.03,40.0,174,1.03,0.76,stopped,65.0,20.0,0.8538,1.3089,0.4551
2026-09-22 23:57:56,1790114276450,btc,1790113500,Down,0.2,0.16,20.0,124,1.03,0.73,hedged,50.0,20.0,15.1425,20.0,4.8575
2026-09-22 23:59:06,1790114346491,eth,1790113500,Down,0.24,0.17,29.2,54,1.04,0.86,hedged,35.3,20.0,18.6826,20.0,1.3174
2026-09-22 23:58:51,1790114331465,btc,1790113500,Up,0.75,0.55,26.7,69,1.03,1.03,held_to_resolution,,20.0,11.545,,
2026-09-22 23:59:46,1790114386473,eth,1790113500,Up,0.75,0.53,29.3,14,1.03,1.0,held_to_resolution,,20.0,11.1478,,
2026-09-23 00:00:21,1790114421457,btc,1790114400,Down,0.48,0.32,33.3,879,1.03,1.02,stopped,60.0,20.0,6.9095,4.3521,-2.5575
2026-09-23 00:00:21,1790114421459,eth,1790114400,Down,0.54,0.35,35.2,879,1.03,1.0,stopped,60.0,20.0,7.5226,5.9005,-1.622
2026-09-23 00:02:06,1790114526476,eth,1790114400,Up,0.59,0.47,20.3,774,1.03,1.03,stopped,60.0,20.0,9.9494,3.5845,-6.3649
2026-09-23 00:02:46,1790114566492,btc,1790114400,Up,0.5,0.39,22.0,734,1.03,0.97,stopped,65.0,20.0,8.336,8.2569,-0.0791
2026-09-23 00:03:41,1790114621477,eth,1790114400,Up,0.32,0.27,15.6,679,1.03,0.96,stopped,60.0,20.0,5.8822,2.2522,-3.6301
2026-09-23 00:04:31,1790114671508,btc,1790114400,Up,0.46,0.32,30.4,629,1.03,0.96,stopped,60.0,20.0,6.9095,7.0737,0.1641
2026-09-23 00:07:11,1790114831499,btc,1790114400,Up,0.46,0.33,28.3,469,1.03,1.02,stopped,65.0,20.0,7.1142,3.0118,-4.1023
2026-09-23 00:07:11,1790114831501,eth,1790114400,Up,0.34,0.2,41.2,469,1.03,1.02,stopped,65.0,20.0,4.4323,1.874,-2.5583
2026-09-23 00:09:11,1790114951545,btc,1790114400,Down,0.73,0.59,19.2,349,1.03,0.89,hedged,20.0,20.0,18.4243,20.0,1.5757
2026-09-23 00:09:21,1790114961507,eth,1790114400,Up,0.25,0.17,32.0,339,1.03,1.03,stopped,65.0,20.0,3.8066,0.1861,-3.6205
2026-09-23 00:09:36,1790114976515,btc,1790114400,Up,0.34,0.26,23.5,324,1.03,1.03,stopped,60.1,20.0,5.6759,2.0629,-3.613
2026-09-23 00:10:41,1790115041532,btc,1790114400,Up,0.14,0.09,35.7,259,1.03,0.99,stopped,65.0,20.0,2.126,0.5593,-1.5667
2026-09-23 00:11:51,1790115111519,btc,1790114400,Up,0.05,0.04,20.0,189,1.03,1.02,stopped,125.0,20.0,1.0665,0.1861,-0.8804
2026-09-23 00:15:41,1790115341531,btc,1790115300,Down,0.46,0.37,19.6,859,1.03,0.96,stopped,60.0,20.0,7.9298,6.2905,-1.6394
2026-09-23 00:15:41,1790115341533,eth,1790115300,Down,0.45,0.34,24.4,859,1.03,0.99,stopped,60.0,20.0,7.3185,6.0954,-1.2231
2026-09-23 00:17:41,1790115461549,btc,1790115300,Down,0.26,0.21,19.2,739,1.03,0.96,stopped,65.0,20.0,4.6402,3.3934,-1.2469
2026-09-23 00:17:41,1790115461550,eth,1790115300,Down,0.23,0.19,17.4,739,1.03,0.92,stopped,65.0,20.0,4.224,1.874,-2.35
2026-09-23 00:19:01,1790115541560,eth,1790115300,Down,0.13,0.11,15.4,659,1.04,0.99,stopped,61.0,20.0,2.5478,1.121,-1.4268
2026-09-23 00:19:46,1790115586549,btc,1790115300,Down,0.18,0.11,38.9,614,1.03,1.03,stopped,60.0,20.0,2.5478,1.497,-1.0509
2026-09-23 00:20:16,1790115616546,eth,1790115300,Down,0.08,0.06,25.0,584,1.03,1.02,stopped,60.0,20.0,1.4911,0.9335,-0.5576
2026-09-23 00:21:26,1790115686548,btc,1790115300,Down,0.12,0.1,16.7,514,1.03,1.03,stopped,65.0,20.0,2.3371,0.7462,-1.5908
2026-09-23 00:21:56,1790115716560,eth,1790115300,Down,0.06,0.05,16.7,484,1.03,1.02,stopped,60.0,20.0,1.279,0.1861,-1.0928
2026-09-23 00:23:01,1790115781575,btc,1790115300,Down,0.06,0.05,16.7,419,1.03,0.99,stopped,60.0,20.0,1.279,1.121,-0.1579
2026-09-23 00:24:06,1790115846579,btc,1790115300,Down,0.08,0.06,25.0,354,1.03,0.98,stopped,65.0,20.0,1.4911,0.5593,-0.9319
2026-09-23 00:25:16,1790115916567,btc,1790115300,Down,0.05,0.04,20.0,284,1.03,1.03,stopped,60.0,20.0,1.0665,0.1861,-0.8804
2026-09-23 00:32:21,1790116341599,btc,1790116200,Down,0.45,0.38,15.6,759,1.03,0.95,stopped,60.0,20.0,8.1331,6.6815,-1.4516
2026-09-23 00:32:21,1790116341601,eth,1790116200,Down,0.39,0.29,25.6,759,1.03,0.98,stopped,60.0,20.0,6.294,4.1598,-2.1342
2026-09-23 00:35:11,1790116511610,btc,1790116200,Down,0.32,0.24,25.0,589,1.03,1.01,stopped,60.1,20.0,5.2625,4.3521,-0.9104
2026-09-23 00:35:11,1790116511611,eth,1790116200,Down,0.14,0.1,28.6,589,1.03,1.03,stopped,60.1,20.0,2.3371,0.9335,-1.4036
2026-09-23 00:36:51,1790116611614,btc,1790116200,Down,0.37,0.29,21.6,489,1.03,0.95,stopped,60.0,20.0,6.294,6.6815,0.3875
2026-09-23 00:36:51,1790116611616,eth,1790116200,Down,0.12,0.08,33.3,489,1.03,1.01,stopped,60.0,20.0,1.9147,1.121,-0.7936
2026-09-23 00:38:06,1790116686599,btc,1790116200,Up,0.67,0.53,20.9,414,1.03,0.91,hedged,10.5,20.0,18.8741,20.0,1.1259
2026-09-23 00:38:21,1790116701625,btc,1790116200,Down,0.48,0.34,29.2,399,1.03,1.0,stopped,60.0,20.0,7.3185,4.7375,-2.581
2026-09-23 00:38:21,1790116701627,eth,1790116200,Down,0.1,0.05,50.0,399,1.04,1.03,stopped,60.0,20.0,1.279,0.1861,-1.0928
2026-09-23 00:39:26,1790116766625,btc,1790116200,Down,0.34,0.27,20.6,334,1.03,1.03,stopped,65.0,20.0,5.8822,2.2522,-3.6301
2026-09-23 00:40:46,1790116846612,btc,1790116200,Down,0.15,0.12,20.0,254,1.03,1.03,stopped,60.0,20.0,2.7583,0.3726,-2.3858
2026-09-23 00:41:51,1790116911614,btc,1790116200,Down,0.05,0.04,20.0,189,1.03,1.03,stopped,60.0,20.0,1.0665,0.1861,-0.8804
2026-09-23 00:43:26,1790117006619,btc,1790116200,Down,0.06,0.04,33.3,94,1.03,1.03,held_to_resolution,,20.0,1.0665,,
2026-09-23 00:46:26,1790117186643,btc,1790117100,Down,0.46,0.38,17.4,814,1.03,1.03,stopped,60.0,20.0,8.1331,4.9306,-3.2024
2026-09-23 00:54:16,1790117656645,btc,1790117100,Up,0.39,0.29,25.6,344,1.03,1.02,stopped,65.0,20.0,6.294,4.7375,-1.5565
2026-09-23 00:57:26,1790117846649,btc,1790117100,Up,0.22,0.17,22.7,154,1.03,1.03,stopped,60.1,20.0,3.8066,0.5593,-3.2474
2026-09-23 00:58:21,1790117901668,eth,1790117100,Up,0.05,0.04,20.0,99,1.03,1.02,held_to_resolution,,20.0,1.0665,,
2026-09-23 01:31:04,1790119864430,btc,1790119800,Down,0.46,0.39,15.2,836,1.03,0.88,hedged,25.0,20.0,18.2854,20.0,1.7146
2026-09-23 01:31:04,1790119864432,eth,1790119800,Down,0.49,0.41,16.3,836,1.03,0.9,hedged,25.0,20.0,18.6905,20.0,1.3095
2026-09-23 01:31:34,1790119894452,btc,1790119800,Up,0.65,0.46,29.2,806,1.03,1.03,stopped,60.0,20.0,9.7487,6.8774,-2.8713
2026-09-23 01:31:34,1790119894453,eth,1790119800,Up,0.62,0.41,33.9,806,1.03,1.03,stopped,60.0,20.0,8.741,5.3178,-3.4233
2026-09-23 01:33:19,1790119999459,eth,1790119800,Up,0.23,0.16,30.4,701,1.03,0.86,hedged,55.1,20.0,17.697,20.0,2.303
2026-09-23 01:33:59,1790120039446,btc,1790119800,Down,0.76,0.63,17.1,661,1.03,1.01,stopped,60.1,20.0,13.1226,9.2506,-3.872
2026-09-23 01:34:19,1790120059505,eth,1790119800,Down,0.81,0.68,16.0,641,1.03,1.0,stopped,65.0,20.0,14.0995,12.8858,-1.2136
2026-09-23 01:35:29,1790120129583,btc,1790119800,Up,0.56,0.44,21.4,571,1.03,1.01,stopped,65.1,20.0,9.3465,7.2702,-2.0763
2026-09-23 01:35:29,1790120129584,eth,1790119800,Up,0.33,0.27,18.2,571,1.03,1.03,stopped,65.1,20.0,5.8822,2.6314,-3.2508
2026-09-23 01:37:04,1790120224461,eth,1790119800,Up,0.16,0.13,18.8,476,1.03,1.03,stopped,60.0,20.0,2.9686,0.9335,-2.0351
2026-09-23 01:37:49,1790120269466,btc,1790119800,Up,0.26,0.19,26.9,431,1.03,0.96,stopped,60.0,20.0,4.224,3.5845,-0.6395
2026-09-23 01:38:49,1790120329477,eth,1790119800,Up,0.08,0.06,25.0,371,1.03,1.01,stopped,60.0,20.0,1.4911,0.3726,-1.1186
2026-09-23 01:38:54,1790120334460,btc,1790119800,Up,0.21,0.17,19.0,366,1.03,0.96,stopped,60.0,20.0,3.8066,2.0629,-1.7437
2026-09-23 01:40:04,1790120404473,btc,1790119800,Up,0.13,0.11,15.4,296,1.03,0.96,stopped,65.0,20.0,2.5478,2.2522,-0.2957
2026-09-23 01:41:14,1790120474498,btc,1790119800,Up,0.17,0.12,29.4,226,1.03,1.03,stopped,60.0,20.0,2.7583,0.3726,-2.3858
2026-09-23 01:42:19,1790120539475,btc,1790119800,Up,0.05,0.04,20.0,161,1.03,1.01,stopped,75.0,20.0,1.0665,0.7462,-0.3203
2026-09-23 01:45:14,1790120714519,btc,1790120700,Down,0.4,0.34,15.0,886,1.03,1.0,stopped,65.0,20.0,7.3185,6.6815,-0.637
2026-09-23 01:46:59,1790120819525,eth,1790120700,Down,0.34,0.27,20.6,781,1.03,0.94,stopped,65.0,20.0,5.8822,4.9306,-0.9516
2026-09-23 01:47:29,1790120849553,btc,1790120700,Down,0.32,0.26,18.8,751,1.03,0.94,stopped,64.9,20.0,5.6759,4.5446,-1.1313
2026-09-23 01:49:14,1790120954529,btc,1790120700,Down,0.33,0.28,15.2,646,1.03,0.76,hedged,10.0,20.0,15.837,20.0,4.163
2026-09-23 01:49:24,1790120964523,eth,1790120700,Up,0.76,0.49,35.5,636,1.03,0.96,stopped,65.0,20.0,10.35,10.2513,-0.0987
2026-09-23 01:50:09,1790121009533,btc,1790120700,Up,0.56,0.47,16.1,591,1.03,0.92,hedged,25.0,20.0,19.0944,20.0,0.9056
2026-09-23 01:50:39,1790121039531,btc,1790120700,Down,0.5,0.4,20.0,561,1.03,0.92,hedged,35.0,20.0,19.0885,20.0,0.9115
2026-09-23 01:50:34,1790121034537,eth,1790120700,Down,0.46,0.36,21.7,566,1.03,0.87,hedged,50.0,20.0,18.0763,20.0,1.9237
2026-09-23 01:51:34,1790121094504,btc,1790120700,Down,0.55,0.36,34.5,506,1.03,1.03,stopped,60.0,20.0,7.7263,4.1598,-3.5666
2026-09-23 01:51:34,1790121094505,eth,1790120700,Down,0.52,0.37,28.8,506,1.03,1.02,stopped,60.0,20.0,7.9298,3.776,-4.1538
2026-09-23 01:53:59,1790121239526,eth,1790120700,Down,0.35,0.28,20.0,361,1.03,0.92,hedged,35.0,20.0,19.0146,20.0,0.9854
2026-09-23 01:53:54,1790121234516,btc,1790120700,Down,0.36,0.3,16.7,366,1.03,0.94,stopped,65.0,20.0,6.4995,4.9306,-1.5688
2026-09-23 01:54:59,1790121299523,eth,1790120700,Down,0.41,0.28,31.7,301,1.04,0.86,hedged,15.2,20.0,18.0293,20.0,1.9707
2026-09-23 01:55:24,1790121324576,btc,1790120700,Down,0.31,0.25,19.4,276,1.03,0.86,hedged,35.0,20.0,17.8054,20.0,2.1946
2026-09-23 01:55:29,1790121329549,eth,1790120700,Down,0.53,0.43,18.9,271,1.03,0.87,hedged,30.0,20.0,18.0881,20.0,1.9119
2026-09-23 01:56:59,1790121419558,btc,1790120700,Down,0.28,0.21,25.0,181,1.03,1.02,stopped,65.0,20.0,4.6402,1.3089,-3.3314
2026-09-23 01:57:34,1790121454558,eth,1790120700,Down,0.37,0.31,16.2,146,1.03,0.95,stopped,65.0,20.0,6.7046,5.5117,-1.1929
2026-09-23 01:58:39,1790121519566,btc,1790120700,Down,0.06,0.05,16.7,81,1.03,1.03,held_to_resolution,,20.0,1.279,,
2026-09-23 01:58:54,1790121534499,eth,1790120700,Down,0.28,0.15,46.4,66,1.03,1.03,held_to_resolution,,20.0,3.3882,,
2026-09-23 02:00:14,1790121614548,btc,1790121600,Up,0.51,0.42,17.6,886,1.03,0.98,stopped,60.0,20.0,8.9431,6.6815,-2.2616
2026-09-23 02:00:10,1790121610047,eth,1790121600,Up,0.53,0.43,18.9,891,1.03,1.03,stopped,64.5,20.0,9.145,5.1241,-4.0209
2026-09-23 02:03:29,1790121809536,btc,1790121600,Down,0.41,0.34,17.1,691,1.03,0.95,stopped,60.0,20.0,7.3185,7.664,0.3455
2026-09-23 02:03:29,1790121809537,eth,1790121600,Down,0.53,0.44,17.0,691,1.03,0.92,hedged,60.0,20.0,19.0952,20.0,0.9048
2026-09-23 02:05:04,1790121904588,eth,1790121600,Up,0.37,0.29,21.6,596,1.03,0.9,hedged,40.0,20.0,18.63,20.0,1.37
2026-09-23 02:05:04,1790121904586,btc,1790121600,Up,0.52,0.43,17.3,596,1.03,1.02,stopped,60.0,20.0,9.145,6.0954,-3.0496
2026-09-23 02:06:24,1790121984567,btc,1790121600,Down,0.61,0.42,31.1,516,1.03,0.82,hedged,55.1,20.0,17.0762,20.0,2.9238
2026-09-23 02:06:24,1790121984569,eth,1790121600,Down,0.61,0.47,23.0,516,1.03,0.82,hedged,60.0,20.0,18.0825,20.0,1.9175
2026-09-23 02:07:34,1790122054595,eth,1790121600,Up,0.38,0.31,18.4,446,1.05,0.9,hedged,40.0,20.0,18.6457,20.0,1.3543
2026-09-23 02:07:24,1790122044603,btc,1790121600,Up,0.57,0.4,29.8,456,1.03,0.89,hedged,60.0,20.0,18.4881,20.0,1.5119
2026-09-23 02:09:04,1790122144586,eth,1790121600,Up,0.47,0.37,21.3,356,1.03,0.88,stopped,60.2,20.0,7.9298,7.4669,-0.4629
2026-09-23 02:09:29,1790122169573,btc,1790121600,Down,0.53,0.45,15.1,331,1.03,1.03,stopped,60.0,20.0,9.5478,5.706,-3.8418
2026-09-23 02:11:09,1790122269600,btc,1790121600,Down,0.25,0.2,20.0,231,1.03,1.01,stopped,60.0,20.0,4.4323,0.5593,-3.873
2026-09-23 02:11:09,1790122269601,eth,1790121600,Down,0.65,0.51,21.5,231,1.03,0.99,stopped,60.0,20.0,10.7494,1.6853,-9.0641
2026-09-23 02:12:19,1790122339610,eth,1790121600,Down,0.11,0.08,27.3,161,1.03,1.03,stopped,65.0,20.0,1.9147,0.1861,-1.7285
2026-09-23 02:12:24,1790122344611,btc,1790121600,Down,0.05,0.04,20.0,156,1.03,1.02,held_to_resolution,,20.0,1.0665,,
2026-09-23 02:16:34,1790122594577,eth,1790122500,Up,0.46,0.39,15.2,806,1.03,0.91,hedged,15.0,20.0,18.8859,20.0,1.1141
2026-09-23 02:18:14,1790122694594,btc,1790122500,Down,0.45,0.37,17.8,706,1.03,0.97,stopped,60.0,20.0,7.9298,4.5446,-3.3852
2026-09-23 02:19:49,1790122789675,eth,1790122500,Down,0.35,0.29,17.1,611,1.03,0.89,hedged,45.0,20.0,18.8271,20.0,1.1729
2026-09-23 02:19:39,1790122779639,btc,1790122500,Down,0.26,0.21,19.2,621,1.03,1.0,stopped,65.0,20.0,4.6402,4.1598,-0.4805
2026-09-23 02:21:14,1790122874602,eth,1790122500,Down,0.41,0.34,17.1,526,1.03,0.88,hedged,15.0,20.0,18.4663,20.0,1.5337
2026-09-23 02:21:14,1790122874600,btc,1790122500,Down,0.18,0.14,22.2,526,1.03,0.93,stopped,60.0,20.0,3.1785,3.2025,0.024
2026-09-23 02:21:55,1790122915120,eth,1790122500,Down,0.49,0.41,16.3,486,1.03,0.96,stopped,64.5,20.0,8.741,7.2702,-1.4709
2026-09-23 02:22:19,1790122939619,btc,1790122500,Down,0.19,0.15,21.1,461,1.03,1.01,stopped,60.0,20.0,3.3882,1.874,-1.5142
2026-09-23 02:23:04,1790122984666,eth,1790122500,Down,0.41,0.3,26.8,416,1.03,0.97,stopped,65.0,20.0,6.4995,5.9005,-0.5989
2026-09-23 02:23:54,1790123034626,btc,1790122500,Down,0.13,0.11,15.4,366,1.03,1.03,stopped,60.0,20.0,2.5478,0.5593,-1.9886
2026-09-23 02:24:14,1790123054659,eth,1790122500,Down,0.33,0.24,27.3,346,1.03,1.0,stopped,65.0,20.0,5.2625,3.776,-1.4865
2026-09-23 02:25:24,1790123124621,eth,1790122500,Down,0.27,0.22,18.5,276,1.03,0.9,hedged,20.0,20.0,18.5575,20.0,1.4425
2026-09-23 02:25:09,1790123109638,btc,1790122500,Down,0.06,0.05,16.7,291,1.03,1.01,stopped,60.0,20.0,1.279,0.5593,-0.7197
2026-09-23 02:26:34,1790123194639,eth,1790122500,Down,0.33,0.22,33.3,206,1.03,1.03,stopped,60.0,20.0,4.8479,1.6853,-3.1626
2026-09-23 02:27:44,1790123264714,eth,1790122500,Down,0.19,0.12,36.8,136,1.03,0.86,hedged,64.9,20.0,17.6343,20.0,2.3657
2026-09-23 02:26:19,1790123179633,btc,1790122500,Down,0.05,0.04,20.0,221,1.03,1.03,held_to_resolution,,20.0,1.0665,,
2026-09-23 02:28:54,1790123334683,eth,1790122500,Up,0.72,0.43,40.3,66,1.03,1.03,held_to_resolution,,20.0,9.145,,
2026-09-23 02:30:39,1790123439630,eth,1790123400,Down,0.45,0.37,17.8,861,1.03,1.03,stopped,60.0,20.0,7.9298,3.0118,-4.918
2026-09-23 02:30:44,1790123444674,btc,1790123400,Down,0.36,0.3,16.7,856,1.03,0.98,stopped,65.0,20.0,6.4995,5.3178,-1.1817
2026-09-23 02:32:54,1790123574646,btc,1790123400,Down,0.47,0.39,17.0,726,1.03,1.03,stopped,60.0,20.0,8.336,4.3521,-3.9839
2026-09-23 02:32:54,1790123574648,eth,1790123400,Down,0.33,0.21,36.4,726,1.03,1.03,stopped,60.0,20.0,4.6402,2.0629,-2.5773
2026-09-23 02:34:29,1790123669672,btc,1790123400,Down,0.3,0.24,20.0,631,1.03,1.0,stopped,60.0,20.0,5.2625,4.3521,-0.9104
2026-09-23 02:34:34,1790123674665,eth,1790123400,Down,0.12,0.08,33.3,626,1.03,1.02,stopped,65.0,20.0,1.9147,0.9335,-0.9812
2026-09-23 02:35:44,1790123744700,eth,1790123400,Down,0.09,0.07,22.2,556,1.04,1.0,stopped,65.0,20.0,1.703,0.5593,-1.1438
2026-09-23 02:36:39,1790123799702,btc,1790123400,Down,0.27,0.18,33.3,501,1.03,0.89,hedged,65.0,20.0,18.3095,20.0,1.6905
2026-09-23 02:37:59,1790123879650,eth,1790123400,Down,0.16,0.13,18.8,421,1.03,0.97,stopped,60.1,20.0,2.9686,2.2522,-0.7164
2026-09-23 02:38:29,1790123909689,btc,1790123400,Down,0.44,0.35,20.5,391,1.03,0.98,stopped,60.0,20.0,7.5226,3.2025,-4.3201
2026-09-23 02:39:34,1790123974678,btc,1790123400,Down,0.24,0.19,20.8,326,1.03,0.88,hedged,15.0,20.0,18.1286,20.0,1.8714
2026-09-23 02:39:04,1790123944694,eth,1790123400,Down,0.15,0.11,26.7,356,1.03,1.03,stopped,60.0,20.0,2.5478,1.3089,-1.239
2026-09-23 02:40:09,1790124009701,btc,1790123400,Down,0.38,0.27,28.9,291,1.03,1.03,stopped,60.0,20.0,5.8822,1.6853,-4.1969
2026-09-23 02:40:09,1790124009702,eth,1790123400,Down,0.11,0.08,27.3,291,1.03,1.03,stopped,60.0,20.0,1.9147,0.1861,-1.7285
2026-09-23 02:41:14,1790124074733,btc,1790123400,Down,0.11,0.09,18.2,226,1.03,1.03,stopped,65.0,20.0,2.126,1.121,-1.005
2026-09-23 02:43:19,1790124199701,btc,1790123400,Up,0.81,0.61,24.7,101,1.03,1.03,stopped,65.0,20.0,12.7298,1.121,-11.6088
2026-09-23 02:44:30,1790124270187,btc,1790123400,Up,0.08,0.04,50.0,31,1.03,1.02,held_to_resolution,,20.0,1.0665,,
2026-09-23 02:46:59,1790124419726,btc,1790124300,Down,0.4,0.34,15.0,781,1.03,0.96,stopped,65.0,20.0,7.3185,6.6815,-0.637
2026-09-23 02:46:59,1790124419727,eth,1790124300,Down,0.42,0.33,21.4,781,1.03,0.92,hedged,65.0,20.0,19.0552,20.0,0.9448
2026-09-23 02:48:29,1790124509698,btc,1790124300,Down,0.41,0.34,17.1,691,1.03,0.89,hedged,55.0,20.0,18.4663,20.0,1.5337
2026-09-23 02:49:29,1790124569735,eth,1790124300,Up,0.45,0.38,15.6,631,1.03,0.92,hedged,20.0,20.0,19.0818,20.0,0.9182
2026-09-23 02:49:54,1790124594705,btc,1790124300,Down,0.43,0.35,18.6,606,1.03,1.01,stopped,60.0,20.0,7.5226,4.3521,-3.1705
2026-09-23 02:49:54,1790124594707,eth,1790124300,Down,0.59,0.49,16.9,606,1.03,1.0,stopped,60.0,20.0,10.35,6.2905,-4.0595
2026-09-23 02:52:19,1790124739730,btc,1790124300,Down,0.33,0.23,30.3,461,1.04,0.95,stopped,60.0,20.0,5.0554,3.9677,-1.0876
2026-09-23 02:52:19,1790124739732,eth,1790124300,Down,0.4,0.3,25.0,461,1.03,0.97,stopped,60.0,20.0,6.4995,5.3178,-1.1817
2026-09-23 02:53:39,1790124819816,eth,1790124300,Down,0.33,0.28,15.2,381,1.04,0.93,stopped,65.0,20.0,6.0883,5.9005,-0.1877
2026-09-23 02:54:04,1790124844746,btc,1790124300,Down,0.29,0.23,20.7,356,1.03,0.88,hedged,60.0,20.0,18.1779,20.0,1.8221
2026-09-23 02:55:04,1790124904751,eth,1790124300,Up,0.65,0.53,18.5,296,1.03,0.89,hedged,30.0,20.0,18.4663,20.0,1.5337
2026-09-23 02:55:24,1790124924716,btc,1790124300,Down,0.38,0.31,18.4,276,1.03,0.99,stopped,60.1,20.0,6.7046,3.9677,-2.7369
2026-09-23 02:55:39,1790124939759,eth,1790124300,Down,0.34,0.21,38.2,261,1.03,0.94,stopped,65.0,20.0,4.6402,4.1598,-0.4805
2026-09-23 02:56:49,1790125009757,eth,1790124300,Down,0.25,0.21,16.0,191,1.03,0.92,hedged,25.0,20.0,18.9342,20.0,1.0658
2026-09-23 02:56:49,1790125009756,btc,1790124300,Down,0.27,0.21,22.2,191,1.03,0.9,hedged,30.0,20.0,18.5449,20.0,1.4551
2026-09-23 02:57:49,1790125069758,eth,1790124300,Down,0.37,0.31,16.2,131,1.03,0.83,hedged,30.0,20.0,18.0511,20.0,1.9489
2026-09-23 02:58:29,1790125109764,eth,1790124300,Up,0.54,0.37,31.5,91,1.03,0.9,hedged,10.0,20.0,18.6793,20.0,1.3207
2026-09-23 02:58:44,1790125124780,eth,1790124300,Down,0.65,0.53,18.5,76,1.04,0.84,hedged,10.0,20.0,17.4418,20.0,2.5582
2026-09-23 02:58:39,1790125119787,btc,1790124300,Down,0.43,0.32,25.6,81,1.03,0.73,hedged,25.0,20.0,15.2455,20.0,4.7545
2026-09-23 02:58:59,1790125139793,eth,1790124300,Up,0.46,0.35,23.9,61,1.04,0.73,hedged,15.0,20.0,15.2489,20.0,4.7511
2026-09-23 02:59:19,1790125159792,eth,1790124300,Up,0.43,0.35,18.6,41,1.03,0.83,hedged,10.4,20.0,17.2713,20.0,2.7287
2026-09-23 02:59:09,1790125149828,btc,1790124300,Down,0.62,0.14,77.4,51,1.03,1.03,held_to_resolution,,20.0,3.1785,,
2026-09-23 02:59:34,1790125174783,eth,1790124300,Up,0.37,0.26,29.7,26,1.03,1.03,held_to_resolution,,20.0,5.6759,,
2026-09-23 03:00:54,1790125254789,btc,1790125200,Down,0.52,0.37,28.8,846,1.03,0.98,stopped,60.4,20.0,7.9298,7.4669,-0.4629
2026-09-23 03:00:54,1790125254790,eth,1790125200,Down,0.5,0.36,28.0,846,1.03,0.95,stopped,60.4,20.0,7.7263,7.2702,-0.4562
2026-09-23 03:02:04,1790125324775,btc,1790125200,Down,0.41,0.28,31.7,776,1.03,1.03,stopped,60.0,20.0,6.0883,3.776,-2.3123
2026-09-23 03:02:04,1790125324777,eth,1790125200,Down,0.4,0.29,27.5,776,1.03,1.03,stopped,60.0,20.0,6.294,2.6314,-3.6626
2026-09-23 03:03:29,1790125409748,btc,1790125200,Down,0.19,0.15,21.1,691,1.03,0.98,stopped,60.0,20.0,3.3882,3.3934,0.0052
2026-09-23 03:03:59,1790125439800,eth,1790125200,Down,0.13,0.11,15.4,661,1.03,0.96,stopped,60.0,20.0,2.5478,2.8215,0.2737
2026-09-23 03:05:44,1790125544811,eth,1790125200,Down,0.2,0.14,30.0,556,1.03,1.03,stopped,65.0,20.0,3.1785,1.3089,-1.8696
2026-09-23 03:06:09,1790125569805,btc,1790125200,Down,0.19,0.16,15.8,531,1.03,1.01,stopped,65.0,20.0,3.5975,1.3089,-2.2887
2026-09-23 03:07:04,1790125624777,eth,1790125200,Down,0.09,0.05,44.4,476,1.04,1.04,stopped,60.0,20.0,1.279,0.1861,-1.0928
2026-09-23 03:07:29,1790125649787,btc,1790125200,Down,0.1,0.08,20.0,451,1.03,1.02,stopped,65.0,20.0,1.9147,1.3089,-0.6058
2026-09-23 03:10:39,1790125839792,btc,1790125200,Down,0.1,0.07,30.0,261,1.03,0.99,stopped,60.0,20.0,1.703,0.7462,-0.9568
2026-09-23 03:11:49,1790125909778,btc,1790125200,Down,0.06,0.02,66.7,191,1.03,1.02,stopped,115.0,20.0,0.6407,0.1861,-0.4546
2026-09-23 03:15:19,1790126119829,btc,1790126100,Up,0.45,0.38,15.6,881,1.03,0.96,stopped,60.0,20.0,8.1331,7.0737,-1.0594
2026-09-23 03:15:19,1790126119830,eth,1790126100,Up,0.44,0.37,15.9,881,1.03,0.95,stopped,60.0,20.0,7.9298,6.2905,-1.6394
2026-09-23 03:17:09,1790126229848,eth,1790126100,Up,0.31,0.26,16.1,771,1.03,0.92,hedged,35.0,20.0,18.9944,20.0,1.0056
2026-09-23 03:17:09,1790126229847,btc,1790126100,Up,0.35,0.26,25.7,771,1.03,0.9,hedged,60.0,20.0,18.6023,20.0,1.3977
2026-09-23 03:18:09,1790126289803,eth,1790126100,Down,0.68,0.56,17.6,711,1.03,0.97,stopped,60.0,20.0,11.7431,10.4522,-1.2909
2026-09-23 03:20:34,1790126434808,eth,1790126100,Up,0.51,0.41,19.6,566,1.03,0.98,stopped,60.1,20.0,8.741,6.2905,-2.4506
2026-09-23 03:21:59,1790126519858,eth,1790126100,Down,0.59,0.49,16.9,481,1.05,0.94,stopped,65.0,20.0,10.35,9.8501,-0.4999
2026-09-23 03:23:44,1790126624862,eth,1790126100,Up,0.44,0.35,20.5,376,1.04,1.04,stopped,60.0,20.0,7.5226,2.8215,-4.7011
2026-09-23 03:23:49,1790126629838,btc,1790126100,Up,0.38,0.27,28.9,371,1.03,0.99,stopped,60.0,20.0,5.8822,4.9306,-0.9516
2026-09-23 03:25:09,1790126709858,eth,1790126100,Up,0.25,0.16,36.0,291,1.03,1.02,stopped,60.0,20.0,3.5975,2.0629,-1.5346
2026-09-23 03:25:14,1790126714842,btc,1790126100,Up,0.31,0.21,32.3,286,1.03,1.03,stopped,60.0,20.0,4.6402,2.2522,-2.3881
2026-09-23 03:26:29,1790126789882,btc,1790126100,Up,0.13,0.11,15.4,211,1.03,0.96,stopped,65.0,20.0,2.5478,1.497,-1.0509
2026-09-23 03:26:44,1790126804930,eth,1790126100,Up,0.13,0.05,61.5,196,1.03,1.01,stopped,64.9,20.0,1.279,0.1861,-1.0928
2026-09-23 03:27:49,1790126869865,btc,1790126100,Up,0.12,0.09,25.0,131,1.03,1.03,held_to_resolution,,20.0,2.126,,
2026-09-23 03:31:49,1790127109867,eth,1790127000,Up,0.48,0.36,25.0,791,1.03,0.99,stopped,65.0,20.0,7.7263,4.3521,-3.3743
2026-09-23 03:34:29,1790127269865,btc,1790127000,Up,0.48,0.4,16.7,631,1.03,0.99,stopped,60.0,20.0,8.5387,4.9306,-3.608
2026-09-23 03:34:29,1790127269867,eth,1790127000,Up,0.31,0.22,29.0,631,1.03,0.95,stopped,60.0,20.0,4.8479,2.6314,-2.2165
2026-09-23 03:35:44,1790127344918,btc,1790127000,Up,0.28,0.23,17.9,556,1.03,1.03,stopped,65.0,20.0,5.0554,1.6853,-3.37
2026-09-23 03:35:44,1790127344920,eth,1790127000,Up,0.16,0.11,31.2,556,1.03,1.03,stopped,65.0,20.0,2.5478,0.1861,-2.3617
2026-09-23 03:36:59,1790127419906,btc,1790127000,Up,0.11,0.09,18.2,481,1.03,1.03,stopped,60.0,20.0,2.126,0.5593,-1.5667
2026-09-23 03:38:14,1790127494923,btc,1790127000,Up,0.05,0.04,20.0,406,1.03,0.97,stopped,65.0,20.0,1.0665,0.9335,-0.133
2026-09-23 03:39:24,1790127564878,btc,1790127000,Up,0.1,0.06,40.0,336,1.03,1.03,stopped,60.0,20.0,1.4911,0.1861,-1.305
2026-09-23 03:45:49,1790127949938,eth,1790127900,Up,0.45,0.38,15.6,851,1.03,1.02,stopped,60.0,20.0,8.1331,4.9306,-3.2024
2026-09-23 03:47:29,1790128049914,btc,1790127900,Up,0.44,0.36,18.2,751,1.03,0.99,stopped,60.0,20.0,7.7263,7.2702,-0.4562
2026-09-23 03:47:30,1790128050387,eth,1790127900,Up,0.34,0.28,17.6,751,1.03,1.02,stopped,64.6,20.0,6.0883,5.1241,-0.9642
2026-09-23 03:48:44,1790128124954,eth,1790127900,Up,0.29,0.24,17.2,676,1.03,0.92,hedged,10.1,20.0,18.972,20.0,1.028
2026-09-23 03:48:39,1790128119974,btc,1790127900,Up,0.39,0.33,15.4,681,1.03,0.9,hedged,60.1,20.0,18.6591,20.0,1.3409
2026-09-23 03:49:04,1790128144973,eth,1790127900,Up,0.33,0.28,15.2,656,1.03,1.0,stopped,65.0,20.0,6.0883,2.4417,-3.6466
2026-09-23 03:49:49,1790128189947,btc,1790127900,Up,0.46,0.37,19.6,611,1.03,0.97,stopped,60.0,20.0,7.9298,7.8613,-0.0685
2026-09-23 03:51:19,1790128279951,eth,1790127900,Up,0.27,0.21,22.2,521,1.03,0.98,stopped,65.0,20.0,4.6402,1.3089,-3.3314
2026-09-23 03:51:44,1790128304978,btc,1790127900,Up,0.37,0.29,21.6,496,1.03,1.01,stopped,60.0,20.0,6.294,3.776,-2.518
2026-09-23 03:52:39,1790128359980,eth,1790127900,Up,0.1,0.08,20.0,441,1.04,0.98,stopped,60.0,20.0,1.9147,0.7462,-1.1684
2026-09-23 03:53:59,1790128439936,btc,1790127900,Up,0.27,0.22,18.5,361,1.03,1.03,stopped,60.0,20.0,4.8479,2.2522,-2.5958
2026-09-23 03:53:59,1790128439937,eth,1790127900,Up,0.06,0.04,33.3,361,1.03,1.03,stopped,60.0,20.0,1.0665,0.1861,-0.8804
2026-09-23 03:55:04,1790128504951,btc,1790127900,Up,0.15,0.11,26.7,296,1.03,0.93,stopped,60.0,20.0,2.5478,3.2025,0.6546
2026-09-23 03:55:49,1790128549978,eth,1790127900,Up,0.06,0.049,18.3,251,1.029,0.899,stopped,60.0,20.0,1.2577,3.0118,1.7541
2026-09-23 03:56:55,1790128615434,eth,1790127900,Up,0.178,0.15,15.7,186,1.03,0.92,stopped,64.5,20.0,3.3882,3.2025,-0.1857
2026-09-23 03:58:40,1790128720008,btc,1790127900,Up,0.41,0.32,22.0,81,1.03,0.78,hedged,5.0,20.0,16.256,20.0,3.744
2026-09-23 03:58:54,1790128734973,btc,1790127900,Down,0.44,0.28,36.4,66,1.03,0.86,hedged,5.0,20.0,17.8314,20.0,2.1686
2026-09-23 03:59:09,1790128749976,btc,1790127900,Down,0.45,0.37,17.8,51,1.03,0.97,held_to_resolution,,20.0,7.9298,,
2026-09-23 03:58:30,1790128710000,eth,1790127900,Up,0.09,0.042,53.3,91,1.022,1.017,held_to_resolution,,20.0,1.109,,
2026-09-23 04:01:09,1790128869974,eth,1790128800,Up,0.58,0.46,20.7,831,1.03,1.03,stopped,60.0,20.0,9.7487,5.9005,-3.8482
2026-09-23 04:02:14,1790128934958,btc,1790128800,Up,0.52,0.43,17.3,766,1.03,0.87,hedged,60.0,20.0,18.0881,20.0,1.9119
2026-09-23 04:03:34,1790129014982,btc,1790128800,Up,0.57,0.47,17.5,686,1.03,0.91,hedged,60.0,20.0,18.8926,20.0,1.1074
2026-09-23 04:03:54,1790129034988,eth,1790128800,Up,0.36,0.3,16.7,666,1.03,0.9,stopped,60.0,20.0,6.4995,6.6815,0.182
2026-09-23 04:04:49,1790129089993,btc,1790128800,Down,0.48,0.4,16.7,611,1.03,0.91,hedged,45.0,20.0,18.8887,20.0,1.1113
2026-09-23 04:04:59,1790129099987,eth,1790128800,Up,0.41,0.34,17.1,601,1.03,1.03,stopped,65.0,20.0,7.3185,5.5117,-1.8068
2026-09-23 04:06:10,1790129170514,btc,1790128800,Down,0.43,0.34,20.9,531,1.03,0.91,hedged,24.5,20.0,18.8635,20.0,1.1365
2026-09-23 04:06:10,1790129170515,eth,1790128800,Down,0.7,0.59,15.7,531,1.05,0.92,hedged,24.5,20.0,19.0406,20.0,0.9594
2026-09-23 04:06:50,1790129210006,eth,1790128800,Up,0.3,0.25,16.7,491,1.03,1.03,stopped,60.0,20.0,5.4694,0.7462,-4.7231
2026-09-23 04:07:40,1790129260080,btc,1790128800,Up,0.48,0.3,37.5,441,1.03,0.89,hedged,39.9,20.0,18.4405,20.0,1.5595
2026-09-23 04:08:55,1790129335008,btc,1790128800,Down,0.47,0.38,19.1,366,1.03,0.93,stopped,60.0,20.0,8.1331,6.6815,-1.4516
2026-09-23 04:09:05,1790129345013,eth,1790128800,Up,0.43,0.31,27.9,356,1.03,0.98,stopped,65.0,20.0,6.7046,5.1241,-1.5806
2026-09-23 04:10:00,1790129400003,btc,1790128800,Down,0.41,0.34,17.1,301,1.03,0.82,hedged,40.0,20.0,17.0672,20.0,2.9328
2026-09-23 04:10:45,1790129445036,btc,1790128800,Up,0.64,0.46,28.1,256,1.03,0.83,hedged,40.0,20.0,17.2713,20.0,2.7287
2026-09-23 04:11:29,1790129489998,btc,1790128800,Down,0.47,0.36,23.4,211,1.03,0.92,hedged,5.1,20.0,19.0728,20.0,0.9272
2026-09-23 04:11:50,1790129510035,eth,1790128800,Up,0.19,0.15,21.1,191,1.03,0.9,hedged,65.0,20.0,18.4575,20.0,1.5425
2026-09-23 04:12:15,1790129535065,btc,1790128800,Down,0.49,0.4,18.4,166,1.03,0.89,hedged,60.0,20.0,18.4881,20.0,1.5119
2026-09-23 04:13:35,1790129615054,btc,1790128800,Up,0.5,0.3,40.0,86,1.03,0.5,hedged,25.0,20.0,10.5149,20.0,9.4851
2026-09-23 04:13:10,1790129590057,eth,1790128800,Up,0.2,0.12,40.0,111,1.03,1.03,stopped,65.0,20.0,2.7583,0.1861,-2.5722
2026-09-23 04:14:20,1790129660067,btc,1790128800,Down,0.1,0.06,40.0,41,1.03,1.02,held_to_resolution,,20.0,1.4911,,
2026-09-23 04:19:35,1790129975036,btc,1790129700,Down,0.26,0.22,15.4,626,1.03,1.01,stopped,65.0,20.0,4.8479,2.0629,-2.785
2026-09-23 04:19:35,1790129975038,eth,1790129700,Down,0.24,0.19,20.8,626,1.03,1.0,stopped,65.0,20.0,4.224,1.497,-2.727
2026-09-23 04:21:30,1790130090024,btc,1790129700,Down,0.11,0.07,36.4,511,1.03,1.03,stopped,60.0,20.0,1.703,0.7462,-0.9568
2026-09-23 04:21:25,1790130085049,eth,1790129700,Down,0.12,0.09,25.0,516,1.03,1.03,stopped,65.5,20.0,2.126,0.5593,-1.5667
2026-09-23 04:22:35,1790130155049,btc,1790129700,Down,0.06,0.05,16.7,446,1.03,1.03,stopped,60.0,20.0,1.279,0.5593,-0.7197
2026-09-23 04:22:40,1790130160088,eth,1790129700,Down,0.05,0.04,20.0,441,1.03,1.03,stopped,60.0,20.0,1.0665,0.1861,-0.8804
2026-09-23 04:23:45,1790130225107,btc,1790129700,Down,0.06,0.05,16.7,376,1.03,1.03,stopped,65.5,20.0,1.279,0.3726,-0.9064
2026-09-23 04:31:45,1790130705105,eth,1790130600,Up,0.44,0.36,18.2,796,1.03,0.91,hedged,25.0,20.0,18.8741,20.0,1.1259
2026-09-23 04:35:05,1790130905097,btc,1790130600,Up,0.38,0.32,15.8,596,1.03,0.98,stopped,60.0,20.0,6.9095,5.9005,-1.009
2026-09-23 04:35:05,1790130905100,eth,1790130600,Up,0.53,0.42,20.8,596,1.04,0.93,stopped,60.0,20.0,8.9431,8.455,-0.4881
2026-09-23 04:36:50,1790131010139,eth,1790130600,Up,0.39,0.31,20.5,491,1.03,0.9,hedged,15.0,20.0,18.6457,20.0,1.3543
2026-09-23 04:36:50,1790131010137,btc,1790130600,Up,0.27,0.22,18.5,491,1.03,0.92,hedged,25.0,20.0,18.9474,20.0,1.0526
2026-09-23 04:37:30,1790131050092,btc,1790130600,Up,0.32,0.27,15.6,451,1.03,0.96,stopped,60.0,20.0,5.8822,6.0954,0.2131
2026-09-23 04:37:45,1790131065149,eth,1790130600,Up,0.41,0.34,17.1,436,1.03,0.94,stopped,60.0,20.0,7.3185,6.2905,-1.028
2026-09-23 04:38:50,1790131130104,btc,1790130600,Up,0.26,0.19,26.9,371,1.03,0.97,stopped,60.0,20.0,4.224,3.776,-0.448
2026-09-23 04:38:50,1790131130105,eth,1790130600,Up,0.36,0.26,27.8,371,1.03,0.92,hedged,60.0,20.0,18.9944,20.0,1.0056
2026-09-23 04:40:10,1790131210121,eth,1790130600,Up,0.34,0.26,23.5,291,1.03,0.99,stopped,60.1,20.0,5.6759,3.3934,-2.2826
2026-09-23 04:40:15,1790131215142,btc,1790130600,Up,0.19,0.11,42.1,286,1.03,0.98,stopped,60.0,20.0,2.5478,1.3089,-1.239
2026-09-23 04:42:15,1790131335136,eth,1790130600,Down,0.59,0.47,20.3,166,1.03,0.88,hedged,20.1,20.0,18.2854,20.0,1.7146
2026-09-23 04:42:50,1790131370104,eth,1790130600,Up,0.39,0.26,33.3,131,1.03,0.87,hedged,5.0,20.0,18.0119,20.0,1.9881
2026-09-23 04:42:00,1790131320160,btc,1790130600,Up,0.11,0.07,36.4,181,1.03,0.97,stopped,60.4,20.0,1.703,0.1861,-1.5169
2026-09-23 04:43:00,1790131380591,eth,1790130600,Up,0.42,0.2,52.4,121,1.03,0.8,hedged,19.6,20.0,18.7263,20.0,1.2737
2026-09-23 04:43:30,1790131410138,eth,1790130600,Up,0.32,0.11,65.6,91,1.04,1.03,held_to_resolution,,20.0,2.5478,,
2026-09-23 04:45:40,1790131540155,btc,1790131500,Down,0.44,0.37,15.9,861,1.03,1.01,stopped,65.0,20.0,7.9298,5.9005,-2.0293
2026-09-23 04:45:40,1790131540156,eth,1790131500,Down,0.37,0.31,16.2,861,1.03,1.01,stopped,65.0,20.0,6.7046,4.5446,-2.16
2026-09-23 04:48:10,1790131690170,eth,1790131500,Down,0.38,0.31,18.4,711,1.03,1.03,stopped,60.0,20.0,6.7046,5.1241,-1.5806
2026-09-23 04:49:35,1790131775126,btc,1790131500,Up,0.56,0.47,16.1,626,1.03,0.99,stopped,60.0,20.0,9.9494,7.664,-2.2854
2026-09-23 04:51:20,1790131880162,eth,1790131500,Down,0.27,0.22,18.5,521,1.03,0.89,hedged,50.0,20.0,18.3621,20.0,1.6379
2026-09-23 04:52:10,1790131930150,btc,1790131500,Up,0.46,0.37,19.6,471,1.03,0.88,hedged,25.0,20.0,18.2798,20.0,1.7202
2026-09-23 04:52:25,1790131945181,eth,1790131500,Down,0.35,0.27,22.9,456,1.03,1.03,stopped,65.0,20.0,5.8822,2.0629,-3.8193
2026-09-23 04:52:50,1790131970156,btc,1790131500,Down,0.51,0.42,17.6,431,1.03,0.9,hedged,45.0,20.0,18.6919,20.0,1.3081
2026-09-23 04:54:15,1790132055162,btc,1790131500,Down,0.51,0.42,17.6,346,1.03,0.83,hedged,25.0,20.0,17.2791,20.0,2.7209
2026-09-23 04:53:40,1790132020205,eth,1790131500,Down,0.21,0.15,28.6,381,1.03,0.98,stopped,65.0,20.0,3.3882,3.0118,-0.3763
2026-09-23 04:54:45,1790132085153,btc,1790131500,Up,0.6,0.41,31.7,316,1.03,0.91,hedged,45.0,20.0,18.8909,20.0,1.1091
2026-09-23 04:55:05,1790132105161,eth,1790131500,Down,0.17,0.14,17.6,296,1.03,0.9,hedged,50.0,20.0,18.441,20.0,1.559
2026-09-23 04:55:35,1790132135180,btc,1790131500,Up,0.53,0.4,24.5,266,1.03,0.88,hedged,35.0,20.0,18.2874,20.0,1.7126
2026-09-23 04:56:50,1790132210151,btc,1790131500,Up,0.53,0.42,20.8,191,1.03,0.86,hedged,10.0,20.0,17.8863,20.0,2.1137
2026-09-23 04:56:05,1790132165142,eth,1790131500,Down,0.27,0.19,29.6,236,1.03,0.97,stopped,60.1,20.0,4.224,1.874,-2.35
2026-09-23 04:57:15,1790132235195,btc,1790131500,Down,0.38,0.23,39.5,166,1.03,0.95,stopped,65.0,20.0,5.0554,1.497,-3.5584
2026-09-23 04:58:35,1790132315187,btc,1790131500,Down,0.13,0.11,15.4,86,1.03,1.01,held_to_resolution,,20.0,2.5478,,
2026-09-23 04:57:10,1790132230193,eth,1790131500,Down,0.13,0.09,30.8,171,1.04,1.04,held_to_resolution,,20.0,2.126,,
2026-09-23 05:01:45,1790132505187,btc,1790132400,Up,0.44,0.36,18.2,796,1.03,1.03,stopped,65.0,20.0,7.7263,4.7375,-2.9888
2026-09-23 05:01:45,1790132505189,eth,1790132400,Up,0.46,0.37,19.6,796,1.03,1.01,stopped,65.0,20.0,7.9298,4.1598,-3.7701
2026-09-23 05:03:05,1790132585194,btc,1790132400,Up,0.25,0.21,16.0,716,1.03,1.03,stopped,65.0,20.0,4.6402,3.2025,-1.4378
2026-09-23 05:03:05,1790132585196,eth,1790132400,Up,0.23,0.17,26.1,716,1.03,1.0,stopped,65.0,20.0,3.8066,3.3934,-0.4133
2026-09-23 05:05:55,1790132755149,btc,1790132400,Up,0.25,0.18,28.0,546,1.03,1.03,stopped,60.4,20.0,4.0155,2.2522,-1.7633
2026-09-23 05:05:55,1790132755165,eth,1790132400,Up,0.31,0.24,22.6,546,1.03,1.03,stopped,60.4,20.0,5.2625,2.6314,-2.6311
2026-09-23 05:07:00,1790132820166,eth,1790132400,Up,0.17,0.13,23.5,481,1.03,1.03,stopped,65.0,20.0,2.9686,1.121,-1.8475
2026-09-23 05:09:35,1790132975171,eth,1790132400,Up,0.18,0.13,27.8,326,1.04,0.91,hedged,50.0,20.0,18.6165,20.0,1.3835
2026-09-23 05:09:30,1790132970155,btc,1790132400,Up,0.14,0.11,21.4,331,1.03,1.0,stopped,60.0,20.0,2.5478,1.6853,-0.8625
2026-09-23 05:10:45,1790133045167,btc,1790132400,Up,0.12,0.1,16.7,256,1.03,0.99,stopped,60.0,20.0,2.3371,1.6853,-0.6517
2026-09-23 05:11:00,1790133060185,eth,1790132400,Down,0.75,0.61,18.7,241,1.03,0.92,hedged,55.5,20.0,19.0238,20.0,0.9762
2026-09-23 05:11:55,1790133115665,btc,1790132400,Up,0.1,0.08,20.0,186,1.03,1.03,stopped,64.5,20.0,1.9147,0.3726,-1.5421
2026-09-23 05:12:00,1790133120218,eth,1790132400,Up,0.34,0.28,17.6,181,1.03,1.03,stopped,65.0,20.0,6.0883,4.5446,-1.5436
2026-09-23 05:13:30,1790133210217,btc,1790132400,Up,0.1,0.08,20.0,91,1.03,1.02,held_to_resolution,,20.0,1.9147,,
2026-09-23 05:13:15,1790133195192,eth,1790132400,Down,0.75,0.28,62.7,106,1.03,1.03,held_to_resolution,,20.0,6.0883,,
2026-09-23 05:18:05,1790133485184,btc,1790133300,Down,0.55,0.45,18.2,716,1.03,1.03,stopped,60.0,20.0,9.5478,5.9005,-3.6472
2026-09-23 05:18:05,1790133485186,eth,1790133300,Down,0.57,0.47,17.5,716,1.03,1.03,stopped,60.0,20.0,9.9494,6.8774,-3.072
2026-09-23 05:19:20,1790133560237,btc,1790133300,Down,0.32,0.23,28.1,641,1.03,1.0,stopped,64.9,20.0,5.0554,3.9677,-1.0876
2026-09-23 05:20:00,1790133600215,eth,1790133300,Down,0.36,0.29,19.4,601,1.04,1.0,stopped,65.0,20.0,6.294,1.874,-4.42
2026-09-23 05:20:50,1790133650203,btc,1790133300,Down,0.26,0.19,26.9,551,1.03,1.02,stopped,60.1,20.0,4.224,0.9335,-3.2905
2026-09-23 05:21:25,1790133685205,eth,1790133300,Down,0.15,0.12,20.0,516,1.03,1.03,stopped,65.4,20.0,2.7583,1.6853,-1.073
2026-09-23 05:22:35,1790133755184,eth,1790133300,Down,0.11,0.09,18.2,446,1.03,1.03,stopped,60.0,20.0,2.126,0.3726,-1.7534
2026-09-23 05:22:40,1790133760189,btc,1790133300,Down,0.06,0.05,16.7,441,1.03,1.03,stopped,60.1,20.0,1.279,0.1861,-1.0928
2026-09-23 05:25:55,1790133955244,eth,1790133300,Down,0.06,0.05,16.7,246,1.03,1.03,stopped,60.4,20.0,1.279,0.1861,-1.0928
2026-09-23 05:31:15,1790134275288,eth,1790134200,Down,0.48,0.39,18.7,826,1.03,0.87,hedged,15.0,20.0,18.0847,20.0,1.9153
2026-09-23 05:32:20,1790134340246,eth,1790134200,Down,0.5,0.42,16.0,761,1.03,0.89,hedged,20.0,20.0,18.4909,20.0,1.5091
2026-09-23 05:35:25,1790134525254,btc,1790134200,Down,0.36,0.3,16.7,576,1.03,0.87,hedged,45.0,20.0,18.0444,20.0,1.9556
2026-09-23 05:36:00,1790134560265,eth,1790134200,Up,0.4,0.31,22.5,541,1.03,0.92,hedged,25.0,20.0,19.0406,20.0,0.9594
2026-09-23 05:36:25,1790134585280,btc,1790134200,Down,0.44,0.31,29.5,516,1.03,1.0,stopped,65.0,20.0,6.7046,1.497,-5.2077
2026-09-23 05:36:30,1790134590273,eth,1790134200,Down,0.73,0.62,15.1,511,1.03,0.98,stopped,60.4,20.0,12.9263,3.5845,-9.3418
2026-09-23 05:38:05,1790134685270,eth,1790134200,Down,0.31,0.26,16.1,416,1.03,0.87,hedged,35.0,20.0,18.0119,20.0,1.9881
2026-09-23 05:37:45,1790134665282,btc,1790134200,Down,0.12,0.09,25.0,436,1.03,0.93,stopped,65.1,20.0,2.126,2.8215,0.6955
2026-09-23 05:39:10,1790134750274,btc,1790134200,Down,0.18,0.14,22.2,351,1.03,0.99,stopped,60.0,20.0,3.1785,0.3726,-2.8059
2026-09-23 05:39:25,1790134765276,eth,1790134200,Down,0.44,0.32,27.3,336,1.03,1.03,stopped,60.0,20.0,6.9095,0.3726,-6.537
2026-09-23 05:40:30,1790134830304,eth,1790134200,Down,0.07,0.04,42.9,271,1.04,1.03,stopped,65.0,20.0,1.0665,0.1861,-0.8804
2026-09-23 05:46:15,1790135175283,btc,1790135100,Up,0.4,0.34,15.0,826,1.03,0.98,stopped,65.0,20.0,7.3185,6.0954,-1.2231
2026-09-23 05:46:45,1790135205283,eth,1790135100,Up,0.31,0.26,16.1,796,1.03,0.94,stopped,60.0,20.0,5.6759,5.9005,0.2246
2026-09-23 05:48:05,1790135285304,btc,1790135100,Up,0.39,0.33,15.4,716,1.03,1.02,stopped,60.0,20.0,7.1142,4.1598,-2.9544
2026-09-23 05:49:05,1790135345333,eth,1790135100,Up,0.28,0.23,17.9,656,1.03,1.0,stopped,60.0,20.0,5.0554,3.0118,-2.0435
2026-09-23 05:49:10,1790135350287,btc,1790135100,Up,0.28,0.23,17.9,651,1.03,0.99,stopped,60.0,20.0,5.0554,3.2025,-1.8529
2026-09-23 05:50:40,1790135440291,btc,1790135100,Up,0.18,0.15,16.7,561,1.03,1.01,stopped,60.0,20.0,3.3882,2.2522,-1.136
2026-09-23 05:50:45,1790135445302,eth,1790135100,Up,0.16,0.13,18.8,556,1.03,1.0,stopped,60.0,20.0,2.9686,2.4417,-0.5269
2026-09-23 05:52:30,1790135550344,eth,1790135100,Up,0.11,0.09,18.2,451,1.03,1.02,stopped,60.4,20.0,2.126,1.121,-1.005
2026-09-23 05:54:10,1790135650364,btc,1790135100,Up,0.06,0.04,33.3,351,1.03,1.02,stopped,60.2,20.0,1.0665,0.3726,-0.6939
2026-09-23 05:54:05,1790135645351,eth,1790135100,Up,0.08,0.06,25.0,356,1.03,1.03,stopped,65.2,20.0,1.4911,0.3726,-1.1186
2026-09-23 06:00:25,1790136025366,eth,1790136000,Up,0.53,0.45,15.1,876,1.03,1.03,stopped,65.0,20.0,9.5478,6.6815,-2.8663
2026-09-23 06:02:05,1790136125406,eth,1790136000,Up,0.34,0.28,17.6,776,1.03,1.03,stopped,65.0,20.0,6.0883,2.8215,-3.2668
2026-09-23 06:04:15,1790136255370,btc,1790136000,Up,0.31,0.26,16.1,646,1.03,1.01,stopped,65.0,20.0,5.6759,4.3521,-1.3239
2026-09-23 06:04:15,1790136255372,eth,1790136000,Up,0.2,0.15,25.0,646,1.03,1.03,stopped,65.0,20.0,3.3882,1.874,-1.5142
2026-09-23 06:05:35,1790136335392,eth,1790136000,Up,0.11,0.09,18.2,566,1.04,1.03,stopped,60.0,20.0,2.126,1.121,-1.005
2026-09-23 06:06:40,1790136400379,eth,1790136000,Up,0.1,0.08,20.0,501,1.03,0.84,hedged,60.0,20.0,17.1772,20.0,2.8228
2026-09-23 06:07:40,1790136460386,btc,1790136000,Down,0.55,0.39,29.1,441,1.03,1.02,stopped,65.0,20.0,8.336,4.9306,-3.4054
2026-09-23 06:08:00,1790136480374,eth,1790136000,Up,0.28,0.23,17.9,421,1.03,0.95,stopped,60.0,20.0,5.0554,4.1598,-0.8956
2026-09-23 06:09:20,1790136560438,btc,1790136000,Down,0.27,0.16,40.7,341,1.03,1.02,stopped,65.0,20.0,3.5975,0.3726,-3.225
2026-09-23 06:09:20,1790136560439,eth,1790136000,Down,0.69,0.55,20.3,341,1.03,1.03,stopped,65.0,20.0,11.545,3.776,-7.769
2026-09-23 06:10:40,1790136640412,btc,1790136000,Down,0.05,0.04,20.0,261,1.03,1.029,stopped,65.0,20.0,1.0665,0.1861,-0.8804
2026-09-23 06:10:45,1790136645375,eth,1790136000,Down,0.29,0.19,34.5,255,1.04,1.04,stopped,60.0,20.0,4.224,0.5593,-3.6647
2026-09-23 06:11:50,1790136710390,eth,1790136000,Down,0.06,0.04,33.3,190,1.03,1.03,stopped,75.1,20.0,1.0665,0.1861,-0.8804
2026-09-23 14:55:11,1790168111184,btc,1790167500,Up,0.61,0.46,24.6,290,1.03,0.9,hedged,45.0,20.0,18.6919,20.0,1.3081
2026-09-23 14:55:11,1790168111186,eth,1790167500,Up,0.19,0.11,42.1,290,1.03,0.96,stopped,60.0,20.0,2.5478,2.6314,0.0836
2026-09-23 14:56:51,1790168211212,btc,1790167500,Up,0.52,0.39,25.0,190,1.05,0.81,hedged,5.0,20.0,16.8747,20.0,3.1253
2026-09-23 14:56:51,1790168211213,eth,1790167500,Up,0.18,0.12,33.3,190,1.03,0.81,hedged,15.0,20.0,16.663,20.0,3.337
2026-09-23 14:57:11,1790168231187,eth,1790167500,Down,0.79,0.65,17.7,170,1.03,0.87,hedged,15.0,20.0,17.9464,20.0,2.0536
2026-09-23 14:57:01,1790168221211,btc,1790167500,Down,0.64,0.39,39.1,180,1.03,0.92,hedged,35.0,20.0,19.0854,20.0,0.9146
2026-09-23 14:57:31,1790168251182,eth,1790167500,Up,0.2,0.1,50.0,150,1.03,1.03,stopped,65.0,20.0,2.3371,0.1861,-2.1509
2026-09-23 14:58:41,1790168321199,btc,1790167500,Down,0.59,0.49,16.9,80,1.03,1.03,held_to_resolution,,20.0,10.35,,
2026-09-23 15:00:41,1790168441172,btc,1790168400,Up,0.56,0.45,19.6,860,1.03,1.0,stopped,60.0,20.0,9.5478,7.8613,-1.6864
2026-09-23 15:00:41,1790168441174,eth,1790168400,Up,0.66,0.55,16.7,860,1.03,1.03,stopped,60.0,20.0,11.545,7.0737,-4.4713
2026-09-23 15:02:36,1790168556213,eth,1790168400,Up,0.32,0.26,18.8,745,1.03,1.02,stopped,60.0,20.0,5.6759,3.2025,-2.4735
2026-09-23 15:03:16,1790168596197,btc,1790168400,Up,0.36,0.29,19.4,705,1.03,1.03,stopped,60.0,20.0,6.294,3.2025,-3.0915
2026-09-23 15:04:21,1790168661211,btc,1790168400,Up,0.21,0.17,19.0,640,1.03,0.99,stopped,60.0,20.0,3.8066,1.874,-1.9326
2026-09-23 15:04:21,1790168661213,eth,1790168400,Up,0.17,0.14,17.6,640,1.03,1.01,stopped,60.0,20.0,3.1785,1.3089,-1.8696
2026-09-23 15:06:36,1790168796201,btc,1790168400,Up,0.13,0.11,15.4,505,1.03,0.96,stopped,60.0,20.0,2.5478,1.121,-1.4268
2026-09-23 15:06:41,1790168801179,eth,1790168400,Up,0.12,0.1,16.7,500,1.03,0.97,stopped,60.0,20.0,2.3371,0.9335,-1.4036
2026-09-23 15:08:06,1790168886220,btc,1790168400,Up,0.08,0.06,25.0,415,1.03,1.03,stopped,60.1,20.0,1.4911,0.1861,-1.305
2026-09-23 15:08:06,1790168886221,eth,1790168400,Up,0.07,0.05,28.6,415,1.03,1.03,stopped,60.1,20.0,1.279,0.1861,-1.0928
2026-09-23 15:09:51,1790168991216,btc,1790168400,Up,0.066,0.049,25.8,310,1.029,0.861,hedged,45.0,20.0,17.52,20.0,2.48
2026-09-23 15:11:06,1790169066243,btc,1790168400,Up,0.079,0.057,27.8,235,1.027,0.957,stopped,65.3,20.0,1.4275,1.3653,-0.0623
2026-09-23 15:12:16,1790169136415,btc,1790168400,Up,0.108,0.069,36.1,165,1.021,1.021,stopped,64.9,20.0,1.6819,0.2607,-1.4212
2026-09-23 15:15:31,1790169331219,btc,1790169300,Down,0.4,0.34,15.0,870,1.03,0.98,stopped,60.0,20.0,7.3185,4.1598,-3.1587
2026-09-23 15:16:16,1790169376325,eth,1790169300,Down,0.26,0.21,19.2,825,1.03,1.0,stopped,64.9,20.0,4.6402,2.4417,-2.1986
2026-09-23 15:17:36,1790169456244,eth,1790169300,Down,0.16,0.13,18.8,745,1.03,0.86,hedged,50.0,20.0,17.6508,20.0,2.3492
2026-09-23 15:18:31,1790169511258,eth,1790169300,Up,0.83,0.7,15.7,690,1.03,1.03,stopped,60.0,20.0,14.4883,13.0905,-1.3978
2026-09-23 15:19:26,1790169566287,btc,1790169300,Down,0.35,0.27,22.9,635,1.03,1.02,stopped,65.0,20.0,5.8822,2.6314,-3.2508
2026-09-23 15:20:06,1790169606251,eth,1790169300,Down,0.32,0.27,15.6,595,1.03,1.03,stopped,60.0,20.0,5.8822,2.0629,-3.8193
2026-09-23 15:22:01,1790169721343,btc,1790169300,Down,0.2,0.16,20.0,480,1.03,1.03,stopped,60.0,20.0,3.5975,2.0629,-1.5346
2026-09-23 15:22:01,1790169721345,eth,1790169300,Down,0.25,0.2,20.0,480,1.03,1.01,stopped,60.0,20.0,4.4323,3.2025,-1.2298
2026-09-23 15:23:41,1790169821822,eth,1790169300,Down,0.21,0.17,19.0,380,1.03,1.03,stopped,64.4,20.0,3.8066,1.121,-2.6856
2026-09-23 15:24:11,1790169851343,btc,1790169300,Down,0.1,0.07,30.0,350,1.03,0.99,stopped,64.9,20.0,1.703,0.7462,-0.9568
2026-09-23 15:25:11,1790169911297,eth,1790169300,Down,0.14,0.11,21.4,290,1.04,1.04,stopped,60.5,20.0,2.5478,0.1861,-2.3617
2026-09-23 15:25:26,1790169926276,btc,1790169300,Down,0.06,0.05,16.7,275,1.03,1.01,stopped,120.0,20.0,1.279,0.1861,-1.0928
2026-09-23 15:30:36,1790170236309,btc,1790170200,Down,0.47,0.39,17.0,865,1.03,0.93,stopped,60.1,20.0,8.336,7.2702,-1.0658
2026-09-23 15:30:36,1790170236310,eth,1790170200,Down,0.55,0.45,18.2,865,1.03,0.93,stopped,60.1,20.0,9.5478,9.0513,-0.4965
2026-09-23 15:32:01,1790170321316,btc,1790170200,Down,0.54,0.45,16.7,780,1.05,1.02,stopped,65.0,20.0,9.5478,4.3521,-5.1957
2026-09-23 15:33:01,1790170381292,eth,1790170200,Down,0.4,0.33,17.5,720,1.03,0.9,hedged,25.0,20.0,18.6591,20.0,1.3409
2026-09-23 15:34:01,1790170441324,btc,1790170200,Down,0.38,0.27,28.9,660,1.03,0.93,stopped,60.5,20.0,5.8822,6.4858,0.6036
2026-09-23 15:34:01,1790170441325,eth,1790170200,Down,0.58,0.43,25.9,660,1.03,0.84,stopped,61.0,20.0,9.145,11.664,2.519
2026-09-23 15:36:31,1790170591343,eth,1790170200,Down,0.63,0.49,22.2,510,1.03,0.92,hedged,30.0,20.0,19.091,20.0,0.909
2026-09-23 15:36:31,1790170591342,btc,1790170200,Down,0.43,0.29,32.6,510,1.03,0.93,stopped,65.0,20.0,6.294,2.4417,-3.8523
2026-09-23 15:37:16,1790170636306,eth,1790170200,Down,0.58,0.46,20.7,465,1.03,0.99,stopped,60.0,20.0,9.7487,2.8215,-6.9272
2026-09-23 15:38:01,1790170681345,btc,1790170200,Down,0.13,0.11,15.4,420,1.03,1.03,stopped,65.0,20.0,2.5478,0.9335,-1.6143
2026-09-23 15:39:16,1790170756337,btc,1790170200,Down,0.07,0.05,28.6,345,1.03,1.02,stopped,60.1,20.0,1.279,0.3726,-0.9064
2026-09-23 15:40:11,1790170811358,eth,1790170200,Down,0.24,0.19,20.8,290,1.03,1.03,stopped,60.0,20.0,4.224,0.5593,-3.6647
2026-09-23 15:40:21,1790170821367,btc,1790170200,Down,0.05,0.03,40.0,280,1.03,1.03,stopped,65.0,20.0,0.8538,0.1861,-0.6676
2026-09-23 15:41:16,1790170876355,eth,1790170200,Down,0.06,0.04,33.3,225,1.04,1.02,stopped,65.0,20.0,1.0665,0.3726,-0.6939
2026-09-23 15:42:26,1790170946351,eth,1790170200,Down,0.05,0.02,60.0,155,1.03,0.89,hedged,35.0,20.0,18.0093,20.0,1.9907
2026-09-23 15:43:16,1790170996353,eth,1790170200,Down,0.11,0.08,27.3,105,1.04,1.04,held_to_resolution,,20.0,1.9147,,
2026-09-23 15:45:21,1790171121356,btc,1790171100,Up,0.48,0.38,20.8,880,1.03,1.03,stopped,60.0,20.0,8.1331,3.5845,-4.5485
2026-09-23 15:45:51,1790171151397,eth,1790171100,Up,0.35,0.26,25.7,850,1.04,0.99,stopped,60.0,20.0,5.6759,4.5446,-1.1313
2026-09-23 15:46:56,1790171216399,eth,1790171100,Up,0.3,0.25,16.7,785,1.03,1.01,stopped,65.0,20.0,5.4694,3.0118,-2.4575
2026-09-23 15:47:16,1790171236368,btc,1790171100,Up,0.3,0.24,20.0,765,1.03,0.96,stopped,60.0,20.0,5.2625,4.3521,-0.9104
2026-09-23 15:48:41,1790171321413,btc,1790171100,Up,0.28,0.23,17.9,680,1.03,1.03,stopped,65.0,20.0,5.0554,2.8215,-2.2339
2026-09-23 15:48:41,1790171321415,eth,1790171100,Up,0.22,0.18,18.2,680,1.03,1.03,stopped,65.0,20.0,4.0155,2.4417,-1.5738
2026-09-23 15:50:21,1790171421376,eth,1790171100,Up,0.23,0.19,17.4,580,1.03,1.03,stopped,60.0,20.0,4.224,1.497,-2.727
2026-09-23 15:50:31,1790171431450,btc,1790171100,Up,0.24,0.17,29.2,570,1.03,1.01,stopped,65.0,20.0,3.8066,1.3089,-2.4978
2026-09-23 15:51:36,1790171496487,eth,1790171100,Up,0.09,0.07,22.2,505,1.04,0.96,stopped,64.9,20.0,1.703,2.2522,0.5491
2026-09-23 15:51:41,1790171501481,btc,1790171100,Up,0.12,0.07,41.7,500,1.03,0.95,stopped,64.9,20.0,1.703,2.2522,0.5491
2026-09-23 15:53:06,1790171586404,btc,1790171100,Up,0.21,0.13,38.1,414,1.03,0.95,stopped,60.0,20.0,2.9686,1.3089,-1.6597
2026-09-23 15:53:06,1790171586406,eth,1790171100,Up,0.2,0.14,30.0,414,1.03,0.97,stopped,60.0,20.0,3.1785,0.9335,-2.245
2026-09-23 15:54:11,1790171651408,btc,1790171100,Up,0.11,0.07,36.4,349,1.03,0.97,stopped,60.0,20.0,1.703,1.497,-0.2061
2026-09-23 15:54:11,1790171651410,eth,1790171100,Up,0.08,0.06,25.0,349,1.03,0.99,stopped,60.0,20.0,1.4911,0.9335,-0.5576
2026-09-23 15:55:26,1790171726438,btc,1790171100,Up,0.12,0.1,16.7,274,1.03,1.0,stopped,65.0,20.0,2.3371,0.5593,-1.7778
2026-09-23 15:56:36,1790171796414,btc,1790171100,Up,0.05,0.04,20.0,204,1.03,0.92,hedged,30.0,20.0,18.6248,20.0,1.3752
2026-09-23 15:56:11,1790171771420,eth,1790171100,Up,0.05,0.04,20.0,229,1.04,1.02,stopped,60.0,20.0,1.0665,0.5593,-0.5072
2026-09-23 15:57:36,1790171856405,btc,1790171100,Down,0.85,0.68,20.0,144,1.03,0.9,hedged,10.0,20.0,18.5317,20.0,1.4683
2026-09-23 15:58:06,1790171886436,btc,1790171100,Down,0.8,0.67,16.2,114,1.03,0.82,hedged,10.0,20.0,16.8732,20.0,3.1268
2026-09-23 15:57:21,1790171841417,eth,1790171100,Up,0.05,0.04,20.0,159,1.04,1.016,stopped,60.0,20.0,1.0665,0.1861,-0.8804
2026-09-23 15:58:36,1790171916414,btc,1790171100,Up,0.17,0.12,29.4,84,1.03,1.03,held_to_resolution,,20.0,2.7583,,
2026-09-23 16:00:11,1790172011447,eth,1790172000,Down,0.53,0.43,18.9,889,1.03,1.03,stopped,65.0,20.0,9.145,3.776,-5.369
2026-09-23 16:00:21,1790172021422,btc,1790172000,Down,0.48,0.38,20.8,879,1.03,0.99,stopped,60.0,20.0,8.1331,5.706,-2.4271
2026-09-23 16:03:41,1790172221433,btc,1790172000,Up,0.52,0.44,15.4,679,1.03,1.01,stopped,65.0,20.0,9.3465,7.2702,-2.0763
2026-09-23 16:04:41,1790172281426,eth,1790172000,Up,0.57,0.48,15.8,619,1.03,0.9,hedged,15.0,20.0,18.6885,20.0,1.3115
2026-09-23 16:05:06,1790172306451,eth,1790172000,Down,0.4,0.34,15.0,594,1.03,0.87,hedged,30.0,20.0,18.0679,20.0,1.9321
2026-09-23 16:05:21,1790172321433,btc,1790172000,Up,0.53,0.45,15.1,579,1.03,0.99,stopped,65.0,20.0,9.5478,5.706,-3.8418
2026-09-23 16:06:11,1790172371445,eth,1790172000,Up,0.51,0.41,19.6,529,1.03,0.97,stopped,60.0,20.0,8.741,5.1241,-3.617
2026-09-23 16:06:46,1790172406419,btc,1790172000,Up,0.28,0.21,25.0,494,1.03,1.01,stopped,60.1,20.0,4.6402,2.2522,-2.3881
2026-09-23 16:07:16,1790172436447,eth,1790172000,Up,0.31,0.26,16.1,464,1.03,0.99,stopped,60.0,20.0,5.6759,1.6853,-3.9906
2026-09-23 16:07:56,1790172476998,btc,1790172000,Up,0.12,0.1,16.7,424,1.03,1.03,stopped,64.4,20.0,2.3371,0.1861,-2.1509
2026-09-23 16:08:21,1790172501465,eth,1790172000,Up,0.11,0.07,36.4,399,1.03,1.01,stopped,65.0,20.0,1.703,0.1861,-1.5169
2026-09-23 16:09:41,1790172581463,eth,1790172000,Up,0.06,0.04,33.3,319,1.03,1.03,stopped,60.5,20.0,1.0665,0.1861,-0.8804
2026-09-23 16:15:11,1790172911454,eth,1790172900,Up,0.63,0.51,19.0,889,1.03,1.03,stopped,60.0,20.0,10.7494,5.5117,-5.2377
2026-09-23 16:16:11,1790172971502,btc,1790172900,Up,0.48,0.35,27.1,829,1.03,1.02,stopped,65.0,20.0,7.5226,3.776,-3.7466
2026-09-23 16:16:41,1790173001500,eth,1790172900,Up,0.39,0.33,15.4,799,1.04,0.97,stopped,65.0,20.0,7.1142,5.3178,-1.7964
2026-09-23 16:17:21,1790173041487,btc,1790172900,Up,0.25,0.18,28.0,759,1.03,0.97,stopped,60.0,20.0,4.0155,3.9677,-0.0477
2026-09-23 16:18:46,1790173126499,btc,1790172900,Up,0.19,0.16,15.8,674,1.03,1.03,stopped,65.0,20.0,3.5975,1.3089,-2.2887
2026-09-23 16:18:51,1790173131474,eth,1790172900,Up,0.2,0.17,15.0,669,1.04,1.03,stopped,65.1,20.0,3.8066,1.6853,-2.1213
2026-09-23 16:20:16,1790173216480,btc,1790172900,Up,0.07,0.05,28.6,584,1.03,0.95,stopped,60.0,20.0,1.279,2.0629,0.784
2026-09-23 16:21:26,1790173286503,eth,1790172900,Up,0.16,0.13,18.8,514,1.03,1.03,stopped,65.0,20.0,2.9686,0.1861,-2.7824
2026-09-23 16:21:36,1790173296523,btc,1790172900,Up,0.12,0.1,16.7,504,1.03,1.01,stopped,65.0,20.0,2.3371,0.1861,-2.1509
2026-09-23 16:31:06,1790173866563,eth,1790173800,Up,0.58,0.47,19.0,834,1.03,0.92,hedged,30.0,20.0,19.0944,20.0,0.9056
2026-09-23 16:31:06,1790173866562,btc,1790173800,Up,0.47,0.38,19.1,834,1.03,0.91,hedged,60.0,20.0,18.8825,20.0,1.1175
2026-09-23 16:32:41,1790173961515,eth,1790173800,Down,0.36,0.29,19.4,739,1.03,1.03,stopped,60.0,20.0,6.294,2.6314,-3.6626
2026-09-23 16:33:16,1790173996536,btc,1790173800,Down,0.29,0.21,27.6,704,1.03,0.89,hedged,40.1,20.0,18.3498,20.0,1.6502
2026-09-23 16:34:16,1790174056522,btc,1790173800,Down,0.29,0.24,17.2,644,1.03,1.03,stopped,60.0,20.0,5.2625,1.3089,-3.9536
2026-09-23 16:34:11,1790174051722,eth,1790173800,Down,0.21,0.17,19.0,649,1.03,1.03,stopped,64.8,20.0,3.8066,1.121,-2.6856
2026-09-23 16:35:21,1790174121520,btc,1790173800,Down,0.1,0.08,20.0,579,1.03,1.01,stopped,60.0,20.0,1.9147,1.121,-0.7936
2026-09-23 16:36:36,1790174196602,btc,1790173800,Down,0.06,0.05,16.7,504,1.03,1.01,stopped,65.0,20.0,1.279,0.5593,-0.7197
2026-09-23 16:36:36,1790174196603,eth,1790173800,Down,0.06,0.05,16.7,504,1.04,1.03,stopped,65.0,20.0,1.279,0.1861,-1.0928
2026-09-23 16:37:46,1790174266527,btc,1790173800,Down,0.06,0.05,16.7,434,1.03,0.99,stopped,60.1,20.0,1.279,1.121,-0.1579
2026-09-23 16:38:51,1790174331519,btc,1790173800,Down,0.08,0.06,25.0,369,1.03,1.01,stopped,60.0,20.0,1.4911,0.1861,-1.305
2026-09-23 16:46:16,1790174776598,eth,1790174700,Up,0.48,0.4,16.7,824,1.03,1.02,stopped,60.0,20.0,8.5387,5.1241,-3.4146
2026-09-23 16:47:01,1790174821604,btc,1790174700,Up,0.39,0.33,15.4,779,1.03,1.0,stopped,65.1,20.0,7.1142,6.4858,-0.6283
2026-09-23 16:50:21,1790175021649,eth,1790174700,Up,0.42,0.33,21.4,579,1.03,1.03,stopped,65.0,20.0,7.1142,5.1241,-1.9901
2026-09-23 16:50:26,1790175026638,btc,1790174700,Up,0.56,0.41,26.8,574,1.03,0.97,stopped,65.0,20.0,8.741,8.455,-0.286
2026-09-23 16:51:46,1790175106619,btc,1790174700,Down,0.47,0.39,17.0,494,1.03,0.93,stopped,60.0,20.0,8.336,7.8613,-0.4747
2026-09-23 16:52:01,1790175121599,eth,1790174700,Up,0.54,0.41,24.1,479,1.03,0.91,hedged,50.0,20.0,18.8909,20.0,1.1091
2026-09-23 16:53:21,1790175201634,eth,1790174700,Down,0.46,0.36,21.7,399,1.04,0.89,hedged,9.9,20.0,18.4758,20.0,1.5242
2026-09-23 16:52:51,1790175171595,btc,1790174700,Down,0.44,0.32,27.3,429,1.03,0.91,stopped,65.1,20.0,6.9095,3.9677,-2.9418
2026-09-23 16:53:51,1790175231586,eth,1790174700,Down,0.44,0.29,34.1,369,1.03,1.0,stopped,60.0,20.0,6.294,2.6314,-3.6626
2026-09-23 16:54:27,1790175267151,btc,1790174700,Down,0.23,0.19,17.4,334,1.03,1.03,stopped,64.5,20.0,4.224,1.6853,-2.5387
2026-09-23 16:54:56,1790175296674,eth,1790174700,Down,0.16,0.13,18.8,304,1.03,1.0,stopped,64.9,20.0,2.9686,0.9335,-2.0351
2026-09-23 16:56:06,1790175366601,eth,1790174700,Down,0.08,0.06,25.0,234,1.03,0.88,hedged,20.0,20.0,17.9066,20.0,2.0934
2026-09-23 16:55:42,1790175342153,btc,1790174700,Down,0.11,0.08,27.3,259,1.03,0.94,stopped,64.5,20.0,1.9147,2.4417,0.527
2026-09-23 16:56:41,1790175401644,eth,1790174700,Down,0.19,0.16,15.8,199,1.03,0.98,stopped,60.0,20.0,3.5975,0.1861,-3.4114
2026-09-23 16:57:06,1790175426621,btc,1790174700,Down,0.2,0.17,15.0,174,1.03,1.03,stopped,115.0,20.0,3.8066,0.1861,-3.6205
2026-09-23 17:01:06,1790175666675,eth,1790175600,Down,0.53,0.4,24.5,834,1.04,1.04,stopped,65.0,20.0,8.5387,5.5117,-3.0269
2026-09-23 17:03:51,1790175831640,eth,1790175600,Up,0.6,0.49,18.3,669,1.03,0.94,stopped,60.0,20.0,10.35,10.2513,-0.0987
2026-09-23 17:05:21,1790175921667,btc,1790175600,Down,0.5,0.37,26.0,579,1.03,0.91,hedged,60.0,20.0,18.8786,20.0,1.1214
2026-09-23 17:07:06,1790176026650,eth,1790175600,Up,0.43,0.36,16.3,474,1.03,0.88,hedged,25.0,20.0,18.2762,20.0,1.7238
2026-09-23 17:08:06,1790176086644,btc,1790175600,Down,0.41,0.24,41.5,414,1.03,1.03,stopped,60.0,20.0,5.2625,2.4417,-2.8208
2026-09-23 17:08:06,1790176086645,eth,1790175600,Down,0.53,0.3,43.4,414,1.04,1.04,stopped,60.0,20.0,6.4995,3.0118,-3.4876
2026-09-23 17:09:11,1790176151687,btc,1790175600,Down,0.15,0.12,20.0,349,1.03,0.92,hedged,40.0,20.0,18.7906,20.0,1.2094
2026-09-23 17:10:46,1790176246675,eth,1790175600,Down,0.25,0.18,28.0,254,1.03,0.91,hedged,5.0,20.0,18.6977,20.0,1.3023
2026-09-23 17:10:56,1790176256729,eth,1790175600,Up,0.71,0.52,26.8,244,1.03,0.88,hedged,15.0,20.0,18.2672,20.0,1.7328
2026-09-23 17:10:21,1790176221767,btc,1790175600,Down,0.29,0.23,20.7,279,1.03,0.95,stopped,65.0,20.0,5.0554,3.5845,-1.4708
2026-09-23 17:11:31,1790176291694,btc,1790175600,Down,0.2,0.15,25.0,209,1.03,1.03,stopped,65.0,20.0,3.3882,0.1861,-3.202
2026-09-23 17:11:41,1790176301678,eth,1790175600,Down,0.35,0.29,17.1,199,1.03,1.02,stopped,65.0,20.0,6.294,2.0629,-4.2311
2026-09-23 17:13:16,1790176396688,eth,1790175600,Down,0.14,0.09,35.7,104,1.04,1.04,held_to_resolution,,20.0,2.126,,
2026-09-23 17:15:16,1790176516755,eth,1790176500,Down,0.55,0.46,16.4,884,1.03,1.03,stopped,65.0,20.0,9.7487,5.3178,-4.431
2026-09-23 17:15:36,1790176536690,btc,1790176500,Down,0.45,0.38,15.6,864,1.03,1.01,stopped,65.0,20.0,8.1331,6.4858,-1.6472
2026-09-23 17:17:31,1790176651697,btc,1790176500,Up,0.55,0.45,18.2,749,1.03,0.92,hedged,15.0,20.0,19.0955,20.0,0.9045
2026-09-23 17:17:31,1790176651699,eth,1790176500,Up,0.48,0.4,16.7,749,1.04,0.87,hedged,50.0,20.0,18.0864,20.0,1.9136
2026-09-23 17:18:46,1790176726678,btc,1790176500,Up,0.56,0.46,17.9,674,1.04,1.03,stopped,60.1,20.0,9.7487,7.2702,-2.4786
2026-09-23 17:18:46,1790176726679,eth,1790176500,Up,0.57,0.47,17.5,674,1.04,1.01,stopped,60.1,20.0,9.9494,8.455,-1.4944
2026-09-23 17:20:21,1790176821722,eth,1790176500,Up,0.51,0.41,19.6,579,1.03,0.92,hedged,5.0,20.0,19.091,20.0,0.909
2026-09-23 17:20:31,1790176831702,eth,1790176500,Down,0.6,0.45,25.0,569,1.03,0.9,hedged,45.1,20.0,18.6927,20.0,1.3073
2026-09-23 17:20:21,1790176821721,btc,1790176500,Up,0.46,0.39,15.2,579,1.03,0.97,stopped,65.0,20.0,8.336,4.7375,-3.5985
2026-09-23 17:21:21,1790176881713,eth,1790176500,Up,0.54,0.4,25.9,519,1.03,0.91,hedged,45.0,20.0,18.8887,20.0,1.1113
2026-09-23 17:21:56,1790176916725,btc,1790176500,Up,0.33,0.26,21.2,484,1.03,0.92,hedged,15.0,20.0,18.9944,20.0,1.0056
2026-09-23 17:22:26,1790176946710,eth,1790176500,Down,0.43,0.36,16.3,454,1.03,0.9,hedged,20.0,20.0,18.6751,20.0,1.3249
2026-09-23 17:23:06,1790176986717,btc,1790176500,Down,0.62,0.51,17.7,414,1.03,0.9,hedged,35.0,20.0,18.6793,20.0,1.3207
2026-09-23 17:22:56,1790176976722,eth,1790176500,Down,0.51,0.41,19.6,424,1.03,1.03,stopped,60.1,20.0,8.741,6.2905,-2.4506
2026-09-23 17:23:51,1790177031735,btc,1790176500,Up,0.38,0.3,21.1,369,1.03,0.92,hedged,15.0,20.0,19.0325,20.0,0.9675
2026-09-23 17:24:21,1790177061726,btc,1790176500,Up,0.43,0.36,16.3,339,1.03,1.03,stopped,60.0,20.0,7.7263,3.9677,-3.7586
2026-09-23 17:24:21,1790177061728,eth,1790176500,Up,0.68,0.57,16.2,339,1.03,1.03,stopped,60.0,20.0,11.941,5.706,-6.235
2026-09-23 17:26:01,1790177161761,btc,1790176500,Up,0.35,0.26,25.7,239,1.03,0.89,hedged,35.0,20.0,18.4058,20.0,1.5942
2026-09-23 17:25:56,1790177156776,eth,1790176500,Up,0.44,0.36,18.2,244,1.04,0.91,hedged,45.0,20.0,18.8741,20.0,1.1259
2026-09-23 17:27:01,1790177221746,eth,1790176500,Down,0.5,0.38,24.0,179,1.03,0.88,hedged,15.0,20.0,18.2829,20.0,1.7171
2026-09-23 17:27:01,1790177221744,btc,1790176500,Down,0.52,0.43,17.3,179,1.03,0.87,hedged,20.0,20.0,18.0881,20.0,1.9119
2026-09-23 17:27:21,1790177241730,eth,1790176500,Up,0.69,0.4,42.0,159,1.04,0.82,hedged,25.0,20.0,17.0773,20.0,2.9227
2026-09-23 17:27:31,1790177251749,btc,1790176500,Up,0.49,0.39,20.4,149,1.03,0.93,stopped,65.0,20.0,8.336,0.1861,-8.1499
2026-09-23 17:27:51,1790177271754,eth,1790176500,Up,0.62,0.47,24.2,129,1.03,0.96,stopped,65.0,20.0,9.9494,0.1861,-9.7633
2026-09-23 17:31:16,1790177476786,eth,1790177400,Up,0.38,0.32,15.8,824,1.03,0.98,stopped,65.0,20.0,6.9095,4.1598,-2.7498
2026-09-23 17:33:01,1790177581768,eth,1790177400,Up,0.22,0.18,18.2,719,1.03,1.0,stopped,60.0,20.0,4.0155,3.5845,-0.4309
2026-09-23 17:33:06,1790177586763,btc,1790177400,Up,0.36,0.29,19.4,714,1.03,0.99,stopped,60.0,20.0,6.294,5.9005,-0.3935
2026-09-23 17:34:36,1790177676774,eth,1790177400,Up,0.26,0.2,23.1,624,1.03,1.0,stopped,60.0,20.0,4.4323,3.0118,-1.4204
2026-09-23 17:34:56,1790177696793,btc,1790177400,Down,0.7,0.59,15.7,604,1.03,0.98,stopped,60.0,20.0,12.336,9.4501,-2.8859
2026-09-23 17:36:31,1790177791789,btc,1790177400,Up,0.44,0.36,18.2,509,1.03,1.03,stopped,60.0,20.0,7.7263,2.8215,-4.9048
2026-09-23 17:36:31,1790177791791,eth,1790177400,Up,0.17,0.13,23.5,509,1.03,1.03,stopped,60.0,20.0,2.9686,0.9335,-2.0351
2026-09-23 17:37:46,1790177866780,btc,1790177400,Up,0.16,0.12,25.0,434,1.03,0.99,stopped,60.0,20.0,2.7583,1.497,-1.2614
2026-09-23 17:37:51,1790177871820,eth,1790177400,Up,0.06,0.04,33.3,429,1.03,1.01,stopped,65.1,20.0,1.0665,0.1861,-0.8804
2026-09-23 17:39:16,1790177956810,btc,1790177400,Up,0.14,0.1,28.6,344,1.03,1.01,stopped,60.0,20.0,2.3371,0.7462,-1.5908
2026-09-23 17:40:26,1790178026819,btc,1790177400,Up,0.06,0.04,33.3,274,1.03,1.03,stopped,65.0,20.0,1.0665,0.1861,-0.8804
2026-09-23 17:42:31,1790178151828,btc,1790177400,Up,0.06,0.05,16.7,149,1.03,1.03,stopped,90.0,20.0,1.279,0.1861,-1.0928
2026-09-23 17:45:11,1790178311801,eth,1790178300,Up,0.52,0.43,17.3,889,1.04,0.88,hedged,55.0,20.0,18.2899,20.0,1.7101
2026-09-23 17:46:21,1790178381809,eth,1790178300,Up,0.5,0.41,18.0,819,1.03,1.03,stopped,60.0,20.0,8.741,3.3934,-5.3477
2026-09-23 17:47:31,1790178451808,eth,1790178300,Up,0.2,0.17,15.0,749,1.04,1.02,stopped,60.0,20.0,3.8066,2.6314,-1.1752
2026-09-23 17:48:46,1790178526867,eth,1790178300,Up,0.19,0.16,15.8,674,1.03,1.0,stopped,65.0,20.0,3.5975,2.4417,-1.1559
2026-09-23 17:50:06,1790178606881,eth,1790178300,Up,0.18,0.13,27.8,594,1.03,0.95,stopped,65.0,20.0,2.9686,1.497,-1.4716
2026-09-23 17:52:01,1790178721850,btc,1790178300,Up,0.34,0.28,17.6,479,1.03,0.92,hedged,15.0,20.0,19.0146,20.0,0.9854
2026-09-23 17:52:06,1790178726808,eth,1790178300,Up,0.14,0.11,21.4,474,1.03,0.97,stopped,60.0,20.0,2.5478,0.7462,-1.8016
2026-09-23 17:52:26,1790178746841,btc,1790178300,Up,0.39,0.33,15.4,454,1.03,1.01,stopped,60.0,20.0,7.1142,2.4417,-4.6725
2026-09-23 17:53:11,1790178791862,eth,1790178300,Up,0.06,0.05,16.7,409,1.03,1.01,stopped,60.1,20.0,1.279,0.5593,-0.7197
2026-09-23 17:53:36,1790178816812,btc,1790178300,Up,0.15,0.12,20.0,384,1.03,1.02,stopped,60.0,20.0,2.7583,1.3089,-1.4495
2026-09-23 17:54:46,1790178886831,btc,1790178300,Up,0.09,0.06,33.3,314,1.03,1.0,stopped,60.1,20.0,1.4911,1.3089,-0.1823
2026-09-23 17:54:46,1790178886832,eth,1790178300,Up,0.07,0.05,28.6,314,1.03,0.989,stopped,60.1,20.0,1.279,1.3277,0.0487
2026-09-23 17:55:56,1790178956995,eth,1790178300,Up,0.098,0.082,16.3,244,1.021,1.021,stopped,64.9,20.0,1.957,0.3726,-1.5844
2026-09-23 17:56:01,1790178961924,btc,1790178300,Up,0.11,0.04,63.6,239,1.03,1.02,stopped,64.9,20.0,1.0665,0.1861,-0.8804
2026-09-23 17:57:56,1790179076906,eth,1790178300,Up,0.07,0.039,44.3,124,1.038,1.038,stopped,60.0,20.0,1.0452,0.1861,-0.8591
2026-09-23 18:00:11,1790179211886,btc,1790179200,Down,0.48,0.4,16.7,889,1.03,0.88,hedged,55.1,20.0,18.2874,20.0,1.7126
2026-09-23 18:01:11,1790179271874,btc,1790179200,Up,0.56,0.41,26.8,829,1.03,1.01,stopped,60.1,20.0,8.741,3.0118,-5.7292
2026-09-23 18:01:06,1790179266973,eth,1790179200,Up,0.53,0.43,18.9,834,1.03,1.03,stopped,65.0,20.0,9.145,3.0118,-6.1331
2026-09-23 18:02:16,1790179336877,btc,1790179200,Up,0.19,0.14,26.3,764,1.03,1.02,stopped,60.0,20.0,3.1785,1.6853,-1.4932
2026-09-23 18:02:16,1790179336878,eth,1790179200,Up,0.19,0.15,21.1,764,1.03,1.01,stopped,60.0,20.0,3.3882,1.3089,-2.0793
2026-09-23 18:04:11,1790179451912,eth,1790179200,Down,0.8,0.68,15.0,649,1.03,1.03,stopped,60.0,20.0,14.0995,10.2513,-3.8482
2026-09-23 18:05:11,1790179511929,btc,1790179200,Down,0.65,0.55,15.4,589,1.03,1.03,stopped,60.0,20.0,11.545,4.1598,-7.3852
2026-09-23 18:05:46,1790179546907,eth,1790179200,Down,0.45,0.34,24.4,554,1.03,1.03,stopped,60.0,20.0,7.3185,3.776,-3.5425
2026-09-23 18:06:16,1790179576959,btc,1790179200,Down,0.28,0.21,25.0,524,1.03,1.02,stopped,65.0,20.0,4.6402,2.0629,-2.5773
2026-09-23 18:07:11,1790179631962,eth,1790179200,Down,0.22,0.18,18.2,469,1.05,1.02,stopped,64.9,20.0,4.0155,1.874,-2.1415
2026-09-23 18:07:51,1790179671888,btc,1790179200,Down,0.12,0.1,16.7,429,1.03,1.03,stopped,60.0,20.0,2.3371,1.3089,-1.0282
2026-09-23 18:09:01,1790179741894,btc,1790179200,Down,0.09,0.07,22.2,359,1.03,1.03,stopped,60.0,20.0,1.703,0.1861,-1.5169
2026-09-23 18:09:06,1790179746907,eth,1790179200,Down,0.14,0.11,21.4,354,1.04,1.03,stopped,60.1,20.0,2.5478,0.5593,-1.9886
2026-09-23 18:10:51,1790179851921,eth,1790179200,Down,0.06,0.05,16.7,249,1.03,0.98,stopped,65.0,20.0,1.279,0.1861,-1.0928
2026-09-23 18:17:11,1790180231932,eth,1790180100,Down,0.5,0.42,16.0,769,1.03,0.94,stopped,60.1,20.0,8.9431,9.0513,0.1081
2026-09-23 18:20:46,1790180446952,btc,1790180100,Up,0.45,0.33,26.7,554,1.03,0.99,stopped,60.0,20.0,7.1142,3.5845,-3.5296
2026-09-23 18:21:46,1790180506980,eth,1790180100,Up,0.33,0.27,18.2,494,1.03,0.89,hedged,60.0,20.0,18.4153,20.0,1.5847
2026-09-23 18:22:11,1790180531972,btc,1790180100,Up,0.2,0.17,15.0,469,1.03,0.89,hedged,50.1,20.0,18.2949,20.0,1.7051
2026-09-23 18:23:06,1790180586986,btc,1790180100,Down,0.74,0.61,17.6,414,1.03,0.89,hedged,45.0,20.0,18.4058,20.0,1.5942
2026-09-23 18:23:06,1790180586987,eth,1790180100,Down,0.59,0.39,33.9,414,1.03,0.87,hedged,55.0,20.0,18.0847,20.0,1.9153
2026-09-23 18:23:56,1790180636989,btc,1790180100,Up,0.33,0.24,27.3,364,1.03,0.99,stopped,65.1,20.0,5.2625,3.2025,-2.06
2026-09-23 18:25:11,1790180711985,eth,1790180100,Down,0.59,0.44,25.4,289,1.05,0.81,hedged,40.0,20.0,16.8691,20.0,3.1309
2026-09-23 18:25:31,1790180731989,btc,1790180100,Up,0.36,0.29,19.4,269,1.03,0.99,stopped,60.0,20.0,6.294,1.121,-5.173
2026-09-23 18:26:51,1790180811975,eth,1790180100,Up,0.42,0.32,23.8,189,1.03,0.92,hedged,5.0,20.0,19.0482,20.0,0.9518
2026-09-23 18:26:51,1790180811973,btc,1790180100,Up,0.11,0.09,18.2,189,1.03,0.93,stopped,60.0,20.0,2.126,0.9335,-1.1925
2026-09-23 18:27:07,1790180827031,eth,1790180100,Up,0.53,0.43,18.9,174,1.03,1.03,stopped,65.0,20.0,9.145,2.6314,-6.5135
2026-09-23 18:28:06,1790180886992,btc,1790180100,Up,0.07,0.04,42.9,114,1.03,1.03,held_to_resolution,,20.0,1.0665,,
2026-09-23 18:28:16,1790180896985,eth,1790180100,Up,0.2,0.13,35.0,104,1.03,1.03,held_to_resolution,,20.0,2.9686,,
2026-09-23 18:30:36,1790181036989,btc,1790181000,Down,0.38,0.32,15.8,864,1.03,0.99,stopped,60.0,20.0,6.9095,6.4858,-0.4237
2026-09-23 18:30:36,1790181036990,eth,1790181000,Down,0.36,0.28,22.2,864,1.03,1.03,stopped,60.0,20.0,6.0883,4.7375,-1.3508
2026-09-23 18:32:42,1790181162015,btc,1790181000,Down,0.37,0.31,16.2,739,1.03,0.95,stopped,65.0,20.0,6.7046,7.0737,0.369
2026-09-23 18:32:42,1790181162017,eth,1790181000,Down,0.31,0.22,29.0,739,1.03,0.98,stopped,65.0,20.0,4.8479,4.5446,-0.3033
2026-09-23 18:34:02,1790181242009,eth,1790181000,Down,0.27,0.21,22.2,659,1.03,1.01,stopped,60.1,20.0,4.6402,3.3934,-1.2469
2026-09-23 18:35:32,1790181332018,btc,1790181000,Up,0.59,0.46,22.0,569,1.03,1.03,stopped,60.0,20.0,9.7487,8.059,-1.6898
2026-09-23 18:36:32,1790181392052,eth,1790181000,Down,0.35,0.26,25.7,509,1.03,1.03,stopped,65.0,20.0,5.6759,3.0118,-2.6641
2026-09-23 18:37:42,1790181462014,eth,1790181000,Down,0.2,0.15,25.0,439,1.03,1.0,stopped,60.0,20.0,3.3882,1.874,-1.5142
2026-09-23 18:38:52,1790181532061,btc,1790181000,Up,0.43,0.32,25.6,369,1.03,1.03,stopped,65.0,20.0,6.9095,1.497,-5.4126
2026-09-23 18:40:07,1790181607050,eth,1790181000,Down,0.37,0.28,24.3,294,1.03,0.88,hedged,25.0,20.0,18.2269,20.0,1.7731
2026-09-23 18:40:02,1790181602006,btc,1790181000,Up,0.1,0.08,20.0,299,1.03,1.02,stopped,60.1,20.0,1.9147,0.1861,-1.7285
2026-09-23 18:40:47,1790181647050,eth,1790181000,Up,0.58,0.48,17.2,254,1.04,1.04,stopped,60.5,20.0,10.1499,3.0118,-7.138
2026-09-23 18:42:12,1790181732057,eth,1790181000,Up,0.21,0.12,42.9,169,1.03,0.9,hedged,30.0,20.0,18.4063,20.0,1.5937
2026-09-23 18:43:02,1790181782075,eth,1790181000,Up,0.42,0.29,31.0,119,1.03,0.6,hedged,5.0,20.0,12.588,20.0,7.412
2026-09-23 18:43:12,1790181792066,eth,1790181000,Down,0.72,0.22,69.4,109,1.03,1.03,held_to_resolution,,20.0,4.8479,,
2026-09-23 18:45:22,1790181922089,eth,1790181900,Down,0.43,0.34,20.9,879,1.03,0.88,hedged,10.0,20.0,18.2672,20.0,1.7328
2026-09-23 18:45:52,1790181952051,btc,1790181900,Up,0.55,0.42,23.6,849,1.03,0.94,stopped,60.0,20.0,8.9431,5.9005,-3.0426
2026-09-23 18:47:47,1790182067103,eth,1790181900,Up,0.4,0.34,15.0,734,1.03,1.02,stopped,65.0,20.0,7.3185,4.1598,-3.1587
2026-09-23 18:48:12,1790182092058,btc,1790181900,Up,0.29,0.24,17.2,709,1.03,1.02,stopped,60.0,20.0,5.2625,3.0118,-2.2507
2026-09-23 18:49:17,1790182157067,btc,1790181900,Up,0.18,0.14,22.2,644,1.03,1.03,stopped,60.0,20.0,3.1785,1.3089,-1.8696
2026-09-23 18:49:17,1790182157068,eth,1790181900,Up,0.24,0.19,20.8,644,1.03,0.94,stopped,60.5,20.0,4.224,3.5845,-0.6395
2026-09-23 18:50:27,1790182227080,btc,1790181900,Up,0.09,0.07,22.2,574,1.03,0.95,stopped,60.0,20.0,1.703,1.121,-0.582
2026-09-23 18:50:27,1790182227081,eth,1790181900,Up,0.21,0.13,38.1,574,1.03,0.94,stopped,60.0,20.0,2.9686,1.6853,-1.2832
2026-09-23 18:51:57,1790182317108,btc,1790181900,Up,0.13,0.1,23.1,484,1.03,1.02,stopped,60.1,20.0,2.3371,0.9335,-1.4036
2026-09-23 18:52:02,1790182322096,eth,1790181900,Up,0.18,0.13,27.8,479,1.03,1.02,stopped,60.0,20.0,2.9686,1.6853,-1.2832
2026-09-23 18:53:37,1790182417096,btc,1790181900,Up,0.06,0.05,16.7,384,1.03,0.98,stopped,60.0,20.0,1.279,0.9335,-0.3455
2026-09-23 18:53:42,1790182422148,eth,1790181900,Up,0.06,0.05,16.7,379,1.03,0.93,stopped,60.1,20.0,1.279,0.9335,-0.3455
2026-09-23 18:54:42,1790182482217,btc,1790181900,Up,0.07,0.05,28.6,319,1.03,1.01,stopped,60.3,20.0,1.279,0.5593,-0.7197
2026-09-23 18:54:47,1790182487184,eth,1790181900,Up,0.09,0.07,22.2,314,1.03,0.99,stopped,64.9,20.0,1.703,0.7462,-0.9568
2026-09-23 18:55:47,1790182547129,btc,1790181900,Up,0.06,0.04,33.3,254,1.03,1.03,stopped,60.0,20.0,1.0665,0.1861,-0.8804
2026-09-23 18:57:12,1790182632146,eth,1790181900,Up,0.11,0.09,18.2,169,1.04,0.98,stopped,80.0,20.0,2.126,0.1861,-1.9399
2026-09-23 18:57:37,1790182657153,btc,1790181900,Up,0.14,0.08,42.9,144,1.03,1.03,stopped,65.0,20.0,1.9147,0.1861,-1.7285
2026-09-23 19:01:02,1790182862109,btc,1790182800,Down,0.43,0.35,18.6,839,1.03,1.03,stopped,60.0,20.0,7.5226,5.1241,-2.3985
2026-09-23 19:01:42,1790182902137,eth,1790182800,Down,0.28,0.23,17.9,799,1.03,0.8,hedged,30.1,20.0,16.6003,20.0,3.3997
2026-09-23 19:02:12,1790182932189,btc,1790182800,Up,0.69,0.58,15.9,769,1.03,1.03,stopped,64.9,20.0,12.1387,6.2905,-5.8482
2026-09-23 19:02:17,1790182937167,eth,1790182800,Up,0.67,0.47,29.9,764,1.04,1.04,stopped,65.0,20.0,9.9494,7.2702,-2.6793
2026-09-23 19:03:42,1790183022169,btc,1790182800,Up,0.4,0.31,22.5,679,1.03,1.01,stopped,60.0,20.0,6.7046,5.9005,-0.8041
2026-09-23 19:03:52,1790183032143,eth,1790182800,Up,0.35,0.28,20.0,669,1.03,0.95,stopped,60.1,20.0,6.0883,6.0954,0.0071
2026-09-23 19:05:07,1790183107164,btc,1790182800,Up,0.31,0.26,16.1,594,1.03,1.03,stopped,60.3,20.0,5.6759,3.5845,-2.0914
2026-09-23 19:07:52,1790183272161,eth,1790182800,Up,0.24,0.19,20.8,429,1.03,1.03,stopped,60.0,20.0,4.224,0.3726,-3.8514
2026-09-23 19:08:02,1790183282188,btc,1790182800,Up,0.19,0.14,26.3,419,1.03,1.02,stopped,60.0,20.0,3.1785,0.9335,-2.245
2026-09-23 19:09:12,1790183352181,btc,1790182800,Up,0.07,0.05,28.6,349,1.03,0.93,stopped,65.0,20.0,1.279,1.121,-0.1579
2026-09-23 19:09:12,1790183352183,eth,1790182800,Up,0.06,0.05,16.7,349,1.04,0.96,stopped,65.5,20.0,1.279,0.3726,-0.9064
2026-09-23 19:10:27,1790183427196,btc,1790182800,Up,0.09,0.06,33.3,274,1.03,0.99,stopped,65.0,20.0,1.4911,1.3089,-0.1823
2026-09-23 19:11:37,1790183497219,btc,1790182800,Up,0.09,0.05,44.4,204,1.03,1.03,stopped,60.0,20.0,1.279,0.1861,-1.0928
2026-09-23 19:11:37,1790183497220,eth,1790182800,Up,0.05,0.04,20.0,204,1.03,1.03,stopped,65.0,20.0,1.0665,0.1861,-0.8804
2026-09-23 19:15:22,1790183722256,eth,1790183700,Up,0.6,0.51,15.0,879,1.03,0.88,hedged,20.4,20.0,18.272,20.0,1.728
2026-09-23 19:16:12,1790183772702,btc,1790183700,Down,0.31,0.26,16.1,829,1.03,1.0,stopped,64.5,20.0,5.6759,2.6314,-3.0445
2026-09-23 19:16:12,1790183772704,eth,1790183700,Down,0.33,0.28,15.2,829,1.03,1.0,stopped,64.5,20.0,6.0883,3.0118,-3.0764
2026-09-23 19:17:22,1790183842229,btc,1790183700,Down,0.19,0.14,26.3,759,1.03,1.01,stopped,65.0,20.0,3.1785,1.6853,-1.4932
2026-09-23 19:17:22,1790183842231,eth,1790183700,Down,0.19,0.16,15.8,759,1.03,1.02,stopped,65.0,20.0,3.5975,2.2522,-1.3454
2026-09-23 19:18:57,1790183937275,eth,1790183700,Down,0.13,0.11,15.4,664,1.03,1.0,stopped,60.0,20.0,2.5478,1.3089,-1.239
2026-09-23 19:19:47,1790183987210,btc,1790183700,Down,0.1,0.08,20.0,614,1.03,1.03,stopped,60.0,20.0,1.9147,0.9335,-0.9812
2026-09-23 19:21:02,1790184062236,eth,1790183700,Down,0.06,0.05,16.7,539,1.04,1.03,stopped,60.0,20.0,1.279,0.1861,-1.0928
2026-09-23 19:21:17,1790184077260,btc,1790183700,Down,0.06,0.05,16.7,524,1.03,1.02,stopped,65.0,20.0,1.279,0.3726,-0.9064
2026-09-23 19:30:22,1790184622278,btc,1790184600,Down,0.56,0.46,17.9,879,1.03,0.93,stopped,60.0,20.0,9.7487,10.0506,0.3018
2026-09-23 19:32:17,1790184737299,btc,1790184600,Down,0.64,0.53,17.2,764,1.03,1.01,stopped,60.0,20.0,11.1478,8.8522,-2.2955
2026-09-23 19:32:17,1790184737300,eth,1790184600,Down,0.66,0.56,15.2,764,1.04,1.01,stopped,60.0,20.0,11.7431,9.2506,-2.4926
2026-09-23 19:34:12,1790184852297,eth,1790184600,Up,0.48,0.39,18.7,649,1.03,0.99,stopped,60.0,20.0,8.336,4.3521,-3.9839
2026-09-23 19:35:22,1790184922317,eth,1790184600,Up,0.25,0.17,32.0,579,1.03,0.93,stopped,60.0,20.0,3.8066,4.7375,0.9309
2026-09-23 19:37:02,1790185022422,btc,1790184600,Down,0.7,0.59,15.7,479,1.03,0.97,stopped,64.9,20.0,12.336,9.8501,-2.4859
2026-09-23 19:37:27,1790185047344,eth,1790184600,Up,0.36,0.28,22.2,454,1.03,0.9,hedged,50.0,20.0,18.6213,20.0,1.3787
2026-09-23 19:38:27,1790185107665,eth,1790184600,Up,0.41,0.29,29.3,394,1.05,1.01,stopped,64.6,20.0,6.294,2.6314,-3.6626
2026-09-23 19:38:32,1790185112341,btc,1790184600,Up,0.49,0.38,22.4,389,1.03,0.98,stopped,65.0,20.0,8.1331,6.0954,-2.0377
2026-09-23 19:40:02,1790185202348,btc,1790184600,Up,0.4,0.34,15.0,299,1.03,0.85,hedged,20.0,20.0,17.6685,20.0,2.3315
2026-09-23 19:39:42,1790185182333,eth,1790184600,Up,0.16,0.13,18.8,319,1.03,0.93,stopped,60.4,20.0,2.9686,3.3934,0.4248
2026-09-23 19:40:47,1790185247313,eth,1790184600,Up,0.2,0.15,25.0,254,1.05,0.77,hedged,10.2,20.0,15.9212,20.0,4.0788
2026-09-23 19:41:07,1790185267346,eth,1790184600,Up,0.41,0.3,26.8,234,1.04,0.9,hedged,20.0,20.0,18.6381,20.0,1.3619
2026-09-23 19:41:32,1790185292329,eth,1790184600,Down,0.71,0.57,19.7,209,1.03,0.89,hedged,5.0,20.0,18.4405,20.0,1.5595
2026-09-23 19:40:57,1790185257501,btc,1790184600,Down,0.53,0.28,47.2,244,1.03,0.9,hedged,54.8,20.0,18.6213,20.0,1.3787
2026-09-23 19:42:17,1790185337330,btc,1790184600,Down,0.44,0.32,27.3,164,1.03,1.03,stopped,60.0,20.0,6.9095,0.1861,-6.7234
2026-09-23 19:42:17,1790185337331,eth,1790184600,Down,0.59,0.41,30.5,164,1.04,0.94,stopped,60.0,20.0,8.741,0.3726,-8.3685
2026-09-23 19:45:12,1790185512351,btc,1790185500,Down,0.51,0.43,15.7,889,1.03,1.02,stopped,60.0,20.0,9.145,6.2905,-2.8545
2026-09-23 19:46:07,1790185567392,eth,1790185500,Down,0.45,0.38,15.6,834,1.03,0.98,stopped,65.0,20.0,8.1331,7.8613,-0.2717
2026-09-23 19:47:57,1790185677490,btc,1790185500,Down,0.35,0.29,17.1,724,1.03,0.92,hedged,59.9,20.0,19.0238,20.0,0.9762
2026-09-23 19:49:12,1790185752377,eth,1790185500,Down,0.44,0.37,15.9,649,1.04,1.02,stopped,60.0,20.0,7.9298,5.9005,-2.0293
2026-09-23 19:50:07,1790185807403,btc,1790185500,Down,0.28,0.23,17.9,594,1.03,0.99,stopped,65.0,20.0,5.0554,3.5845,-1.4708
2026-09-23 19:51:12,1790185872426,eth,1790185500,Down,0.32,0.27,15.6,529,1.04,0.97,stopped,65.0,20.0,5.8822,5.9005,0.0183
2026-09-23 19:52:32,1790185952419,btc,1790185500,Down,0.22,0.16,27.3,448,1.03,1.02,stopped,65.0,20.0,3.5975,1.6853,-1.9122
2026-09-23 19:52:32,1790185952420,eth,1790185500,Down,0.36,0.25,30.6,448,1.03,0.98,stopped,65.0,20.0,5.4694,4.5446,-0.9247
2026-09-23 19:54:07,1790186047390,eth,1790185500,Up,0.59,0.49,16.9,353,1.05,0.91,hedged,30.0,20.0,18.8887,20.0,1.1113
2026-09-23 19:54:22,1790186062585,btc,1790185500,Down,0.3,0.18,40.0,338,1.03,0.94,stopped,64.8,20.0,4.0155,4.1598,0.1443
2026-09-23 19:54:47,1790186087397,eth,1790185500,Up,0.61,0.51,16.4,313,1.03,0.98,stopped,60.0,20.0,10.7494,8.455,-2.2944
2026-09-23 19:55:52,1790186152413,eth,1790185500,Up,0.46,0.37,19.6,248,1.03,0.88,hedged,30.0,20.0,18.2798,20.0,1.7202
2026-09-23 19:56:17,1790186177412,btc,1790185500,Down,0.36,0.24,33.3,223,1.03,1.03,stopped,60.0,20.0,5.2625,3.776,-1.4865
2026-09-23 19:57:27,1790186247447,btc,1790185500,Down,0.22,0.15,31.8,153,1.03,1.03,stopped,65.0,20.0,3.3882,0.5593,-2.8289
2026-09-23 19:57:27,1790186247448,eth,1790185500,Down,0.59,0.49,16.9,153,1.05,0.96,stopped,65.0,20.0,10.35,8.059,-2.291
2026-09-23 19:58:37,1790186317397,btc,1790185500,Down,0.05,0.04,20.0,83,1.03,1.03,held_to_resolution,,20.0,1.0665,,
2026-09-23 19:58:42,1790186322428,eth,1790185500,Down,0.58,0.33,43.1,78,1.04,0.94,held_to_resolution,,20.0,7.1142,,
2026-09-23 20:00:57,1790186457482,btc,1790186400,Up,0.49,0.4,18.4,843,1.03,0.9,hedged,45.0,20.0,18.6885,20.0,1.3115
2026-09-23 20:02:37,1790186557403,btc,1790186400,Up,0.44,0.35,20.5,743,1.03,1.01,stopped,60.0,20.0,7.5226,4.3521,-3.1705
2026-09-23 20:02:37,1790186557404,eth,1790186400,Up,0.43,0.35,18.6,743,1.03,1.03,stopped,60.0,20.0,7.5226,4.1598,-3.3628
2026-09-23 20:03:42,1790186622450,eth,1790186400,Up,0.24,0.2,16.7,678,1.03,0.96,stopped,60.0,20.0,4.4323,4.7375,0.3052
2026-09-23 20:04:52,1790186692477,eth,1790186400,Up,0.27,0.22,18.5,608,1.03,0.91,hedged,20.0,20.0,18.7526,20.0,1.2474
2026-09-23 20:05:37,1790186737426,btc,1790186400,Up,0.31,0.24,22.6,563,1.03,0.89,hedged,25.0,20.0,18.3851,20.0,1.6149
2026-09-23 20:05:37,1790186737428,eth,1790186400,Up,0.32,0.23,28.1,563,1.03,0.83,hedged,30.0,20.0,17.194,20.0,2.806
2026-09-23 20:06:17,1790186777429,eth,1790186400,Up,0.44,0.33,25.0,523,1.03,0.95,stopped,60.0,20.0,7.1142,6.6815,-0.4327
2026-09-23 20:08:02,1790186882439,btc,1790186400,Down,0.62,0.49,21.0,418,1.03,0.92,hedged,15.0,20.0,19.091,20.0,0.909
2026-09-23 20:08:17,1790186897449,eth,1790186400,Up,0.54,0.43,20.4,403,1.03,0.94,stopped,60.1,20.0,9.145,6.2905,-2.8545
2026-09-23 20:09:07,1790186947444,btc,1790186400,Up,0.45,0.36,20.0,353,1.03,1.01,stopped,60.0,20.0,7.7263,3.3934,-4.333
2026-09-23 20:09:22,1790186962980,eth,1790186400,Up,0.35,0.28,20.0,338,1.05,1.01,stopped,64.5,20.0,6.0883,4.5446,-1.5436
2026-09-23 20:10:47,1790187047501,eth,1790186400,Up,0.24,0.17,29.2,253,1.03,0.91,hedged,35.0,20.0,18.6826,20.0,1.3174
2026-09-23 20:10:47,1790187047500,btc,1790186400,Up,0.18,0.14,22.2,253,1.03,1.0,stopped,65.0,20.0,3.1785,1.6853,-1.4932
2026-09-23 20:11:27,1790187087493,eth,1790186400,Up,0.29,0.21,27.6,213,1.03,1.02,stopped,60.0,20.0,4.6402,0.3726,-4.2677
2026-09-23 20:12:07,1790187127498,btc,1790186400,Up,0.11,0.09,18.2,173,1.03,1.03,stopped,65.1,20.0,2.126,0.1861,-1.9399
2026-09-23 20:13:27,1790187207497,btc,1790186400,Up,0.05,0.04,20.0,93,1.03,1.03,held_to_resolution,,20.0,1.0665,,
2026-09-23 20:13:52,1790187232492,eth,1790186400,Up,0.07,0.03,57.1,68,1.03,1.03,held_to_resolution,,20.0,0.8538,,
2026-09-23 20:18:22,1790187502504,eth,1790187300,Up,0.41,0.34,17.1,698,1.04,0.89,hedged,25.0,20.0,18.4663,20.0,1.5337
2026-09-23 20:18:47,1790187527532,btc,1790187300,Down,0.62,0.49,21.0,673,1.03,0.95,stopped,65.0,20.0,10.35,7.2702,-3.0798
2026-09-23 20:19:12,1790187552502,eth,1790187300,Down,0.61,0.5,18.0,648,1.03,0.93,stopped,60.0,20.0,10.5499,11.259,0.7091
2026-09-23 20:20:52,1790187652497,btc,1790187300,Up,0.5,0.41,18.0,548,1.03,1.01,stopped,60.1,20.0,8.741,5.5117,-3.2293
2026-09-23 20:21:02,1790187662530,eth,1790187300,Up,0.29,0.24,17.2,538,1.05,1.0,stopped,60.0,20.0,5.2625,3.2025,-2.06
2026-09-23 20:22:22,1790187742538,btc,1790187300,Up,0.35,0.28,20.0,458,1.03,1.0,stopped,60.0,20.0,6.0883,5.3178,-0.7705
2026-09-23 20:23:32,1790187812532,btc,1790187300,Up,0.3,0.25,16.7,388,1.03,0.85,hedged,10.0,20.0,17.608,20.0,2.392
2026-09-23 20:23:12,1790187792534,eth,1790187300,Up,0.2,0.16,20.0,408,1.03,0.9,hedged,30.0,20.0,18.4735,20.0,1.5265
2026-09-23 20:23:43,1790187823939,btc,1790187300,Down,0.76,0.58,23.7,377,1.03,0.91,hedged,50.0,20.0,18.8433,20.0,1.1567
2026-09-23 20:23:43,1790187823940,eth,1790187300,Down,0.85,0.72,15.3,377,1.03,0.96,stopped,60.0,20.0,14.8759,13.706,-1.1699
2026-09-23 20:25:28,1790187928907,btc,1790187300,Up,0.36,0.3,16.7,272,1.03,0.74,hedged,45.1,20.0,15.4426,20.0,4.5574
2026-09-23 20:25:13,1790187913960,eth,1790187300,Up,0.32,0.27,15.6,287,1.03,0.85,hedged,60.0,20.0,17.6254,20.0,2.3746
2026-09-23 20:26:18,1790187978956,btc,1790187300,Down,0.61,0.44,27.9,222,1.03,0.88,hedged,30.0,20.0,18.2896,20.0,1.7104
2026-09-23 20:26:48,1790188008929,eth,1790187300,Up,0.45,0.29,35.6,192,1.03,1.03,stopped,60.0,20.0,6.294,1.874,-4.42
2026-09-23 20:26:53,1790188013966,btc,1790187300,Up,0.42,0.31,26.2,187,1.03,1.03,stopped,65.0,20.0,6.7046,2.6314,-4.0732
2026-09-23 20:28:03,1790188083918,btc,1790187300,Up,0.2,0.13,35.0,117,1.03,1.03,stopped,60.0,20.0,2.9686,0.7462,-2.2223
2026-09-23 20:28:03,1790188083919,eth,1790187300,Up,0.13,0.1,23.1,117,1.04,0.99,stopped,60.0,20.0,2.3371,2.0629,-0.2741
2026-09-23 20:29:13,1790188153942,btc,1790187300,Up,0.06,0.02,66.7,47,1.03,1.03,held_to_resolution,,20.0,0.6407,,
2026-09-23 20:29:13,1790188153943,eth,1790187300,Up,0.16,0.05,68.8,47,1.03,1.03,held_to_resolution,,20.0,1.279,,
2026-09-23 20:31:08,1790188268968,eth,1790188200,Up,0.5,0.42,16.0,832,1.03,0.89,hedged,25.0,20.0,18.4909,20.0,1.5091
2026-09-23 20:32:43,1790188363969,btc,1790188200,Down,0.55,0.43,21.8,737,1.03,0.9,hedged,45.0,20.0,18.6927,20.0,1.3073
2026-09-23 20:32:43,1790188363970,eth,1790188200,Down,0.59,0.47,20.3,737,1.03,0.86,hedged,45.0,20.0,17.8793,20.0,2.1207
2026-09-23 20:34:53,1790188493958,btc,1790188200,Up,0.5,0.4,20.0,607,1.03,0.96,stopped,60.0,20.0,8.5387,6.8774,-1.6612
2026-09-23 20:34:53,1790188493960,eth,1790188200,Up,0.5,0.4,20.0,607,1.03,0.99,stopped,60.0,20.0,8.5387,6.2905,-2.2482
2026-09-23 20:37:09,1790188629038,eth,1790188200,Up,0.42,0.3,28.6,472,1.03,0.92,hedged,35.0,20.0,19.0325,20.0,0.9675
2026-09-23 20:37:09,1790188629037,btc,1790188200,Up,0.48,0.39,18.7,472,1.03,0.93,stopped,65.0,20.0,8.336,6.8774,-1.4586
2026-09-23 20:37:53,1790188673999,eth,1790188200,Up,0.39,0.33,15.4,427,1.04,1.02,stopped,60.0,20.0,7.1142,6.0954,-1.0188
2026-09-23 20:39:38,1790188778984,eth,1790188200,Up,0.19,0.16,15.8,322,1.03,0.91,hedged,45.0,20.0,18.6669,20.0,1.3331
2026-09-23 20:40:13,1790188813994,btc,1790188200,Up,0.39,0.33,15.4,287,1.03,0.86,hedged,15.0,20.0,17.8636,20.0,2.1364
2026-09-23 20:40:54,1790188854014,btc,1790188200,Down,0.54,0.43,20.4,247,1.03,0.78,hedged,15.0,20.0,16.2591,20.0,3.7409
2026-09-23 20:41:19,1790188879008,btc,1790188200,Up,0.33,0.28,15.2,222,1.03,0.92,hedged,25.0,20.0,19.0146,20.0,0.9854
2026-09-23 20:40:44,1790188844459,eth,1790188200,Up,0.31,0.26,16.1,257,1.03,0.96,stopped,64.6,20.0,5.6759,1.874,-3.8019
2026-09-23 20:41:59,1790188919009,btc,1790188200,Up,0.36,0.3,16.7,182,1.03,0.89,hedged,5.0,20.0,18.4405,20.0,1.5595
2026-09-23 20:42:09,1790188929002,btc,1790188200,Down,0.71,0.51,28.2,172,1.03,0.89,hedged,10.0,20.0,18.4758,20.0,1.5242
2026-09-23 20:41:54,1790188914002,eth,1790188200,Up,0.16,0.13,18.8,187,1.05,0.91,hedged,30.0,20.0,18.8088,20.0,1.1912
2026-09-23 20:42:24,1790188944011,btc,1790188200,Down,0.65,0.52,20.0,157,1.03,1.03,stopped,60.0,20.0,10.9487,6.6815,-4.2672
2026-09-23 20:42:29,1790188949058,eth,1790188200,Up,0.24,0.17,29.2,152,1.03,0.95,stopped,64.9,20.0,3.8066,3.5845,-0.2221
2026-09-23 20:43:44,1790189024014,btc,1790188200,Down,0.32,0.26,18.8,77,1.03,1.03,held_to_resolution,,20.0,5.6759,,
2026-09-23 20:43:49,1790189029016,eth,1790188200,Down,0.8,0.4,50.0,72,1.04,1.02,held_to_resolution,,20.0,8.5387,,
2026-09-23 20:46:44,1790189204039,eth,1790189100,Up,0.6,0.44,26.7,797,1.03,0.92,hedged,25.0,20.0,19.0952,20.0,0.9048
2026-09-23 20:46:44,1790189204038,btc,1790189100,Up,0.57,0.45,21.1,797,1.03,0.96,stopped,60.0,20.0,9.5478,7.664,-1.8838
2026-09-23 20:47:39,1790189259049,eth,1790189100,Up,0.58,0.48,17.2,742,1.03,0.88,hedged,50.0,20.0,18.2829,20.0,1.7171
2026-09-23 20:48:34,1790189314095,btc,1790189100,Down,0.52,0.43,17.3,687,1.04,0.99,stopped,60.4,20.0,9.145,4.1598,-4.9852
2026-09-23 20:49:19,1790189359049,eth,1790189100,Down,0.24,0.19,20.8,642,1.03,0.94,stopped,60.5,20.0,4.224,1.6853,-2.5387
2026-09-23 20:50:19,1790189419082,btc,1790189100,Down,0.26,0.19,26.9,582,1.03,1.03,stopped,65.0,20.0,4.224,1.3089,-2.9151
2026-09-23 20:51:09,1790189469081,eth,1790189100,Down,0.09,0.07,22.2,532,1.03,1.03,stopped,65.0,20.0,1.703,0.3726,-1.3305
2026-09-23 20:51:59,1790189519164,btc,1790189100,Down,0.08,0.06,25.0,482,1.03,1.02,stopped,64.9,20.0,1.4911,0.9335,-0.5576
2026-09-23 20:53:34,1790189614053,btc,1790189100,Down,0.09,0.07,22.2,387,1.03,1.02,stopped,60.0,20.0,1.703,0.1861,-1.5169
2026-09-23 21:01:04,1790190064141,eth,1790190000,Down,0.49,0.37,24.5,837,1.03,0.88,hedged,45.0,20.0,18.2798,20.0,1.7202
2026-09-23 21:01:49,1790190109116,btc,1790190000,Up,0.58,0.48,17.2,792,1.03,1.0,stopped,65.0,20.0,10.1499,6.6815,-3.4684
2026-09-23 21:02:39,1790190159091,eth,1790190000,Up,0.5,0.38,24.0,742,1.04,1.04,stopped,60.0,20.0,8.1331,4.1598,-3.9733
2026-09-23 21:03:29,1790190209094,btc,1790190000,Up,0.41,0.29,29.3,692,1.03,0.99,stopped,60.0,20.0,6.294,4.7375,-1.5565
2026-09-23 21:05:39,1790190339131,eth,1790190000,Up,0.2,0.17,15.0,562,1.03,1.01,stopped,60.0,20.0,3.8066,2.6314,-1.1752
2026-09-23 21:05:59,1790190359162,btc,1790190000,Up,0.18,0.13,27.8,542,1.03,0.89,hedged,50.0,20.0,18.2311,20.0,1.7689
2026-09-23 21:07:29,1790190449333,eth,1790190000,Down,0.55,0.44,20.0,452,1.07,0.88,hedged,34.8,20.0,18.2896,20.0,1.7104
2026-09-23 21:07:09,1790190429121,btc,1790190000,Down,0.77,0.62,19.5,472,1.03,1.02,stopped,60.1,20.0,12.9263,9.8501,-3.0762
2026-09-23 21:08:29,1790190509174,btc,1790190000,Up,0.39,0.31,20.5,392,1.03,0.92,hedged,40.0,20.0,19.0406,20.0,0.9594
2026-09-23 21:08:29,1790190509175,eth,1790190000,Up,0.34,0.24,29.4,392,1.03,0.86,hedged,50.0,20.0,17.7956,20.0,2.2044
2026-09-23 21:09:29,1790190569176,btc,1790190000,Up,0.44,0.31,29.5,332,1.03,0.88,hedged,45.0,20.0,18.2496,20.0,1.7504
2026-09-23 21:09:24,1790190564199,eth,1790190000,Up,0.41,0.31,24.4,337,1.04,1.04,stopped,64.9,20.0,6.7046,4.7375,-1.9671
2026-09-23 21:10:44,1790190644151,btc,1790190000,Up,0.45,0.37,17.8,257,1.03,0.92,hedged,10.0,20.0,19.0776,20.0,0.9224
2026-09-23 21:10:39,1790190639171,eth,1790190000,Up,0.25,0.21,16.0,262,1.03,0.85,hedged,40.0,20.0,17.5666,20.0,2.4334
2026-09-23 21:11:14,1790190674165,btc,1790190000,Down,0.58,0.45,22.4,227,1.03,1.03,stopped,60.0,20.0,9.5478,4.9306,-4.6171
2026-09-23 21:11:59,1790190719198,eth,1790190000,Up,0.51,0.4,21.6,182,1.03,1.01,stopped,60.0,20.0,8.5387,0.7462,-7.7924
2026-09-23 21:12:34,1790190754176,btc,1790190000,Up,0.67,0.5,25.4,147,1.03,0.86,hedged,35.0,20.0,17.8684,20.0,2.1316
2026-09-23 21:13:34,1790190814158,eth,1790190000,Up,0.11,0.07,36.4,87,1.04,0.82,hedged,25.0,20.0,16.7724,20.0,3.2276
2026-09-23 21:13:14,1790190794180,btc,1790190000,Down,0.49,0.26,46.9,107,1.03,1.01,stopped,60.0,20.0,5.6759,0.1861,-5.4898
2026-09-23 21:14:04,1790190844200,eth,1790190000,Up,0.28,0.17,39.3,57,1.07,1.07,held_to_resolution,,20.0,3.8066,,
2026-09-23 21:18:29,1790191109256,eth,1790190900,Up,0.34,0.28,17.6,692,1.04,0.84,hedged,25.0,20.0,17.4348,20.0,2.5652
2026-09-23 21:20:29,1790191229208,btc,1790190900,Up,0.35,0.26,25.7,572,1.03,0.89,hedged,35.0,20.0,18.4058,20.0,1.5942
2026-09-23 21:20:09,1790191209220,eth,1790190900,Up,0.55,0.46,16.4,592,1.03,0.89,hedged,60.0,20.0,18.4898,20.0,1.5102
2026-09-23 21:21:59,1790191319203,eth,1790190900,Down,0.48,0.35,27.1,482,1.03,1.03,stopped,60.1,20.0,7.5226,2.2522,-5.2704
2026-09-23 21:22:19,1790191339209,btc,1790190900,Down,0.58,0.49,15.5,462,1.03,0.99,stopped,60.0,20.0,10.35,7.0737,-3.2763
2026-09-23 21:23:24,1790191404198,btc,1790190900,Down,0.48,0.36,25.0,397,1.03,1.03,stopped,60.0,20.0,7.7263,3.9677,-3.7586
2026-09-23 21:23:19,1790191399217,eth,1790190900,Down,0.19,0.13,31.6,402,1.04,1.03,stopped,65.0,20.0,2.9686,0.9335,-2.0351
2026-09-23 21:24:44,1790191484236,btc,1790190900,Down,0.22,0.15,31.8,317,1.03,1.03,stopped,60.0,20.0,3.3882,2.4417,-0.9465
2026-09-23 21:26:34,1790191594223,eth,1790190900,Down,0.05,0.03,40.0,207,1.04,1.03,stopped,60.0,20.0,0.8538,0.1861,-0.6676
2026-09-23 21:27:05,1790191625169,btc,1790190900,Down,0.13,0.11,15.4,177,1.03,1.03,stopped,64.1,20.0,2.5478,0.3726,-2.1753
2026-09-23 21:30:24,1790191824262,btc,1790191800,Down,0.49,0.39,20.4,877,1.03,0.91,hedged,30.0,20.0,18.8859,20.0,1.1141
2026-09-23 21:30:54,1790191854233,eth,1790191800,Up,0.61,0.5,18.0,847,1.03,0.95,stopped,60.2,20.0,10.5499,10.855,0.3052
2026-09-23 21:31:54,1790191914389,btc,1790191800,Down,0.58,0.49,15.5,787,1.03,1.01,stopped,64.9,20.0,10.35,7.664,-2.686
2026-09-23 21:31:59,1790191919246,eth,1790191800,Down,0.53,0.43,18.9,782,1.04,0.98,stopped,60.1,20.0,9.145,7.4669,-1.678
2026-09-23 21:33:34,1790192014285,eth,1790191800,Down,0.45,0.35,22.2,687,1.04,0.91,hedged,35.0,20.0,18.8691,20.0,1.1309
2026-09-23 21:33:29,1790192009258,btc,1790191800,Down,0.41,0.34,17.1,692,1.03,1.03,stopped,60.0,20.0,7.3185,5.1241,-2.1944
2026-09-23 21:34:44,1790192084285,eth,1790191800,Up,0.59,0.44,25.4,617,1.03,0.91,hedged,30.0,20.0,18.8943,20.0,1.1057
2026-09-23 21:34:54,1790192094270,btc,1790191800,Down,0.34,0.26,23.5,607,1.03,0.98,stopped,60.0,20.0,5.6759,4.7375,-0.9384
2026-09-23 21:36:09,1790192169283,btc,1790191800,Down,0.26,0.19,26.9,532,1.03,0.88,hedged,35.0,20.0,18.1286,20.0,1.8714
2026-09-23 21:36:09,1790192169284,eth,1790191800,Down,0.44,0.22,50.0,532,1.03,0.89,hedged,35.0,20.0,18.3621,20.0,1.6379
2026-09-23 21:37:34,1790192254273,btc,1790191800,Down,0.34,0.23,32.4,447,1.03,0.96,stopped,60.0,20.0,5.0554,2.8215,-2.2339
2026-09-23 21:37:34,1790192254275,eth,1790191800,Down,0.37,0.28,24.3,447,1.03,1.01,stopped,60.0,20.0,6.0883,2.8215,-3.2668
2026-09-23 21:38:39,1790192319303,eth,1790191800,Down,0.22,0.14,36.4,382,1.03,0.92,hedged,25.0,20.0,18.8264,20.0,1.1736
2026-09-23 21:38:39,1790192319302,btc,1790191800,Down,0.22,0.14,36.4,382,1.03,0.87,hedged,45.0,20.0,17.8607,20.0,2.1393
2026-09-23 21:40:19,1790192419292,btc,1790191800,Down,0.25,0.13,48.0,282,1.03,0.94,stopped,65.0,20.0,2.9686,2.4417,-0.5269
2026-09-23 21:40:19,1790192419741,eth,1790191800,Down,0.19,0.11,42.1,282,1.04,1.0,stopped,64.6,20.0,2.5478,1.121,-1.4268
2026-09-23 21:41:49,1790192509295,btc,1790191800,Down,0.18,0.12,33.3,192,1.03,1.03,stopped,60.0,20.0,2.7583,1.3089,-1.4495
2026-09-23 21:41:49,1790192509296,eth,1790191800,Down,0.11,0.08,27.3,192,1.03,1.0,stopped,60.0,20.0,1.9147,0.9335,-0.9812
2026-09-23 21:43:24,1790192604333,eth,1790191800,Up,0.65,0.46,29.2,97,1.03,0.82,hedged,10.1,20.0,17.0672,20.0,2.9328
2026-09-23 21:43:34,1790192614385,btc,1790191800,Down,0.31,0.11,64.5,87,1.03,1.0,held_to_resolution,,20.0,2.5478,,
2026-09-23 21:43:39,1790192619324,eth,1790191800,Down,0.52,0.38,26.9,82,1.04,1.04,held_to_resolution,,20.0,8.1331,,
2026-09-23 21:46:04,1790192764354,btc,1790192700,Down,0.56,0.46,17.9,837,1.03,0.98,stopped,60.5,20.0,9.7487,9.2506,-0.4982
2026-09-23 21:46:09,1790192769333,eth,1790192700,Down,0.5,0.41,18.0,832,1.03,1.03,stopped,60.0,20.0,8.741,5.706,-3.035
2026-09-23 21:47:19,1790192839327,btc,1790192700,Down,0.44,0.36,18.2,762,1.03,0.99,stopped,60.0,20.0,7.7263,6.8774,-0.8489
2026-09-23 21:47:19,1790192839328,eth,1790192700,Down,0.32,0.24,25.0,762,1.03,0.95,stopped,60.0,20.0,5.2625,5.5117,0.2492
2026-09-23 21:48:24,1790192904409,eth,1790192700,Down,0.31,0.26,16.1,697,1.03,0.97,stopped,65.0,20.0,5.6759,1.6853,-3.9906
2026-09-23 21:48:59,1790192939364,btc,1790192700,Down,0.39,0.29,25.6,662,1.03,1.03,stopped,65.0,20.0,6.294,4.9306,-1.3634
2026-09-23 21:49:59,1790192999348,eth,1790192700,Down,0.17,0.14,17.6,602,1.03,0.89,hedged,55.4,20.0,18.441,20.0,1.559
2026-09-23 21:51:04,1790193064372,btc,1790192700,Down,0.29,0.19,34.5,537,1.03,1.03,stopped,60.4,20.0,4.224,3.0118,-1.2122
2026-09-23 21:52:49,1790193169352,btc,1790192700,Up,0.86,0.69,19.8,432,1.03,1.03,stopped,60.0,20.0,14.294,11.4613,-2.8327
2026-09-23 21:53:19,1790193199372,eth,1790192700,Down,0.39,0.33,15.4,402,1.03,0.94,stopped,60.0,20.0,7.1142,3.776,-3.3382
2026-09-23 21:54:04,1790193244362,btc,1790192700,Down,0.4,0.21,47.5,357,1.03,0.93,stopped,60.0,20.0,4.6402,2.6314,-2.0088
2026-09-23 21:54:44,1790193284360,eth,1790192700,Up,0.84,0.71,15.5,317,1.03,0.86,hedged,20.0,20.0,17.6508,20.0,2.3492
2026-09-23 21:55:19,1790193319414,btc,1790192700,Down,0.22,0.15,31.8,282,1.03,0.75,hedged,65.0,20.0,15.5268,20.0,4.4732
2026-09-23 21:55:24,1790193324390,eth,1790192700,Down,0.18,0.14,22.2,277,1.03,0.91,hedged,60.0,20.0,18.6339,20.0,1.3661
2026-09-23 21:56:34,1790193394404,btc,1790192700,Down,0.43,0.34,20.9,207,1.03,1.02,stopped,65.0,20.0,7.3185,2.8215,-4.497
2026-09-23 21:56:44,1790193404368,eth,1790192700,Down,0.22,0.14,36.4,197,1.04,0.95,stopped,65.1,20.0,3.1785,2.6314,-0.5471
2026-09-23 21:57:49,1790193469420,btc,1790192700,Down,0.22,0.17,22.7,132,1.03,1.03,stopped,80.0,20.0,3.8066,0.1861,-3.6205
2026-09-23 21:59:19,1790193559377,btc,1790192700,Up,0.99,0.74,25.3,42,1.04,0.85,held_to_resolution,,20.0,15.2625,,
2026-09-23 21:57:59,1790193479388,eth,1790192700,Down,0.16,0.12,25.0,122,1.04,1.03,held_to_resolution,,20.0,2.7583,,
2026-09-23 22:00:14,1790193614384,eth,1790193600,Up,0.66,0.56,15.2,886,1.03,0.97,stopped,60.0,20.0,11.7431,10.0506,-1.6926
2026-09-23 22:00:54,1790193654411,btc,1790193600,Down,0.45,0.37,17.8,846,1.03,0.84,hedged,40.0,20.0,17.4776,20.0,2.5224
2026-09-23 22:01:34,1790193694403,eth,1790193600,Up,0.51,0.42,17.6,806,1.03,1.03,stopped,65.0,20.0,8.9431,5.9005,-3.0426
2026-09-23 22:02:54,1790193774396,eth,1790193600,Up,0.34,0.26,23.5,726,1.03,1.01,stopped,60.0,20.0,5.6759,2.6314,-3.0445
2026-09-23 22:03:24,1790193804425,btc,1790193600,Up,0.29,0.23,20.7,696,1.03,1.03,stopped,60.0,20.0,5.0554,2.0629,-2.9924
2026-09-23 22:04:49,1790193889420,eth,1790193600,Up,0.17,0.12,29.4,611,1.03,0.92,hedged,40.0,20.0,18.7906,20.0,1.2094
2026-09-23 22:04:44,1790193884426,btc,1790193600,Up,0.13,0.09,30.8,616,1.03,1.01,stopped,65.0,20.0,2.126,1.3089,-0.8171
2026-09-23 22:05:54,1790193954465,eth,1790193600,Up,0.26,0.22,15.4,546,1.03,0.96,stopped,60.0,20.0,4.8479,4.5446,-0.3033
2026-09-23 22:06:59,1790194019414,eth,1790193600,Up,0.29,0.24,17.2,481,1.04,0.87,hedged,50.0,20.0,17.9923,20.0,2.0077
2026-09-23 22:06:59,1790194019413,btc,1790193600,Up,0.12,0.1,16.7,481,1.03,0.96,stopped,60.1,20.0,2.3371,2.4417,0.1046
2026-09-23 22:08:44,1790194124442,btc,1790193600,Up,0.25,0.21,16.0,376,1.03,1.03,stopped,65.1,20.0,4.6402,1.497,-3.1433
2026-09-23 22:10:59,1790194259454,btc,1790193600,Up,0.06,0.05,16.7,241,1.03,1.03,stopped,65.5,20.0,1.279,0.1861,-1.0928
2026-09-23 22:11:54,1790194314450,eth,1790193600,Up,0.08,0.06,25.0,186,1.03,0.96,stopped,60.0,20.0,1.4911,0.9335,-0.5576
2026-09-23 22:13:24,1790194404474,eth,1790193600,Up,0.12,0.08,33.3,96,1.03,1.03,held_to_resolution,,20.0,1.9147,,
2026-09-23 22:16:04,1790194564476,eth,1790194500,Down,0.5,0.42,16.0,836,1.03,0.89,hedged,35.0,20.0,18.4909,20.0,1.5091
2026-09-23 22:17:24,1790194644524,btc,1790194500,Down,0.49,0.41,16.3,756,1.03,0.91,hedged,59.9,20.0,18.8909,20.0,1.1091
2026-09-23 22:17:24,1790194644526,eth,1790194500,Down,0.47,0.37,21.3,756,1.03,0.98,stopped,65.0,20.0,7.9298,7.2702,-0.6597
2026-09-23 22:18:34,1790194714468,eth,1790194500,Down,0.44,0.37,15.9,686,1.03,0.95,stopped,65.0,20.0,7.9298,7.8613,-0.0685
2026-09-23 22:19:54,1790194794532,eth,1790194500,Down,0.52,0.44,15.4,606,1.03,0.9,hedged,15.0,20.0,18.693,20.0,1.307
2026-09-23 22:21:09,1790194869490,btc,1790194500,Up,0.42,0.34,19.0,531,1.03,0.88,hedged,35.0,20.0,18.2672,20.0,1.7328
2026-09-23 22:21:09,1790194869491,eth,1790194500,Up,0.5,0.4,20.0,531,1.04,0.92,hedged,35.0,20.0,19.0885,20.0,0.9115
2026-09-23 22:23:09,1790194989515,btc,1790194500,Up,0.46,0.33,28.3,411,1.03,1.03,stopped,60.0,20.0,7.1142,4.9306,-2.1835
2026-09-23 22:23:09,1790194989516,eth,1790194500,Up,0.42,0.29,31.0,411,1.04,1.04,stopped,60.0,20.0,6.294,3.2025,-3.0915
2026-09-23 22:24:29,1790195069502,btc,1790194500,Up,0.22,0.1,54.5,331,1.03,1.02,stopped,60.0,20.0,2.3371,0.5593,-1.7778
2026-09-23 22:24:29,1790195069504,eth,1790194500,Up,0.16,0.11,31.2,331,1.03,1.03,stopped,60.0,20.0,2.5478,0.3726,-2.1753
2026-09-23 22:25:54,1790195154690,btc,1790194500,Up,0.05,0.04,20.0,246,1.03,1.03,stopped,60.3,20.0,1.0665,0.2048,-0.8617
2026-09-23 22:30:14,1790195414506,eth,1790195400,Down,0.42,0.34,19.0,886,1.03,1.0,stopped,60.0,20.0,7.3185,3.5845,-3.734
2026-09-23 22:30:39,1790195439536,btc,1790195400,Down,0.38,0.32,15.8,861,1.03,1.03,stopped,65.0,20.0,6.9095,3.776,-3.1335
2026-09-23 22:32:39,1790195559524,btc,1790195400,Up,0.79,0.64,19.0,741,1.03,0.93,stopped,65.0,20.0,13.3185,13.5005,0.182
2026-09-23 22:33:14,1790195594538,eth,1790195400,Down,0.28,0.23,17.9,706,1.04,1.04,stopped,60.1,20.0,5.0554,3.0118,-2.0435
2026-09-23 22:35:09,1790195709984,btc,1790195400,Down,0.24,0.2,16.7,591,1.03,0.92,hedged,44.5,20.0,18.9205,20.0,1.0795
2026-09-23 22:34:59,1790195699568,eth,1790195400,Down,0.22,0.17,22.7,601,1.03,1.0,stopped,65.0,20.0,3.8066,2.8215,-0.9851
2026-09-23 22:36:14,1790195774504,btc,1790195400,Down,0.28,0.23,17.9,526,1.03,0.88,hedged,35.1,20.0,18.1779,20.0,1.8221
2026-09-23 22:36:19,1790195779505,eth,1790195400,Down,0.15,0.12,20.0,521,1.04,0.88,hedged,30.1,20.0,18.0208,20.0,1.9792
2026-09-23 22:37:44,1790195864526,eth,1790195400,Down,0.32,0.24,25.0,436,1.03,1.03,stopped,60.0,20.0,5.2625,0.9335,-4.329
2026-09-23 22:37:59,1790195879584,btc,1790195400,Down,0.33,0.23,30.3,421,1.03,1.03,stopped,65.0,20.0,5.0554,1.6853,-3.37
2026-09-23 22:38:49,1790195929527,eth,1790195400,Down,0.09,0.07,22.2,371,1.03,1.03,stopped,60.0,20.0,1.703,0.1861,-1.5169
2026-09-23 22:39:09,1790195949594,btc,1790195400,Down,0.11,0.08,27.3,351,1.03,1.03,stopped,60.1,20.0,1.9147,0.1861,-1.7285
2026-09-23 22:45:24,1790196324589,btc,1790196300,Up,0.57,0.46,19.3,876,1.03,0.96,stopped,60.0,20.0,9.7487,8.8522,-0.8965
2026-09-23 22:45:24,1790196324590,eth,1790196300,Up,0.58,0.49,15.5,876,1.03,0.94,stopped,60.0,20.0,10.35,9.0513,-1.2987
2026-09-23 22:47:09,1790196429622,btc,1790196300,Up,0.47,0.37,21.3,771,1.03,0.99,stopped,60.0,20.0,7.9298,6.6815,-1.2483
2026-09-23 22:47:09,1790196429623,eth,1790196300,Up,0.51,0.4,21.6,771,1.03,1.01,stopped,60.0,20.0,8.5387,5.3178,-3.2209
2026-09-23 22:48:29,1790196509577,btc,1790196300,Up,0.31,0.26,16.1,691,1.03,1.03,stopped,60.0,20.0,5.6759,3.0118,-2.6641
2026-09-23 22:48:24,1790196504617,eth,1790196300,Up,0.24,0.2,16.7,696,1.03,1.01,stopped,65.0,20.0,4.4323,3.776,-0.6563
2026-09-23 22:50:04,1790196604596,btc,1790196300,Up,0.18,0.13,27.8,596,1.03,1.03,stopped,60.0,20.0,2.9686,2.0629,-0.9056
2026-09-23 22:51:24,1790196684608,eth,1790196300,Up,0.17,0.14,17.6,516,1.03,0.92,stopped,60.1,20.0,3.1785,3.0118,-0.1667
2026-09-23 22:51:59,1790196719661,btc,1790196300,Up,0.11,0.09,18.2,481,1.03,1.0,stopped,64.9,20.0,2.126,0.3726,-1.7534
2026-09-23 22:52:44,1790196764639,eth,1790196300,Up,0.18,0.11,38.9,436,1.03,1.03,stopped,65.0,20.0,2.5478,0.9335,-1.6143
2026-09-23 22:53:59,1790196839645,btc,1790196300,Up,0.06,0.05,16.7,361,1.03,1.03,stopped,65.0,20.0,1.279,0.1861,-1.0928
2026-09-23 22:53:59,1790196839646,eth,1790196300,Up,0.22,0.14,36.4,361,1.03,1.03,stopped,65.0,20.0,3.1785,0.9335,-2.245
2026-09-23 22:55:14,1790196914586,eth,1790196300,Up,0.07,0.05,28.6,286,1.03,1.02,stopped,60.0,20.0,1.279,0.5593,-0.7197
2026-09-23 22:56:39,1790196999594,eth,1790196300,Up,0.06,0.05,16.7,201,1.03,1.03,stopped,60.0,20.0,1.279,0.1861,-1.0928
2026-09-23 23:02:14,1790197334648,btc,1790197200,Down,0.47,0.27,42.6,766,1.03,0.91,hedged,40.0,20.0,18.8086,20.0,1.1914
2026-09-23 23:02:14,1790197334650,eth,1790197200,Down,0.51,0.3,41.2,766,1.03,0.76,hedged,40.0,20.0,15.846,20.0,4.154
2026-09-23 23:02:59,1790197379687,eth,1790197200,Up,0.44,0.36,18.2,721,1.03,0.9,hedged,20.0,20.0,18.6751,20.0,1.3249
2026-09-23 23:02:59,1790197379686,btc,1790197200,Up,0.62,0.52,16.1,721,1.03,0.86,hedged,39.9,20.0,17.8583,20.0,2.1417
2026-09-23 23:03:44,1790197424618,btc,1790197200,Down,0.39,0.32,17.9,676,1.03,1.03,stopped,60.1,20.0,6.9095,5.3178,-1.5918
2026-09-23 23:04:09,1790197449678,eth,1790197200,Down,0.53,0.39,26.4,651,1.03,0.96,stopped,60.0,20.0,8.336,5.1241,-3.2119
2026-09-23 23:04:54,1790197494672,btc,1790197200,Down,0.3,0.24,20.0,606,1.03,0.98,stopped,60.0,20.0,5.2625,5.1241,-0.1384
2026-09-23 23:06:39,1790197599676,btc,1790197200,Down,0.34,0.24,29.4,501,1.03,0.98,stopped,65.0,20.0,5.2625,4.3521,-0.9104
2026-09-23 23:06:54,1790197614645,eth,1790197200,Up,0.72,0.6,16.7,486,1.04,0.97,stopped,60.0,20.0,12.5331,12.0702,-0.4629
2026-09-23 23:08:09,1790197689673,eth,1790197200,Up,0.62,0.51,17.7,411,1.03,0.91,hedged,15.0,20.0,18.8825,20.0,1.1175
2026-09-23 23:08:09,1790197689671,btc,1790197200,Up,0.76,0.64,15.8,411,1.03,0.88,hedged,30.0,20.0,18.1664,20.0,1.8336
2026-09-23 23:08:39,1790197719676,eth,1790197200,Down,0.42,0.35,16.7,381,1.04,1.01,stopped,60.0,20.0,7.5226,6.0954,-1.4272
2026-09-23 23:09:04,1790197744682,btc,1790197200,Down,0.23,0.18,21.7,356,1.03,1.03,stopped,60.0,20.0,4.0155,0.9335,-3.082
2026-09-23 23:09:54,1790197794658,eth,1790197200,Down,0.23,0.12,47.8,306,1.03,0.98,stopped,60.0,20.0,2.7583,0.7462,-2.0121
2026-09-23 23:10:09,1790197809736,btc,1790197200,Down,0.07,0.05,28.6,291,1.03,1.03,stopped,65.0,20.0,1.279,0.1861,-1.0928
2026-09-23 23:11:24,1790197884748,eth,1790197200,Down,0.14,0.1,28.6,216,1.03,1.03,stopped,65.0,20.0,2.3371,0.1861,-2.1509
2026-09-23 23:13:24,1790198004684,eth,1790197200,Down,0.06,0.03,50.0,96,1.03,0.99,held_to_resolution,,20.0,0.8538,,
2026-09-23 23:17:44,1790198264694,btc,1790198100,Up,0.51,0.43,15.7,736,1.03,1.02,stopped,60.0,20.0,9.145,6.8774,-2.2675
2026-09-23 23:17:44,1790198264695,eth,1790198100,Up,0.5,0.36,28.0,736,1.03,1.01,stopped,60.0,20.0,7.7263,6.4858,-1.2405
2026-09-23 23:19:04,1790198344726,eth,1790198100,Up,0.43,0.35,18.6,656,1.03,1.03,stopped,60.0,20.0,7.5226,4.9306,-2.5919
2026-09-23 23:19:14,1790198354742,btc,1790198100,Up,0.35,0.28,20.0,646,1.03,1.03,stopped,60.0,20.0,6.0883,4.7375,-1.3508
2026-09-23 23:20:29,1790198429735,eth,1790198100,Up,0.38,0.3,21.1,571,1.03,0.95,stopped,60.0,20.0,6.4995,6.8774,0.378
2026-09-23 23:20:54,1790198454800,btc,1790198100,Up,0.34,0.28,17.6,546,1.03,0.89,hedged,49.9,20.0,18.4243,20.0,1.5757
2026-09-23 23:22:44,1790198564749,btc,1790198100,Up,0.6,0.38,36.7,436,1.03,0.91,hedged,55.0,20.0,18.8825,20.0,1.1175
2026-09-23 23:22:44,1790198564751,eth,1790198100,Up,0.59,0.33,44.1,436,1.07,0.99,stopped,65.0,20.0,7.1142,6.0954,-1.0188
2026-09-23 23:23:59,1790198639821,btc,1790198100,Down,0.51,0.41,19.6,361,1.03,1.02,stopped,64.9,20.0,8.741,4.3521,-4.389
2026-09-23 23:25:19,1790198719727,btc,1790198100,Up,0.75,0.63,16.0,281,1.03,0.91,hedged,30.0,20.0,18.7985,20.0,1.2015
2026-09-23 23:24:49,1790198689733,eth,1790198100,Down,0.46,0.34,26.1,311,1.03,1.02,stopped,60.0,20.0,7.3185,3.9677,-3.3508
2026-09-23 23:25:54,1790198754731,btc,1790198100,Down,0.31,0.23,25.8,246,1.03,1.01,stopped,60.0,20.0,5.0554,1.6853,-3.37
2026-09-23 23:26:44,1790198804737,eth,1790198100,Down,0.13,0.09,30.8,196,1.03,0.64,hedged,15.0,20.0,13.2738,20.0,6.7262
2026-09-23 23:26:59,1790198819784,btc,1790198100,Up,0.9,0.55,38.9,181,1.03,0.84,hedged,15.0,20.0,17.4272,20.0,2.5728
2026-09-23 23:27:14,1790198834744,eth,1790198100,Down,0.48,0.38,20.8,166,1.03,1.03,stopped,60.0,20.0,8.1331,5.706,-2.4271
2026-09-23 23:27:19,1790198839715,btc,1790198100,Down,0.41,0.22,46.3,161,1.03,1.01,stopped,60.1,20.0,4.8479,1.3089,-3.5391
2026-09-23 23:28:29,1790198909762,btc,1790198100,Down,0.09,0.07,22.2,91,1.03,1.03,held_to_resolution,,20.0,1.703,,
2026-09-23 23:28:24,1790198904793,eth,1790198100,Down,0.31,0.21,32.3,96,1.03,1.03,held_to_resolution,,20.0,4.6402,,
2026-09-23 23:31:44,1790199104792,btc,1790199000,Down,0.4,0.34,15.0,796,1.03,0.9,hedged,50.0,20.0,18.665,20.0,1.335
2026-09-23 23:32:44,1790199164777,eth,1790199000,Down,0.53,0.45,15.1,736,1.04,1.01,stopped,60.0,20.0,9.5478,7.2702,-2.2776
2026-09-23 23:33:59,1790199239812,eth,1790199000,Up,0.59,0.5,15.3,661,1.03,0.94,stopped,60.0,20.0,10.5499,11.0569,0.507
2026-09-23 23:34:54,1790199294804,btc,1790199000,Down,0.46,0.37,19.6,606,1.03,1.02,stopped,60.0,20.0,7.9298,4.9306,-2.9992
2026-09-23 23:35:20,1790199320191,eth,1790199000,Down,0.32,0.27,15.6,581,1.03,0.98,stopped,64.6,20.0,5.8822,4.7375,-1.1447
2026-09-23 23:36:09,1790199369839,btc,1790199000,Down,0.26,0.18,30.8,531,1.03,1.01,stopped,60.4,20.0,4.0155,2.4417,-1.5738
2026-09-23 23:37:34,1790199454796,btc,1790199000,Down,0.16,0.12,25.0,446,1.03,1.02,stopped,60.0,20.0,2.7583,1.3089,-1.4495
2026-09-23 23:37:29,1790199449805,eth,1790199000,Down,0.2,0.16,20.0,451,1.03,1.03,stopped,65.0,20.0,3.5975,1.497,-2.1006
2026-09-23 23:39:09,1790199549819,eth,1790199000,Down,0.09,0.07,22.2,351,1.03,1.02,stopped,60.0,20.0,1.703,0.5593,-1.1438
2026-09-23 23:40:19,1790199619839,btc,1790199000,Down,0.05,0.04,20.0,281,1.03,1.0,stopped,64.9,20.0,1.0665,0.5593,-0.5072
2026-09-23 23:41:04,1790199664856,eth,1790199000,Down,0.1,0.08,20.0,236,1.04,1.04,stopped,60.4,20.0,1.9147,0.3726,-1.5421
2026-09-23 23:41:44,1790199704806,btc,1790199000,Down,0.06,0.04,33.3,196,1.03,1.03,stopped,65.0,20.0,1.0665,0.3726,-0.6939
2026-09-23 23:48:04,1790200084833,btc,1790199900,Up,0.47,0.38,19.1,716,1.03,1.03,stopped,60.0,20.0,8.1331,5.3178,-2.8153
2026-09-23 23:49:34,1790200174855,btc,1790199900,Up,0.24,0.18,25.0,626,1.03,0.9,hedged,10.0,20.0,18.5037,20.0,1.4963
2026-09-23 23:49:34,1790200174856,eth,1790199900,Up,0.56,0.47,16.1,626,1.03,0.95,stopped,60.0,20.0,9.9494,7.4669,-2.4825
2026-09-23 23:50:19,1790200219839,btc,1790199900,Up,0.3,0.25,16.7,581,1.03,1.03,stopped,60.0,20.0,5.4694,4.1598,-1.3096
2026-09-23 23:51:19,1790200279878,eth,1790199900,Down,0.58,0.48,17.2,521,1.03,0.97,stopped,65.0,20.0,10.1499,8.2569,-1.893
2026-09-23 23:52:54,1790200374893,eth,1790199900,Up,0.49,0.4,18.4,426,1.03,0.91,hedged,15.0,20.0,18.8887,20.0,1.1113
2026-09-23 23:52:49,1790200369843,btc,1790199900,Up,0.22,0.16,27.3,431,1.04,0.98,stopped,60.0,20.0,3.5975,2.8215,-0.776
2026-09-23 23:54:09,1790200449864,eth,1790199900,Down,0.45,0.35,22.2,351,1.03,0.99,stopped,65.0,20.0,7.5226,6.6815,-0.8411
2026-09-23 23:54:44,1790200484890,btc,1790199900,Up,0.13,0.11,15.4,316,1.03,1.03,stopped,60.0,20.0,2.5478,1.6853,-0.8625
2026-09-23 23:55:59,1790200559943,btc,1790199900,Up,0.11,0.07,36.4,241,1.03,0.9,hedged,39.9,20.0,18.3097,20.0,1.6903
2026-09-23 23:55:34,1790200534919,eth,1790199900,Down,0.67,0.5,25.4,266,1.04,0.95,stopped,65.0,20.0,10.5499,4.9306,-5.6192
2026-09-23 23:56:44,1790200604855,eth,1790199900,Down,0.41,0.3,26.8,196,1.04,0.86,hedged,30.0,20.0,18.0444,20.0,1.9556
2026-09-23 23:56:54,1790200614894,btc,1790199900,Up,0.19,0.13,31.6,186,1.03,1.03,stopped,65.1,20.0,2.9686,0.1861,-2.7824
2026-09-23 23:57:24,1790200644870,eth,1790199900,Up,0.56,0.35,37.5,156,1.05,1.05,stopped,60.0,20.0,7.5226,3.776,-3.7466
2026-09-23 23:58:44,1790200724859,eth,1790199900,Up,0.28,0.23,17.9,76,1.03,0.96,held_to_resolution,,20.0,5.0554,,
2026-09-24 00:00:49,1790200849929,btc,1790200800,Up,0.45,0.38,15.6,851,1.03,0.89,hedged,25.0,20.0,18.4831,20.0,1.5169
2026-09-24 00:00:44,1790200844886,eth,1790200800,Up,0.59,0.49,16.9,856,1.03,0.92,hedged,30.1,20.0,19.091,20.0,0.909
2026-09-24 00:01:19,1790200879908,eth,1790200800,Down,0.5,0.42,16.0,821,1.03,0.98,stopped,65.0,20.0,8.9431,6.8774,-2.0657
2026-09-24 00:02:10,1790200930009,btc,1790200800,Down,0.46,0.37,19.6,771,1.03,0.86,hedged,34.9,20.0,17.8793,20.0,2.1207
2026-09-24 00:03:14,1790200994880,eth,1790200800,Down,0.53,0.39,26.4,706,1.03,0.86,hedged,20.6,20.0,17.8838,20.0,2.1162
2026-09-24 00:03:04,1790200984904,btc,1790200800,Up,0.44,0.37,15.9,716,1.03,0.96,stopped,65.0,20.0,7.9298,5.3178,-2.6121
2026-09-24 00:03:54,1790201034877,eth,1790200800,Down,0.57,0.45,21.1,666,1.04,0.99,stopped,60.0,20.0,9.5478,8.2569,-1.2909
2026-09-24 00:04:59,1790201099937,eth,1790200800,Up,0.56,0.44,21.4,601,1.03,0.87,hedged,45.0,20.0,18.2896,20.0,1.7104
2026-09-24 00:04:49,1790201089919,btc,1790200800,Up,0.29,0.22,24.1,611,1.03,0.99,stopped,60.0,20.0,4.8479,4.3521,-0.4959
2026-09-24 00:06:54,1790201214919,btc,1790200800,Down,0.61,0.47,23.0,486,1.03,1.03,stopped,65.0,20.0,9.9494,1.121,-8.8284
2026-09-24 00:08:09,1790201289934,btc,1790200800,Down,0.08,0.06,25.0,411,1.03,1.03,stopped,65.0,20.0,1.4911,0.1861,-1.305
2026-09-24 00:06:49,1790201209896,eth,1790200800,Down,0.26,0.16,38.5,491,1.03,1.03,stopped,160.1,20.0,3.5975,0.1861,-3.4114
2026-09-24 00:09:29,1790201369950,btc,1790200800,Down,0.05,0.04,20.0,331,1.03,1.03,stopped,60.0,20.0,1.0665,0.1861,-0.8804
2026-09-24 00:17:14,1790201834936,btc,1790201700,Up,0.43,0.36,16.3,766,1.03,1.03,stopped,60.0,20.0,7.7263,5.706,-2.0203
2026-09-24 00:17:14,1790201834938,eth,1790201700,Up,0.45,0.38,15.6,766,1.03,1.0,stopped,60.0,20.0,8.1331,7.4669,-0.6661
2026-09-24 00:19:49,1790201989941,eth,1790201700,Down,0.47,0.36,23.4,611,1.03,0.92,hedged,25.0,20.0,19.0728,20.0,0.9272
2026-09-24 00:19:49,1790201989940,btc,1790201700,Down,0.71,0.59,16.9,611,1.03,1.0,stopped,60.0,20.0,12.336,10.0506,-2.2854
2026-09-24 00:21:09,1790202069994,btc,1790201700,Up,0.41,0.31,24.4,531,1.03,0.98,stopped,65.0,20.0,6.7046,3.5845,-3.1201
2026-09-24 00:21:49,1790202109969,eth,1790201700,Up,0.33,0.27,18.2,491,1.03,1.02,stopped,65.1,20.0,5.8822,3.776,-2.1062
2026-09-24 00:23:10,1790202190008,btc,1790201700,Up,0.16,0.12,25.0,411,1.03,1.03,stopped,65.0,20.0,2.7583,0.9335,-1.8248
2026-09-24 00:23:14,1790202194983,eth,1790201700,Up,0.23,0.19,17.4,406,1.03,1.03,stopped,60.0,20.0,4.224,2.4417,-1.7823
2026-09-24 00:24:19,1790202259982,eth,1790201700,Up,0.17,0.13,23.5,341,1.03,0.99,stopped,60.9,20.0,2.9686,0.9335,-2.0351
2026-09-24 00:25:10,1790202310005,btc,1790201700,Up,0.07,0.05,28.6,291,1.03,1.02,stopped,60.0,20.0,1.279,0.3726,-0.9064
2026-09-24 00:25:49,1790202349977,eth,1790201700,Up,0.17,0.12,29.4,251,1.03,1.01,stopped,60.0,20.0,2.7583,0.9335,-1.8248
2026-09-24 00:27:35,1790202455048,eth,1790201700,Up,0.05,0.04,20.0,146,1.03,1.02,stopped,65.0,20.0,1.0665,0.1861,-0.8804
2026-09-24 00:30:15,1790202615019,btc,1790202600,Up,0.43,0.34,20.9,886,1.03,1.03,stopped,60.0,20.0,7.3185,3.5845,-3.734
2026-09-24 00:30:40,1790202640010,eth,1790202600,Up,0.28,0.23,17.9,861,1.03,1.03,stopped,65.0,20.0,5.0554,2.6314,-2.4239
2026-09-24 00:32:35,1790202755065,eth,1790202600,Up,0.19,0.14,26.3,746,1.03,0.99,stopped,60.0,20.0,3.1785,2.4417,-0.7368
2026-09-24 00:34:40,1790202880006,eth,1790202600,Up,0.19,0.16,15.8,621,1.04,1.04,stopped,60.0,20.0,3.5975,1.497,-2.1006
2026-09-24 00:34:55,1790202895020,btc,1790202600,Up,0.29,0.23,20.7,606,1.03,1.03,stopped,60.0,20.0,5.0554,2.6314,-2.4239
2026-09-24 00:35:50,1790202950060,eth,1790202600,Up,0.1,0.08,20.0,551,1.03,0.95,stopped,65.0,20.0,1.9147,1.6853,-0.2293
2026-09-24 00:36:30,1790202990010,btc,1790202600,Up,0.34,0.23,32.4,511,1.03,1.02,stopped,60.0,20.0,5.0554,3.0118,-2.0435
2026-09-24 00:37:05,1790203025432,eth,1790202600,Up,0.11,0.09,18.2,476,1.04,1.01,stopped,64.6,20.0,2.126,0.9335,-1.1925
2026-09-24 00:37:55,1790203075021,btc,1790202600,Up,0.18,0.15,16.7,426,1.03,0.92,hedged,25.0,20.0,18.8435,20.0,1.1565
2026-09-24 00:38:35,1790203115087,btc,1790202600,Up,0.25,0.21,16.0,386,1.03,0.95,stopped,60.0,20.0,4.6402,5.1241,0.4838
2026-09-24 00:38:35,1790203115088,eth,1790202600,Up,0.12,0.1,16.7,386,1.03,1.03,stopped,60.0,20.0,2.3371,0.9335,-1.4036
2026-09-24 00:39:40,1790203180057,btc,1790202600,Up,0.29,0.21,27.6,321,1.03,0.84,hedged,40.0,20.0,17.3701,20.0,2.6299
2026-09-24 00:40:00,1790203200050,eth,1790202600,Up,0.06,0.05,16.7,301,1.04,1.01,stopped,60.0,20.0,1.279,0.3726,-0.9064
2026-09-24 00:41:10,1790203270052,btc,1790202600,Up,0.34,0.24,29.4,231,1.03,0.88,hedged,15.1,20.0,18.1888,20.0,1.8112
2026-09-24 00:41:05,1790203265046,eth,1790202600,Up,0.05,0.04,20.0,236,1.03,1.03,stopped,60.4,20.0,1.0665,0.1861,-0.8804
2026-09-24 00:41:45,1790203305037,btc,1790202600,Up,0.44,0.36,18.2,196,1.03,0.92,hedged,40.0,20.0,19.0728,20.0,0.9272
2026-09-24 00:42:30,1790203350045,btc,1790202600,Down,0.6,0.48,20.0,151,1.03,1.03,stopped,65.1,20.0,10.1499,2.2522,-7.8977
2026-09-24 00:43:40,1790203420034,btc,1790202600,Up,0.86,0.66,23.3,81,1.04,0.89,hedged,20.0,20.0,18.3498,20.0,1.6502
2026-09-24 00:44:10,1790203450087,btc,1790202600,Down,0.31,0.26,16.1,51,1.03,1.03,held_to_resolution,,20.0,5.6759,,
2026-09-24 00:45:15,1790203515052,eth,1790203500,Down,0.52,0.43,17.3,886,1.04,1.04,stopped,60.0,20.0,9.145,1.874,-7.271
2026-09-24 00:45:40,1790203540036,btc,1790203500,Down,0.51,0.38,25.5,861,1.03,1.01,stopped,60.1,20.0,8.1331,2.6314,-5.5016
2026-09-24 00:46:25,1790203585064,eth,1790203500,Down,0.12,0.09,25.0,816,1.03,0.97,stopped,65.0,20.0,2.126,1.874,-0.252
2026-09-24 00:47:45,1790203665110,btc,1790203500,Down,0.21,0.16,23.8,736,1.03,0.99,stopped,65.0,20.0,3.5975,2.6314,-0.9661
2026-09-24 00:49:55,1790203795075,eth,1790203500,Down,0.08,0.05,37.5,606,1.03,1.03,stopped,60.0,20.0,1.279,0.5593,-0.7197
2026-09-24 00:50:00,1790203800070,btc,1790203500,Down,0.15,0.1,33.3,601,1.03,0.99,stopped,60.0,20.0,2.3371,1.497,-0.8401
2026-09-24 00:51:45,1790203905152,btc,1790203500,Down,0.31,0.24,22.6,496,1.03,1.03,stopped,65.0,20.0,5.2625,1.874,-3.3885
2026-09-24 00:51:50,1790203910089,eth,1790203500,Down,0.11,0.09,18.2,491,1.04,1.04,stopped,60.0,20.0,2.126,0.3726,-1.7534
2026-09-24 00:52:55,1790203975102,btc,1790203500,Down,0.13,0.11,15.4,426,1.03,1.02,stopped,65.0,20.0,2.5478,1.874,-0.6738
2026-09-24 00:52:55,1790203975104,eth,1790203500,Down,0.06,0.05,16.7,426,1.04,1.02,stopped,65.0,20.0,1.279,0.7462,-0.5327
2026-09-24 00:54:20,1790204060113,btc,1790203500,Down,0.11,0.09,18.2,341,1.04,1.03,stopped,60.0,20.0,2.126,0.7462,-1.3798
2026-09-24 00:54:20,1790204060114,eth,1790203500,Down,0.06,0.04,33.3,341,1.03,1.03,stopped,60.5,20.0,1.0665,0.1861,-0.8804
2026-09-24 00:55:35,1790204135176,btc,1790203500,Down,0.06,0.05,16.7,266,1.03,1.03,stopped,60.0,20.0,1.279,0.3726,-0.9064
2026-09-24 01:01:30,1790204490135,eth,1790204400,Up,0.3,0.24,20.0,811,1.03,1.02,stopped,65.0,20.0,5.2625,4.3521,-0.9104
2026-09-24 01:02:00,1790204520105,btc,1790204400,Up,0.24,0.2,16.7,781,1.03,0.99,stopped,60.1,20.0,4.4323,3.5845,-0.8477
2026-09-24 01:03:40,1790204620126,btc,1790204400,Up,0.41,0.24,41.5,681,1.03,0.91,hedged,25.0,20.0,18.7767,20.0,1.2233
2026-09-24 01:03:10,1790204590135,eth,1790204400,Down,0.79,0.67,15.2,711,1.03,0.97,stopped,60.0,20.0,13.9046,10.6535,-3.2511
2026-09-24 01:04:15,1790204655184,eth,1790204400,Down,0.57,0.48,15.8,646,1.03,0.88,hedged,55.0,20.0,18.2829,20.0,1.7171
2026-09-24 01:04:20,1790204660170,btc,1790204400,Down,0.62,0.49,21.0,641,1.03,0.94,stopped,65.0,20.0,10.35,10.855,0.505
2026-09-24 01:06:00,1790204760172,btc,1790204400,Down,0.56,0.46,17.9,541,1.03,0.87,hedged,5.0,20.0,18.0847,20.0,1.9153
2026-09-24 01:06:05,1790204765196,eth,1790204400,Up,0.43,0.33,23.3,536,1.04,1.04,stopped,60.4,20.0,7.1142,4.5446,-2.5695
2026-09-24 01:06:10,1790204770141,btc,1790204400,Up,0.55,0.34,38.2,531,1.03,1.03,stopped,65.1,20.0,7.3185,5.1241,-2.1944
2026-09-24 01:08:25,1790204905139,btc,1790204400,Up,0.27,0.2,25.9,396,1.03,0.91,hedged,20.0,20.0,18.7263,20.0,1.2737
2026-09-24 01:08:20,1790204900153,eth,1790204400,Up,0.23,0.19,17.4,401,1.03,1.0,stopped,60.0,20.0,4.224,2.4417,-1.7823
2026-09-24 01:09:05,1790204945170,btc,1790204400,Up,0.3,0.23,23.3,356,1.03,0.94,stopped,60.0,20.0,5.0554,5.5117,0.4564
2026-09-24 01:09:25,1790204965157,eth,1790204400,Up,0.19,0.16,15.8,336,1.04,0.99,stopped,60.0,20.0,3.5975,2.4417,-1.1559
2026-09-24 01:10:45,1790205045177,btc,1790204400,Up,0.41,0.32,22.0,256,1.03,1.03,stopped,60.0,20.0,6.9095,3.5845,-3.325
2026-09-24 01:10:45,1790205045178,eth,1790204400,Up,0.19,0.13,31.6,256,1.03,1.03,stopped,60.0,20.0,2.9686,0.7462,-2.2223
2026-09-24 01:12:00,1790205120204,btc,1790204400,Up,0.22,0.17,22.7,181,1.03,0.9,hedged,45.0,20.0,18.4889,20.0,1.5111
2026-09-24 01:12:05,1790205125606,eth,1790204400,Up,0.06,0.05,16.7,176,1.03,1.0,stopped,64.6,20.0,1.279,0.1861,-1.0928
2026-09-24 01:13:05,1790205185193,btc,1790204400,Up,0.24,0.18,25.0,116,1.03,1.03,held_to_resolution,,20.0,4.0155,,
2026-09-24 01:16:00,1790205360187,btc,1790205300,Down,0.59,0.5,15.3,841,1.03,0.95,stopped,60.0,20.0,10.5499,10.855,0.3052
2026-09-24 01:16:00,1790205360188,eth,1790205300,Down,0.55,0.45,18.2,841,1.03,0.97,stopped,60.0,20.0,9.5478,9.4501,-0.0976
2026-09-24 01:18:40,1790205520193,eth,1790205300,Up,0.61,0.45,26.2,681,1.03,1.02,stopped,60.0,20.0,9.5478,7.0737,-2.4741
2026-09-24 01:21:05,1790205665243,eth,1790205300,Down,0.62,0.48,22.6,536,1.03,0.92,hedged,5.0,20.0,19.093,20.0,0.907
2026-09-24 01:22:00,1790205720223,eth,1790205300,Up,0.44,0.35,20.5,481,1.03,1.03,stopped,60.0,20.0,7.5226,3.9677,-3.5548
2026-09-24 01:24:05,1790205845242,btc,1790205300,Up,0.2,0.15,25.0,356,1.03,1.01,stopped,60.0,20.0,3.3882,2.0629,-1.3252
2026-09-24 01:24:30,1790205870276,eth,1790205300,Up,0.37,0.27,27.0,331,1.04,1.02,stopped,60.0,20.0,5.8822,3.5845,-2.2977
2026-09-24 01:25:40,1790205940240,btc,1790205300,Up,0.13,0.1,23.1,261,1.03,1.03,stopped,60.0,20.0,2.3371,1.121,-1.216
2026-09-24 01:25:40,1790205940241,eth,1790205300,Up,0.21,0.16,23.8,261,1.04,0.99,stopped,60.0,20.0,3.5975,1.6853,-1.9122
2026-09-24 01:26:50,1790206010248,btc,1790205300,Up,0.08,0.06,25.0,191,1.03,0.94,stopped,60.0,20.0,1.4911,1.121,-0.3701
2026-09-24 01:26:50,1790206010250,eth,1790205300,Up,0.12,0.05,58.3,191,1.03,1.03,stopped,60.0,20.0,1.279,0.1861,-1.0928
2026-09-24 01:28:25,1790206105243,btc,1790205300,Up,0.11,0.09,18.2,96,1.03,0.96,held_to_resolution,,20.0,2.126,,
2026-09-24 01:30:25,1790206225230,eth,1790206200,Down,0.4,0.32,20.0,876,1.03,0.96,stopped,60.1,20.0,6.9095,6.0954,-0.8142
2026-09-24 01:30:50,1790206250269,btc,1790206200,Down,0.44,0.36,18.2,851,1.03,0.9,hedged,55.0,20.0,18.6751,20.0,1.3249
2026-09-24 01:31:55,1790206315281,btc,1790206200,Up,0.48,0.4,16.7,786,1.03,0.97,stopped,65.0,20.0,8.5387,5.9005,-2.6381
2026-09-24 01:34:10,1790206450264,eth,1790206200,Down,0.44,0.37,15.9,651,1.03,1.02,stopped,60.0,20.0,7.9298,6.8774,-1.0524
2026-09-24 01:34:25,1790206465267,btc,1790206200,Down,0.51,0.43,15.7,636,1.03,1.01,stopped,60.0,20.0,9.145,7.2702,-1.8748
2026-09-24 01:35:20,1790206520748,eth,1790206200,Down,0.39,0.33,15.4,581,1.03,0.91,hedged,44.5,20.0,18.8573,20.0,1.1427
2026-09-24 01:35:55,1790206555311,btc,1790206200,Down,0.37,0.29,21.6,546,1.03,0.96,stopped,60.0,20.0,6.294,5.706,-0.588
2026-09-24 01:36:20,1790206580311,eth,1790206200,Down,0.43,0.36,16.3,521,1.04,0.88,hedged,55.0,20.0,18.2762,20.0,1.7238
2026-09-24 01:37:05,1790206625747,btc,1790206200,Down,0.39,0.31,20.5,476,1.03,0.92,hedged,14.7,20.0,19.0406,20.0,0.9594
2026-09-24 01:37:25,1790206645336,btc,1790206200,Up,0.66,0.53,19.7,456,1.03,0.95,stopped,65.0,20.0,11.1478,11.0569,-0.0909
2026-09-24 01:37:40,1790206660273,eth,1790206200,Up,0.51,0.34,33.3,441,1.03,0.99,stopped,60.1,20.0,7.3185,4.9306,-2.3879
2026-09-24 01:38:35,1790206715356,btc,1790206200,Down,0.52,0.38,26.9,386,1.03,0.93,stopped,64.9,20.0,8.1331,3.3934,-4.7397
2026-09-24 01:39:50,1790206790281,btc,1790206200,Down,0.2,0.17,15.0,311,1.03,0.82,hedged,45.1,20.0,16.9292,20.0,3.0708
2026-09-24 01:40:40,1790206840313,btc,1790206200,Up,0.76,0.57,25.0,261,1.03,1.03,stopped,65.0,20.0,11.941,7.2702,-4.6709
2026-09-24 01:40:40,1790206840315,eth,1790206200,Up,0.27,0.18,33.3,261,1.03,1.01,stopped,65.0,20.0,4.0155,1.3089,-2.7066
2026-09-24 01:41:55,1790206915326,btc,1790206200,Down,0.61,0.51,16.4,186,1.03,0.76,hedged,35.1,20.0,15.8048,20.0,4.1952
2026-09-24 01:41:55,1790206915327,eth,1790206200,Up,0.09,0.07,22.2,186,1.03,1.03,stopped,65.0,20.0,1.703,0.1861,-1.5169
2026-09-24 01:42:35,1790206955322,btc,1790206200,Up,0.5,0.37,26.0,146,1.03,1.03,stopped,60.0,20.0,7.9298,0.9335,-6.9963
2026-09-24 01:43:40,1790207020303,btc,1790206200,Up,0.06,0.05,16.7,81,1.03,1.01,held_to_resolution,,20.0,1.279,,
2026-09-24 01:45:20,1790207120743,eth,1790207100,Down,0.53,0.42,20.8,881,1.03,0.92,hedged,24.6,20.0,19.093,20.0,0.907
2026-09-24 01:46:20,1790207180792,eth,1790207100,Down,0.44,0.34,22.7,821,1.03,0.88,hedged,29.5,20.0,18.2672,20.0,1.7328
2026-09-24 01:46:50,1790207210335,btc,1790207100,Up,0.44,0.35,20.5,791,1.03,0.92,hedged,45.1,20.0,19.0675,20.0,0.9325
2026-09-24 01:47:40,1790207260319,eth,1790207100,Down,0.35,0.26,25.7,741,1.03,0.9,hedged,25.1,20.0,18.6023,20.0,1.3977
2026-09-24 01:47:45,1790207265336,btc,1790207100,Up,0.46,0.36,21.7,736,1.03,1.02,stopped,65.0,20.0,7.7263,5.5117,-2.2146
2026-09-24 01:49:30,1790207370363,eth,1790207100,Down,0.29,0.22,24.1,631,1.03,1.0,stopped,60.1,20.0,4.8479,3.5845,-1.2634
2026-09-24 01:50:15,1790207415311,btc,1790207100,Up,0.35,0.27,22.9,586,1.03,1.03,stopped,60.0,20.0,5.8822,1.497,-4.3853
2026-09-24 01:51:35,1790207495435,btc,1790207100,Up,0.1,0.08,20.0,506,1.03,1.0,stopped,64.9,20.0,1.9147,1.497,-0.4177
2026-09-24 01:52:00,1790207520391,eth,1790207100,Down,0.31,0.25,19.4,481,1.03,1.03,stopped,65.0,20.0,5.4694,3.0118,-2.4575
2026-09-24 01:53:10,1790207590370,eth,1790207100,Down,0.18,0.13,27.8,411,1.03,1.03,stopped,60.0,20.0,2.9686,1.497,-1.4716
2026-09-24 01:54:20,1790207660362,eth,1790207100,Down,0.1,0.06,40.0,341,1.03,1.02,stopped,60.4,20.0,1.4911,0.1861,-1.305
2026-09-24 01:55:05,1790207705376,btc,1790207100,Up,0.2,0.17,15.0,296,1.03,0.97,stopped,60.0,20.0,3.8066,1.3089,-2.4978
2026-09-24 01:56:15,1790207775371,eth,1790207100,Down,0.05,0.04,20.0,226,1.03,1.03,stopped,65.0,20.0,1.0665,0.1861,-0.8804
2026-09-24 01:56:30,1790207790417,btc,1790207100,Up,0.08,0.05,37.5,211,1.03,1.02,stopped,65.0,20.0,1.279,0.1861,-1.0928
2026-09-24 02:00:45,1790208045398,btc,1790208000,Down,0.43,0.31,27.9,855,1.03,1.02,stopped,65.0,20.0,6.7046,5.1241,-1.5806
2026-09-24 02:00:45,1790208045400,eth,1790208000,Down,0.53,0.42,20.8,855,1.03,1.02,stopped,65.0,20.0,8.9431,7.4669,-1.4762
2026-09-24 02:03:15,1790208195416,btc,1790208000,Down,0.26,0.22,15.4,705,1.03,1.03,stopped,65.0,20.0,4.8479,3.5845,-1.2634
2026-09-24 02:03:15,1790208195418,eth,1790208000,Down,0.45,0.34,24.4,705,1.03,1.03,stopped,65.0,20.0,7.3185,5.1241,-2.1944
2026-09-24 02:04:55,1790208295406,eth,1790208000,Down,0.31,0.23,25.8,605,1.03,1.03,stopped,60.0,20.0,5.0554,3.5845,-1.4708
2026-09-24 02:05:00,1790208300401,btc,1790208000,Down,0.21,0.17,19.0,600,1.03,1.03,stopped,60.0,20.0,3.8066,2.8215,-0.9851
2026-09-24 02:06:10,1790208370906,eth,1790208000,Down,0.19,0.13,31.6,530,1.03,1.01,stopped,64.5,20.0,2.9686,2.4417,-0.5269
2026-09-24 02:06:20,1790208380429,btc,1790208000,Down,0.13,0.11,15.4,520,1.03,0.97,stopped,60.1,20.0,2.5478,2.8215,0.2737
2026-09-24 02:07:25,1790208445433,eth,1790208000,Down,0.15,0.12,20.0,455,1.03,0.99,stopped,60.0,20.0,2.7583,2.6314,-0.1269
2026-09-24 02:08:35,1790208515453,btc,1790208000,Up,0.79,0.67,15.2,385,1.03,0.97,stopped,60.1,20.0,13.9046,7.2702,-6.6345
2026-09-24 02:09:15,1790208555404,eth,1790208000,Up,0.89,0.75,15.7,345,1.04,0.96,stopped,60.0,20.0,15.4554,15.776,0.3206
2026-09-24 02:10:20,1790208620432,btc,1790208000,Up,0.5,0.34,32.0,280,1.03,1.03,stopped,65.0,20.0,7.3185,3.3934,-3.9251
2026-09-24 02:10:25,1790208625417,eth,1790208000,Up,0.83,0.69,16.9,275,1.04,1.04,stopped,60.0,20.0,14.294,8.059,-6.235
2026-09-24 02:11:35,1790208695497,btc,1790208000,Up,0.2,0.16,20.0,205,1.03,1.03,stopped,65.0,20.0,3.5975,0.7462,-2.8513
2026-09-24 02:11:35,1790208695499,eth,1790208000,Up,0.47,0.37,21.3,205,1.03,0.97,stopped,65.0,20.0,7.9298,7.4669,-0.4629
2026-09-24 02:12:45,1790208765438,eth,1790208000,Down,0.58,0.49,15.5,135,1.08,0.67,hedged,25.0,20.0,13.9475,20.0,6.0525
2026-09-24 02:12:50,1790208770455,btc,1790208000,Up,0.13,0.11,15.4,130,1.03,1.03,stopped,60.0,20.0,2.5478,0.1861,-2.3617
2026-09-24 02:13:20,1790208800428,eth,1790208000,Down,0.86,0.61,29.1,100,1.04,0.94,stopped,65.0,20.0,12.7298,0.9335,-11.7963
2026-09-24 02:15:35,1790208935513,btc,1790208900,Down,0.38,0.32,15.8,865,1.03,1.03,stopped,60.0,20.0,6.9095,4.9306,-1.9789
2026-09-24 02:15:40,1790208940437,eth,1790208900,Down,0.33,0.28,15.2,860,1.03,1.01,stopped,60.0,20.0,6.0883,4.3521,-1.7362
2026-09-24 02:18:15,1790209095484,btc,1790208900,Down,0.31,0.26,16.1,705,1.03,0.95,stopped,64.9,20.0,5.6759,5.3178,-0.3582
2026-09-24 02:18:15,1790209095485,eth,1790208900,Down,0.19,0.14,26.3,705,1.03,1.01,stopped,64.9,20.0,3.1785,2.0629,-1.1156
2026-09-24 02:19:30,1790209170549,btc,1790208900,Down,0.29,0.24,17.2,630,1.03,1.0,stopped,60.0,20.0,5.2625,3.9677,-1.2948
2026-09-24 02:19:30,1790209170550,eth,1790208900,Down,0.12,0.1,16.7,630,1.03,1.03,stopped,60.0,20.0,2.3371,1.3089,-1.0282
2026-09-24 02:20:55,1790209255453,eth,1790208900,Down,0.13,0.11,15.4,545,1.03,0.9,stopped,60.1,20.0,2.5478,2.6314,0.0836
2026-09-24 02:21:45,1790209305497,btc,1790208900,Down,0.42,0.35,16.7,495,1.03,0.96,stopped,65.0,20.0,7.5226,7.4669,-0.0556
2026-09-24 02:22:40,1790209360479,eth,1790208900,Down,0.38,0.31,18.4,440,1.03,0.82,hedged,25.0,20.0,17.0546,20.0,2.9454
2026-09-24 02:23:05,1790209385454,btc,1790208900,Up,0.61,0.37,39.3,415,1.03,0.9,hedged,50.0,20.0,18.6793,20.0,1.3207
2026-09-24 02:24:20,1790209460459,eth,1790208900,Down,0.3,0.22,26.7,340,1.03,1.03,stopped,60.5,20.0,4.8479,1.874,-2.9739
2026-09-24 02:24:45,1790209485503,btc,1790208900,Down,0.47,0.38,19.1,315,1.03,0.88,hedged,45.0,20.0,18.2829,20.0,1.7171
2026-09-24 02:25:40,1790209540490,eth,1790208900,Down,0.15,0.12,20.0,260,1.03,1.03,stopped,60.0,20.0,2.7583,0.3726,-2.3858
2026-09-24 02:25:55,1790209555479,btc,1790208900,Down,0.51,0.29,43.1,245,1.03,0.97,stopped,60.0,20.0,6.294,5.3178,-0.9762
2026-09-24 02:26:55,1790209615503,eth,1790208900,Down,0.07,0.05,28.6,185,1.03,1.03,stopped,65.0,20.0,1.279,0.1861,-1.0928
2026-09-24 02:27:20,1790209640475,btc,1790208900,Down,0.36,0.27,25.0,160,1.03,0.92,hedged,50.0,20.0,19.0048,20.0,0.9952
2026-09-24 02:28:15,1790209695501,btc,1790208900,Up,0.72,0.48,33.3,105,1.03,0.94,stopped,60.0,20.0,10.1499,7.8613,-2.2885
2026-09-24 02:29:25,1790209765515,btc,1790208900,Up,0.31,0.21,32.3,35,1.03,0.91,hedged,15.0,20.0,18.7397,20.0,1.2603
2026-09-24 02:29:45,1790209785489,btc,1790208900,Up,0.11,0.07,36.4,15,1.04,0.87,hedged,5.0,20.0,17.7353,20.0,2.2647
2026-09-24 02:30:45,1790209845514,eth,1790209800,Down,0.55,0.46,16.4,855,1.03,1.03,stopped,65.0,20.0,9.7487,3.9677,-5.781
2026-09-24 02:31:05,1790209865503,btc,1790209800,Down,0.41,0.33,19.5,835,1.03,1.03,stopped,60.5,20.0,7.1142,4.3521,-2.7621
2026-09-24 02:32:25,1790209945527,btc,1790209800,Down,0.27,0.22,18.5,755,1.03,1.02,stopped,60.0,20.0,4.8479,3.776,-1.0719
2026-09-24 02:32:25,1790209945529,eth,1790209800,Down,0.28,0.22,21.4,755,1.03,0.98,stopped,60.0,20.0,4.8479,4.3521,-0.4959
2026-09-24 02:34:15,1790210055518,btc,1790209800,Down,0.46,0.38,17.4,645,1.03,0.96,stopped,60.0,20.0,8.1331,7.8613,-0.2717
2026-09-24 02:35:35,1790210135536,eth,1790209800,Up,0.47,0.38,19.1,565,1.03,1.01,stopped,60.0,20.0,8.1331,6.2905,-1.8426
2026-09-24 02:37:25,1790210245549,btc,1790209800,Up,0.45,0.37,17.8,455,1.03,1.03,stopped,65.0,20.0,7.9298,2.8215,-5.1083
2026-09-24 02:37:25,1790210245550,eth,1790209800,Up,0.31,0.24,22.6,455,1.03,1.03,stopped,65.0,20.0,5.2625,0.9335,-4.329
2026-09-24 02:39:05,1790210345522,btc,1790209800,Up,0.4,0.34,15.0,355,1.03,1.0,stopped,60.0,20.0,7.3185,4.5446,-2.7739
2026-09-24 02:39:00,1790210340564,eth,1790209800,Up,0.17,0.12,29.4,360,1.03,1.01,stopped,65.0,20.0,2.7583,1.3089,-1.4495
2026-09-24 02:40:15,1790210415559,btc,1790209800,Up,0.27,0.17,37.0,285,1.03,0.87,hedged,40.0,20.0,17.9061,20.0,2.0939
2026-09-24 02:40:10,1790210410559,eth,1790209800,Up,0.09,0.06,33.3,290,1.03,1.03,stopped,60.0,20.0,1.4911,0.3726,-1.1186
2026-09-24 02:41:35,1790210495560,eth,1790209800,Up,0.09,0.06,33.3,205,1.04,1.03,stopped,60.1,20.0,1.4911,0.1861,-1.305
2026-09-24 02:41:55,1790210515568,btc,1790209800,Up,0.38,0.3,21.1,185,1.03,0.75,hedged,60.0,20.0,16.4489,20.0,3.5511
2026-09-24 02:43:25,1790210605573,btc,1790209800,Up,0.58,0.48,17.2,95,1.03,0.92,hedged,5.0,20.0,19.093,20.0,0.907
2026-09-24 02:43:45,1790210625554,btc,1790209800,Down,0.48,0.4,16.7,75,1.03,0.78,hedged,10.0,20.0,16.265,20.0,3.735
2026-09-24 02:44:00,1790210640571,btc,1790209800,Up,0.71,0.55,22.5,60,1.03,0.88,hedged,20.0,20.0,18.2496,20.0,1.7504
2026-09-24 02:44:35,1790210675549,btc,1790209800,Down,0.42,0.25,40.5,25,1.03,1.03,held_to_resolution,,20.0,5.4694,,
2026-09-24 02:45:40,1790210740549,btc,1790210700,Up,0.42,0.34,19.0,860,1.03,0.89,hedged,45.0,20.0,18.4663,20.0,1.5337
2026-09-24 02:45:40,1790210740550,eth,1790210700,Up,0.43,0.31,27.9,860,1.03,0.9,hedged,45.0,20.0,18.6457,20.0,1.3543
2026-09-24 02:46:50,1790210810572,eth,1790210700,Up,0.49,0.4,18.4,790,1.04,1.01,stopped,60.0,20.0,8.5387,6.4858,-2.0528
2026-09-24 02:47:05,1790210825982,btc,1790210700,Up,0.52,0.43,17.3,775,1.03,0.97,stopped,64.7,20.0,9.145,6.6815,-2.4635
2026-09-24 02:47:55,1790210875553,eth,1790210700,Up,0.38,0.31,18.4,725,1.03,1.03,stopped,60.0,20.0,6.7046,3.0118,-3.6928
2026-09-24 02:50:35,1790211035594,btc,1790210700,Up,0.41,0.33,19.5,565,1.03,1.03,stopped,60.0,20.0,7.1142,3.3934,-3.7208
2026-09-24 02:50:35,1790211035595,eth,1790210700,Up,0.26,0.19,26.9,565,1.05,1.03,stopped,60.0,20.0,4.224,1.874,-2.35
2026-09-24 02:51:40,1790211100593,eth,1790210700,Up,0.12,0.1,16.7,500,1.03,1.03,stopped,60.0,20.0,2.3371,0.7462,-1.5908
2026-09-24 02:53:10,1790211190614,btc,1790210700,Up,0.15,0.12,20.0,410,1.03,1.03,stopped,60.0,20.0,2.7583,1.497,-1.2614
2026-09-24 02:53:10,1790211190616,eth,1790210700,Up,0.06,0.05,16.7,410,1.03,1.03,stopped,60.0,20.0,1.279,0.3726,-0.9064
2026-09-24 02:54:15,1790211255597,btc,1790210700,Up,0.12,0.1,16.7,345,1.03,1.03,stopped,60.0,20.0,2.3371,0.9335,-1.4036
2026-09-24 02:55:55,1790211355642,btc,1790210700,Up,0.09,0.06,33.3,245,1.03,0.74,hedged,55.0,20.0,15.2007,20.0,4.7993
2026-09-24 02:57:00,1790211420622,btc,1790210700,Up,0.35,0.22,37.1,180,1.03,0.77,hedged,10.0,20.0,15.9957,20.0,4.0043
2026-09-24 02:56:55,1790211415631,eth,1790210700,Up,0.23,0.12,47.8,185,1.03,0.87,hedged,15.0,20.0,17.8277,20.0,2.1723
2026-09-24 02:57:20,1790211440618,eth,1790210700,Up,0.29,0.237,18.3,160,1.037,0.957,stopped,60.5,20.0,5.2004,0.1861,-5.0142
2026-09-24 02:57:40,1790211460655,btc,1790210700,Up,0.39,0.24,38.5,140,1.03,1.03,stopped,65.0,20.0,5.2625,0.3726,-4.8899
2026-09-24 02:58:50,1790211530625,btc,1790210700,Up,0.06,0.04,33.3,70,1.03,1.03,held_to_resolution,,20.0,1.0665,,
2026-09-24 03:00:21,1790211621037,eth,1790211600,Up,0.49,0.41,16.3,880,1.03,0.74,hedged,54.6,20.0,15.4457,20.0,4.5543
2026-09-24 03:01:10,1790211670612,btc,1790211600,Down,0.5,0.33,34.0,830,1.03,0.98,stopped,60.0,20.0,7.1142,6.4858,-0.6283
2026-09-24 03:02:30,1790211750661,eth,1790211600,Up,0.68,0.57,16.2,750,1.03,0.94,stopped,60.0,20.0,11.941,9.4501,-2.4909
2026-09-24 03:03:40,1790211820650,btc,1790211600,Up,0.52,0.41,21.2,680,1.03,0.92,hedged,15.0,20.0,19.091,20.0,0.909
2026-09-24 03:03:45,1790211825625,eth,1790211600,Up,0.47,0.38,19.1,675,1.03,0.84,hedged,10.0,20.0,17.8818,20.0,2.1182
2026-09-24 03:05:10,1790211910663,btc,1790211600,Up,0.36,0.29,19.4,590,1.03,0.86,hedged,10.0,20.0,17.839,20.0,2.161
2026-09-24 03:04:40,1790211880677,eth,1790211600,Up,0.44,0.36,18.2,620,1.03,0.91,hedged,40.4,20.0,18.8741,20.0,1.1259
2026-09-24 03:05:40,1790211940630,btc,1790211600,Up,0.42,0.34,19.0,560,1.03,1.03,stopped,60.0,20.0,7.3185,4.7375,-2.581
2026-09-24 03:05:40,1790211940631,eth,1790211600,Up,0.47,0.39,17.0,560,1.03,1.03,stopped,60.0,20.0,8.336,3.776,-4.56
2026-09-24 03:07:40,1790212060668,btc,1790211600,Down,0.64,0.54,15.6,440,1.03,0.92,hedged,55.5,20.0,19.0728,20.0,0.9272
2026-09-24 03:07:40,1790212060669,eth,1790211600,Down,0.58,0.49,15.5,440,1.04,0.96,stopped,60.1,20.0,10.35,10.4522,0.1022
2026-09-24 03:09:10,1790212150661,btc,1790211600,Up,0.33,0.23,30.3,350,1.03,1.03,stopped,60.0,20.0,5.0554,3.3934,-1.662
2026-09-24 03:09:10,1790212150662,eth,1790211600,Up,0.48,0.34,29.2,350,1.03,1.02,stopped,60.0,20.0,7.3185,3.9677,-3.3508
2026-09-24 03:10:20,1790212220669,btc,1790211600,Up,0.26,0.21,19.2,280,1.03,1.01,stopped,60.0,20.0,4.6402,2.6314,-2.0088
2026-09-24 03:11:20,1790212280701,eth,1790211600,Up,0.35,0.28,20.0,220,1.03,0.81,hedged,10.0,20.0,16.8377,20.0,3.1623
2026-09-24 03:11:35,1790212295754,eth,1790211600,Up,0.51,0.38,25.5,205,1.03,0.96,stopped,64.9,20.0,8.1331,6.0954,-2.0377
2026-09-24 03:11:50,1790212310694,btc,1790211600,Up,0.19,0.16,15.8,190,1.03,1.02,stopped,60.0,20.0,3.5975,0.7462,-2.8513
2026-09-24 03:12:50,1790212370716,eth,1790211600,Up,0.34,0.12,64.7,130,1.03,0.97,stopped,60.0,20.0,2.7583,0.9335,-1.8248
2026-09-24 03:12:55,1790212375698,btc,1790211600,Up,0.12,0.06,50.0,125,1.03,1.03,held_to_resolution,,20.0,1.4911,,
2026-09-24 03:14:00,1790212440702,eth,1790211600,Up,0.22,0.1,54.5,60,1.04,0.97,held_to_resolution,,20.0,2.3371,,
2026-09-24 03:15:55,1790212555703,eth,1790212500,Down,0.43,0.31,27.9,845,1.03,0.87,hedged,25.0,20.0,18.0511,20.0,1.9489
2026-09-24 03:17:06,1790212626164,eth,1790212500,Up,0.42,0.33,21.4,775,1.04,1.03,stopped,64.5,20.0,7.1142,3.5845,-3.5296
2026-09-24 03:17:30,1790212650745,btc,1790212500,Up,0.37,0.28,24.3,750,1.03,0.99,stopped,65.0,20.0,6.0883,4.1598,-1.9285
2026-09-24 03:18:40,1790212720729,btc,1790212500,Up,0.32,0.26,18.8,680,1.03,0.89,hedged,10.0,20.0,18.4058,20.0,1.5942
2026-09-24 03:18:35,1790212715762,eth,1790212500,Up,0.31,0.22,29.0,685,1.03,0.85,hedged,20.0,20.0,17.5778,20.0,2.4222
2026-09-24 03:19:10,1790212750743,eth,1790212500,Up,0.46,0.39,15.2,650,1.03,0.82,hedged,60.0,20.0,17.2791,20.0,2.7209
2026-09-24 03:20:00,1790212800710,btc,1790212500,Down,0.44,0.36,18.2,600,1.03,0.95,stopped,60.0,20.0,7.7263,8.059,0.3326
2026-09-24 03:20:45,1790212845735,eth,1790212500,Up,0.64,0.54,15.6,555,1.04,1.01,stopped,65.1,20.0,11.3465,9.0513,-2.2952
2026-09-24 03:21:05,1790212865716,btc,1790212500,Up,0.59,0.46,22.0,535,1.03,0.99,stopped,60.4,20.0,9.7487,7.2702,-2.4786
2026-09-24 03:22:00,1790212920724,eth,1790212500,Up,0.49,0.38,22.4,480,1.03,0.91,hedged,25.0,20.0,18.8825,20.0,1.1175
2026-09-24 03:23:10,1790212990732,btc,1790212500,Up,0.34,0.25,26.5,410,1.03,0.92,hedged,5.0,20.0,18.9835,20.0,1.0165
2026-09-24 03:22:30,1790212950721,eth,1790212500,Up,0.5,0.4,20.0,450,1.03,0.96,stopped,60.0,20.0,8.5387,4.5446,-3.994
2026-09-24 03:24:20,1790213060745,btc,1790212500,Down,0.51,0.41,19.6,340,1.03,0.83,hedged,50.0,20.0,17.2797,20.0,2.7203
2026-09-24 03:25:15,1790213115733,btc,1790212500,Up,0.45,0.35,22.2,285,1.03,1.03,stopped,60.0,20.0,7.5226,3.9677,-3.5548
2026-09-24 03:25:25,1790213125722,eth,1790212500,Up,0.47,0.34,27.7,275,1.03,1.03,stopped,60.0,20.0,7.3185,3.5845,-3.734
2026-09-24 03:26:35,1790213195799,eth,1790212500,Up,0.21,0.16,23.8,205,1.03,0.87,hedged,40.0,20.0,17.8915,20.0,2.1085
2026-09-24 03:26:35,1790213195797,btc,1790212500,Up,0.26,0.2,23.1,205,1.03,0.9,hedged,49.9,20.0,18.5317,20.0,1.4683
2026-09-24 03:27:30,1790213250733,eth,1790212500,Down,0.69,0.57,17.4,150,1.03,0.95,stopped,60.0,20.0,11.941,9.8501,-2.0909
2026-09-24 03:28:25,1790213305732,btc,1790212500,Up,0.35,0.17,51.4,95,1.03,0.91,hedged,15.0,20.0,18.6826,20.0,1.3174
2026-09-24 03:29:20,1790213360810,eth,1790212500,Down,0.4,0.22,45.0,40,1.06,1.06,held_to_resolution,,20.0,4.8479,,
2026-09-24 03:31:15,1790213475785,eth,1790213400,Up,0.53,0.45,15.1,825,1.03,0.91,hedged,20.1,20.0,18.8943,20.0,1.1057
2026-09-24 03:33:25,1790213605796,eth,1790213400,Down,0.33,0.27,18.2,695,1.03,1.0,stopped,65.0,20.0,5.8822,1.874,-4.0082
2026-09-24 03:34:10,1790213650785,btc,1790213400,Down,0.36,0.29,19.4,650,1.03,1.03,stopped,65.0,20.0,6.294,2.4417,-3.8523
2026-09-24 03:35:05,1790213705832,eth,1790213400,Down,0.1,0.08,20.0,595,1.03,1.03,stopped,65.0,20.0,1.9147,0.9335,-0.9812
2026-09-24 03:35:20,1790213720773,btc,1790213400,Down,0.15,0.12,20.0,580,1.03,1.0,stopped,60.0,20.0,2.7583,1.3089,-1.4495
2026-09-24 03:36:25,1790213785770,btc,1790213400,Down,0.11,0.08,27.3,515,1.03,0.99,stopped,60.0,20.0,1.9147,0.3726,-1.5421
2026-09-24 03:36:25,1790213785771,eth,1790213400,Down,0.06,0.04,33.3,515,1.03,1.01,stopped,60.0,20.0,1.0665,0.1861,-0.8804
2026-09-24 03:37:45,1790213865786,btc,1790213400,Up,0.97,0.8,17.5,435,1.04,1.02,stopped,60.1,20.0,16.4155,12.8858,-3.5296
2026-09-24 03:37:50,1790213870812,eth,1790213400,Down,0.2,0.17,15.0,430,1.03,0.93,stopped,60.1,20.0,3.8066,4.7375,0.9309
2026-09-24 03:39:10,1790213950786,eth,1790213400,Down,0.3,0.24,20.0,350,1.03,0.93,stopped,60.1,20.0,5.2625,6.0954,0.8329
2026-09-24 03:40:15,1790214015813,eth,1790213400,Up,0.76,0.59,22.4,285,1.05,1.05,stopped,60.0,20.0,12.336,6.2905,-6.0455
2026-09-24 03:40:20,1790214020793,btc,1790213400,Up,0.5,0.42,16.0,280,1.03,1.03,stopped,65.0,20.0,8.9431,3.9677,-4.9754
2026-09-24 03:41:20,1790214080786,eth,1790213400,Up,0.33,0.27,18.2,220,1.04,0.99,stopped,60.1,20.0,5.8822,1.874,-4.0082
2026-09-24 03:41:35,1790214095863,btc,1790213400,Up,0.27,0.18,33.3,205,1.03,0.96,stopped,65.0,20.0,4.0155,1.497,-2.5185
2026-09-24 03:42:45,1790214165812,btc,1790213400,Up,0.13,0.1,23.1,135,1.03,1.03,held_to_resolution,,20.0,2.3371,,
2026-09-24 03:42:55,1790214175829,eth,1790213400,Up,0.07,0.04,42.9,125,1.03,1.03,held_to_resolution,,20.0,1.0665,,
2026-09-24 03:45:40,1790214340870,btc,1790214300,Down,0.53,0.44,17.0,860,1.03,0.87,hedged,65.0,20.0,18.0875,20.0,1.9125
2026-09-24 03:45:40,1790214340872,eth,1790214300,Down,0.53,0.45,15.1,860,1.04,0.92,hedged,65.0,20.0,19.0955,20.0,0.9045
2026-09-24 03:48:25,1790214505836,btc,1790214300,Up,0.49,0.4,18.4,695,1.03,1.03,stopped,60.0,20.0,8.5387,6.8774,-1.6612
2026-09-24 03:48:25,1790214505837,eth,1790214300,Up,0.55,0.41,25.5,695,1.04,1.04,stopped,60.0,20.0,8.741,6.2905,-2.4506
2026-09-24 03:49:30,1790214570875,eth,1790214300,Up,0.35,0.29,17.1,630,1.03,0.99,stopped,65.0,20.0,6.294,3.2025,-3.0915
2026-09-24 03:50:20,1790214620846,btc,1790214300,Up,0.39,0.32,17.9,580,1.03,1.02,stopped,60.0,20.0,6.9095,3.9677,-2.9418
2026-09-24 03:50:55,1790214655854,eth,1790214300,Up,0.21,0.17,19.0,545,1.03,1.01,stopped,65.0,20.0,3.8066,2.8215,-0.9851
2026-09-24 03:51:45,1790214705865,btc,1790214300,Up,0.22,0.18,18.2,495,1.03,0.89,hedged,20.5,20.0,18.3095,20.0,1.6905
2026-09-24 03:52:20,1790214740867,btc,1790214300,Down,0.68,0.57,16.2,460,1.03,1.02,stopped,60.0,20.0,11.941,10.6535,-1.2875
2026-09-24 03:53:10,1790214790878,eth,1790214300,Up,0.39,0.32,17.9,410,1.05,1.05,stopped,65.0,20.0,6.9095,4.1598,-2.7498
2026-09-24 03:53:40,1790214820897,btc,1790214300,Up,0.46,0.36,21.7,380,1.03,0.9,stopped,65.0,20.0,7.7263,6.8774,-0.8489
2026-09-24 03:54:25,1790214865889,eth,1790214300,Up,0.24,0.2,16.7,335,1.04,1.04,stopped,60.0,20.0,4.4323,1.497,-2.9353
2026-09-24 03:55:40,1790214940878,btc,1790214300,Down,0.59,0.45,23.7,260,1.03,0.98,stopped,60.0,20.0,9.5478,5.9005,-3.6472
2026-09-24 03:55:45,1790214945887,eth,1790214300,Up,0.12,0.1,16.7,255,1.05,1.01,stopped,60.1,20.0,2.3371,1.121,-1.216
2026-09-24 03:57:15,1790215035907,btc,1790214300,Down,0.32,0.26,18.8,165,1.03,0.82,hedged,25.0,20.0,18.6023,20.0,1.3977
2026-09-24 03:57:10,1790215030909,eth,1790214300,Up,0.08,0.06,25.0,170,1.03,1.03,stopped,110.0,20.0,1.4911,0.1861,-1.305
2026-09-24 03:58:10,1790215090909,btc,1790214300,Up,0.59,0.32,45.8,110,1.03,1.03,held_to_resolution,,20.0,6.9095,,
2026-09-24 04:01:10,1790215270893,btc,1790215200,Up,0.53,0.4,24.5,830,1.03,0.92,stopped,60.0,20.0,8.5387,9.4501,0.9115
2026-09-24 04:02:55,1790215375902,eth,1790215200,Down,0.43,0.35,18.6,725,1.03,0.92,hedged,10.0,20.0,19.0675,20.0,0.9325
2026-09-24 04:02:55,1790215375901,btc,1790215200,Down,0.53,0.41,22.6,725,1.03,0.9,hedged,15.0,20.0,18.6905,20.0,1.3095
2026-09-24 04:04:05,1790215445940,btc,1790215200,Up,0.36,0.28,22.2,655,1.03,0.99,stopped,60.0,20.0,6.0883,4.5446,-1.5436
2026-09-24 04:04:36,1790215476390,eth,1790215200,Up,0.34,0.28,17.6,625,1.04,1.01,stopped,64.5,20.0,6.0883,3.3934,-2.6949
2026-09-24 04:05:10,1790215510930,btc,1790215200,Up,0.29,0.24,17.2,590,1.03,1.02,stopped,60.1,20.0,5.2625,3.0118,-2.2507
2026-09-24 04:06:10,1790215570996,eth,1790215200,Up,0.2,0.16,20.0,530,1.04,0.97,stopped,64.9,20.0,3.5975,2.8215,-0.776
2026-09-24 04:07:20,1790215640908,btc,1790215200,Up,0.15,0.12,20.0,460,1.03,0.99,stopped,60.0,20.0,2.7583,1.3089,-1.4495
2026-09-24 04:07:20,1790215640910,eth,1790215200,Up,0.17,0.13,23.5,460,1.04,1.01,stopped,60.0,20.0,2.9686,0.7462,-2.2223
2026-09-24 04:08:25,1790215705920,btc,1790215200,Up,0.1,0.08,20.0,395,1.03,1.03,stopped,60.0,20.0,1.9147,0.1861,-1.7285
2026-09-24 04:08:25,1790215705921,eth,1790215200,Up,0.07,0.04,42.9,395,1.03,0.98,stopped,60.0,20.0,1.0665,0.5593,-0.5072
2026-09-24 04:10:05,1790215805930,eth,1790215200,Up,0.06,0.04,33.3,295,1.04,1.03,stopped,60.0,20.0,1.0665,0.1861,-0.8804
2026-09-24 04:15:20,1790216120965,btc,1790216100,Down,0.36,0.28,22.2,880,1.03,1.03,stopped,65.0,20.0,6.0883,2.6314,-3.4568
2026-09-24 04:15:25,1790216125952,eth,1790216100,Down,0.38,0.24,36.8,875,1.03,1.03,stopped,65.0,20.0,5.2625,1.874,-3.3885
2026-09-24 04:17:10,1790216230939,btc,1790216100,Down,0.13,0.11,15.4,770,1.03,0.99,stopped,60.0,20.0,2.5478,1.497,-1.0509
2026-09-24 04:17:06,1790216226407,eth,1790216100,Down,0.14,0.1,28.6,775,1.03,0.99,stopped,64.6,20.0,2.3371,1.121,-1.216
2026-09-24 04:18:15,1790216295950,eth,1790216100,Down,0.09,0.07,22.2,705,1.03,1.03,stopped,60.0,20.0,1.703,0.5593,-1.1438
2026-09-24 04:19:20,1790216360984,eth,1790216100,Down,0.05,0.04,20.0,640,1.03,1.02,stopped,60.4,20.0,1.0665,0.1861,-0.8804
2026-09-24 04:20:10,1790216410955,btc,1790216100,Down,0.07,0.05,28.6,590,1.03,1.02,stopped,65.0,20.0,1.279,0.7462,-0.5327
2026-09-24 04:22:31,1790216551028,eth,1790216100,Down,0.059,0.05,15.3,450,1.03,0.959,stopped,65.0,20.0,1.279,1.3277,0.0487
2026-09-24 04:23:45,1790216625982,eth,1790216100,Down,0.099,0.079,20.2,375,1.038,1.029,stopped,60.0,20.0,1.8935,0.7462,-1.1473
2026-09-24 04:24:56,1790216696001,btc,1790216100,Down,0.06,0.05,16.7,305,1.03,1.0,stopped,60.1,20.0,1.279,0.3726,-0.9064
2026-09-24 04:25:01,1790216701006,eth,1790216100,Down,0.059,0.048,18.6,300,1.034,1.013,stopped,60.0,20.0,1.2365,0.1861,-1.0504
2026-09-24 04:32:16,1790217136026,btc,1790217000,Down,0.54,0.43,20.4,765,1.03,1.03,stopped,60.0,20.0,9.145,3.5845,-5.5604
2026-09-24 04:32:16,1790217136028,eth,1790217000,Down,0.62,0.49,21.0,765,1.03,1.03,stopped,60.0,20.0,10.35,4.7375,-5.6125
2026-09-24 04:34:46,1790217286022,btc,1790217000,Down,0.25,0.21,16.0,615,1.03,0.92,hedged,15.0,20.0,18.9342,20.0,1.0658
2026-09-24 04:35:11,1790217311045,eth,1790217000,Up,0.53,0.45,15.1,590,1.03,0.99,stopped,60.0,20.0,9.5478,6.6815,-2.8663
2026-09-24 04:36:46,1790217406080,eth,1790217000,Down,0.56,0.46,17.9,495,1.04,0.89,hedged,25.0,20.0,18.4898,20.0,1.5102
2026-09-24 04:36:36,1790217396073,btc,1790217000,Down,0.44,0.37,15.9,505,1.03,0.97,stopped,60.4,20.0,7.9298,5.9005,-2.0293
2026-09-24 04:38:11,1790217491068,btc,1790217000,Down,0.28,0.2,28.6,410,1.03,1.03,stopped,65.0,20.0,4.4323,1.497,-2.9353
2026-09-24 04:38:11,1790217491070,eth,1790217000,Down,0.48,0.31,35.4,410,1.03,0.98,stopped,65.0,20.0,6.7046,4.5446,-2.16
2026-09-24 04:39:56,1790217596069,btc,1790217000,Down,0.17,0.12,29.4,305,1.03,1.03,stopped,60.0,20.0,2.7583,0.1861,-2.5722
2026-09-24 04:40:01,1790217601037,eth,1790217000,Down,0.43,0.3,30.2,300,1.03,1.03,stopped,60.0,20.0,6.4995,0.7462,-5.7532
2026-09-24 04:41:51,1790217711044,eth,1790217000,Down,0.06,0.02,66.7,190,1.03,1.02,stopped,110.1,20.0,0.6407,0.1861,-0.4546
2026-09-24 04:46:21,1790217981052,eth,1790217900,Down,0.51,0.43,15.7,820,1.03,0.93,stopped,60.0,20.0,9.145,7.2702,-1.8748
2026-09-24 04:47:11,1790218031080,btc,1790217900,Down,0.47,0.37,21.3,770,1.03,1.0,stopped,60.0,20.0,7.9298,6.4858,-1.444
2026-09-24 04:49:21,1790218161121,btc,1790217900,Up,0.61,0.51,16.4,640,1.03,0.92,hedged,30.0,20.0,19.0854,20.0,0.9146
2026-09-24 04:50:46,1790218246097,eth,1790217900,Down,0.42,0.33,21.4,555,1.04,0.98,stopped,65.0,20.0,7.1142,5.1241,-1.9901
2026-09-24 04:52:36,1790218356112,eth,1790217900,Down,0.52,0.41,21.2,445,1.05,0.92,hedged,5.0,20.0,19.091,20.0,0.909
2026-09-24 04:52:36,1790218356110,btc,1790217900,Down,0.49,0.34,30.6,445,1.03,0.88,hedged,30.0,20.0,18.2672,20.0,1.7328
2026-09-24 04:53:06,1790218386146,eth,1790217900,Up,0.49,0.38,22.4,415,1.03,0.91,hedged,15.0,20.0,18.8825,20.0,1.1175
2026-09-24 04:53:36,1790218416112,eth,1790217900,Up,0.45,0.37,17.8,385,1.03,0.9,hedged,35.0,20.0,18.6793,20.0,1.3207
2026-09-24 04:53:21,1790218401134,btc,1790217900,Down,0.5,0.4,20.0,400,1.03,0.96,stopped,65.0,20.0,8.5387,5.3178,-3.2209
2026-09-24 04:54:16,1790218456115,eth,1790217900,Down,0.55,0.46,16.4,345,1.03,1.03,stopped,60.0,20.0,9.7487,6.6815,-3.0672
2026-09-24 04:55:31,1790218531186,btc,1790217900,Up,0.77,0.64,16.9,270,1.03,0.88,hedged,39.9,20.0,18.1664,20.0,1.8336
2026-09-24 04:55:31,1790218531189,eth,1790217900,Up,0.57,0.48,15.8,270,1.05,0.84,hedged,39.9,20.0,17.4684,20.0,2.5316
2026-09-24 04:56:21,1790218581137,eth,1790217900,Up,0.67,0.56,16.4,220,1.04,0.75,stopped,65.0,20.0,11.7431,16.1934,4.4502
2026-09-24 04:56:51,1790218611156,btc,1790217900,Down,0.28,0.23,17.9,190,1.03,0.96,stopped,60.0,20.0,5.0554,2.0629,-2.9924
2026-09-24 04:57:56,1790218676168,eth,1790217900,Up,0.69,0.54,21.7,125,1.03,0.88,hedged,20.0,20.0,18.256,20.0,1.744
2026-09-24 04:58:41,1790218721249,eth,1790217900,Up,0.55,0.42,23.6,80,1.04,0.89,hedged,4.9,20.0,18.4909,20.0,1.5091
2026-09-24 04:58:06,1790218686121,btc,1790217900,Down,0.26,0.2,23.1,115,1.03,1.03,stopped,60.1,20.0,4.4323,0.1861,-4.2461
2026-09-24 04:58:56,1790218736128,eth,1790217900,Down,0.45,0.36,20.0,65,1.03,1.03,held_to_resolution,,20.0,7.7263,,
2026-09-24 05:00:36,1790218836149,btc,1790218800,Down,0.51,0.41,19.6,865,1.03,0.96,stopped,60.0,20.0,8.741,6.0954,-2.6457
2026-09-24 05:01:06,1790218866152,eth,1790218800,Down,0.47,0.38,19.1,835,1.03,1.03,stopped,65.0,20.0,8.1331,4.3521,-3.781
2026-09-24 05:02:36,1790218956167,btc,1790218800,Down,0.29,0.23,20.7,745,1.03,0.97,stopped,65.0,20.0,5.0554,2.4417,-2.6137
2026-09-24 05:02:36,1790218956169,eth,1790218800,Down,0.24,0.19,20.8,745,1.04,0.99,stopped,65.0,20.0,4.224,2.0629,-2.1611
2026-09-24 05:04:41,1790219081153,eth,1790218800,Down,0.24,0.2,16.7,620,1.03,0.92,hedged,30.0,20.0,18.9205,20.0,1.0795
2026-09-24 05:04:36,1790219076198,btc,1790218800,Down,0.28,0.23,17.9,625,1.03,0.99,stopped,60.0,20.0,5.0554,4.7375,-0.3179
2026-09-24 05:05:51,1790219151174,btc,1790218800,Down,0.27,0.22,18.5,550,1.03,0.93,stopped,60.0,20.0,4.8479,5.5117,0.6638
2026-09-24 05:06:26,1790219186171,eth,1790218800,Up,0.65,0.48,26.2,515,1.03,0.99,stopped,60.0,20.0,10.1499,4.7375,-5.4124
2026-09-24 05:07:51,1790219271162,eth,1790218800,Up,0.26,0.21,19.2,430,1.03,1.02,stopped,60.1,20.0,4.6402,1.497,-3.1433
2026-09-24 05:08:26,1790219306163,btc,1790218800,Up,0.44,0.34,22.7,395,1.03,1.03,stopped,60.0,20.0,7.3185,2.6314,-4.6871
2026-09-24 05:09:21,1790219361199,eth,1790218800,Up,0.12,0.1,16.7,340,1.04,0.93,stopped,60.4,20.0,2.3371,2.0629,-0.2741
2026-09-24 05:10:11,1790219411172,btc,1790218800,Up,0.35,0.29,17.1,290,1.03,1.01,stopped,65.5,20.0,6.294,1.6853,-4.6087
2026-09-24 05:10:31,1790219431272,eth,1790218800,Up,0.18,0.11,38.9,270,1.05,1.05,stopped,64.9,20.0,2.5478,0.1861,-2.3617
2026-09-24 05:11:21,1790219481251,btc,1790218800,Up,0.13,0.11,15.4,220,1.03,1.03,stopped,125.0,20.0,2.5478,0.1861,-2.3617
2026-09-24 05:15:16,1790219716223,eth,1790219700,Down,0.25,0.18,28.0,885,1.03,0.92,hedged,35.0,20.0,18.8914,20.0,1.1086
2026-09-24 05:15:46,1790219746237,btc,1790219700,Down,0.41,0.32,22.0,855,1.03,0.9,hedged,15.0,20.0,18.6527,20.0,1.3473
2026-09-24 05:18:36,1790219916230,btc,1790219700,Up,0.4,0.34,15.0,685,1.03,0.95,stopped,60.0,20.0,7.3185,5.9005,-1.418
2026-09-24 05:19:11,1790219951214,eth,1790219700,Down,0.4,0.34,15.0,650,1.03,0.89,hedged,60.0,20.0,18.4663,20.0,1.5337
2026-09-24 05:20:06,1790220006379,btc,1790219700,Up,0.33,0.26,21.2,595,1.03,1.03,stopped,64.9,20.0,5.6759,2.2522,-3.4238
2026-09-24 05:20:36,1790220036224,eth,1790219700,Up,0.49,0.41,16.3,565,1.03,1.02,stopped,65.0,20.0,8.741,5.1241,-3.617
2026-09-24 05:21:21,1790220081236,btc,1790219700,Up,0.14,0.11,21.4,520,1.03,0.99,stopped,65.0,20.0,2.5478,0.9335,-1.6143
2026-09-24 05:22:51,1790220171201,btc,1790219700,Up,0.08,0.06,25.0,430,1.03,1.03,stopped,60.0,20.0,1.4911,0.1861,-1.305
2026-09-24 05:22:51,1790220171203,eth,1790219700,Up,0.3,0.2,33.3,430,1.03,1.02,stopped,60.0,20.0,4.4323,1.6853,-2.7469
2026-09-24 05:24:06,1790220246307,eth,1790219700,Up,0.06,0.04,33.3,355,1.03,1.0,stopped,64.9,20.0,1.0665,0.1861,-0.8804
2026-09-24 05:31:21,1790220681253,btc,1790220600,Up,0.45,0.36,20.0,820,1.03,0.89,hedged,20.0,20.0,18.4758,20.0,1.5242
2026-09-24 05:32:11,1790220731281,btc,1790220600,Up,0.45,0.38,15.6,770,1.03,1.0,stopped,60.0,20.0,8.1331,4.7375,-3.3956
2026-09-24 05:36:06,1790220966311,btc,1790220600,Up,0.43,0.33,23.3,535,1.03,1.01,stopped,65.0,20.0,7.1142,4.1598,-2.9544
2026-09-24 05:37:01,1790221021297,eth,1790220600,Up,0.58,0.44,24.1,480,1.03,0.97,stopped,60.0,20.0,9.3465,7.4669,-1.8796
2026-09-24 05:38:06,1790221086342,btc,1790220600,Up,0.18,0.13,27.8,415,1.03,0.98,stopped,65.0,20.0,2.9686,3.0118,0.0433
2026-09-24 05:38:06,1790221086343,eth,1790220600,Up,0.41,0.32,22.0,415,1.03,0.88,stopped,65.0,20.0,6.9095,8.6535,1.744
2026-09-24 05:39:51,1790221191292,eth,1790220600,Up,0.31,0.22,29.0,310,1.03,0.75,hedged,15.1,20.0,15.5974,20.0,4.4026
2026-09-24 05:39:26,1790221166298,btc,1790220600,Up,0.11,0.09,18.2,335,1.03,0.95,stopped,60.0,20.0,2.126,2.2522,0.1262
2026-09-24 05:40:11,1790221211320,eth,1790220600,Down,0.69,0.48,30.4,290,1.04,0.91,stopped,65.0,20.0,10.1499,7.8613,-2.2885
2026-09-24 05:40:36,1790221236337,btc,1790220600,Up,0.14,0.09,35.7,265,1.03,0.92,hedged,60.0,20.0,18.7326,20.0,1.2674
2026-09-24 05:42:16,1790221336321,eth,1790220600,Up,0.74,0.41,44.6,165,1.03,0.92,hedged,10.0,20.0,19.091,20.0,0.909
2026-09-24 05:42:31,1790221351323,eth,1790220600,Down,0.62,0.35,43.5,150,1.04,0.71,hedged,10.0,20.0,14.8411,20.0,5.1589
2026-09-24 05:42:16,1790221336320,btc,1790220600,Up,0.15,0.05,66.7,165,1.03,0.91,hedged,60.0,20.0,18.4575,20.0,1.5425
2026-09-24 05:42:46,1790221366336,eth,1790220600,Down,0.68,0.55,19.1,135,1.1,1.07,stopped,60.0,20.0,11.545,2.2522,-9.2928
2026-09-24 05:43:51,1790221431334,btc,1790220600,Up,0.29,0.13,55.2,70,1.03,1.03,held_to_resolution,,20.0,2.9686,,
2026-09-24 05:44:16,1790221456288,eth,1790220600,Down,0.27,0.21,22.2,45,1.1,1.1,held_to_resolution,,20.0,4.6402,,
2026-09-24 05:47:01,1790221621324,btc,1790221500,Up,0.53,0.45,15.1,780,1.03,1.03,stopped,60.0,20.0,9.5478,7.4669,-2.0808
2026-09-24 05:47:26,1790221646378,eth,1790221500,Up,0.45,0.38,15.6,755,1.04,0.97,stopped,65.0,20.0,8.1331,6.8774,-1.2556
2026-09-24 05:48:36,1790221716342,btc,1790221500,Up,0.4,0.29,27.5,685,1.03,0.94,stopped,60.0,20.0,6.294,5.1241,-1.1699
2026-09-24 05:48:36,1790221716343,eth,1790221500,Up,0.44,0.36,18.2,685,1.04,0.96,stopped,60.0,20.0,7.7263,6.6815,-1.0448
2026-09-24 05:50:06,1790221806368,eth,1790221500,Up,0.44,0.35,20.5,595,1.04,0.91,hedged,30.0,20.0,18.8691,20.0,1.1309
2026-09-24 05:50:06,1790221806367,btc,1790221500,Up,0.33,0.24,27.3,595,1.03,0.98,stopped,60.0,20.0,5.2625,3.0118,-2.2507
2026-09-24 05:51:06,1790221866374,eth,1790221500,Up,0.51,0.38,25.5,535,1.04,1.0,stopped,65.0,20.0,8.1331,6.8774,-1.2556
2026-09-24 05:51:11,1790221871360,btc,1790221500,Up,0.27,0.18,33.3,530,1.03,0.99,stopped,65.0,20.0,4.0155,2.4417,-1.5738
2026-09-24 05:52:21,1790221941376,btc,1790221500,Up,0.18,0.13,27.8,460,1.03,1.01,stopped,60.5,20.0,2.9686,2.4417,-0.5269
2026-09-24 05:52:16,1790221936378,eth,1790221500,Up,0.39,0.28,28.2,465,1.04,0.87,hedged,65.5,20.0,18.0293,20.0,1.9707
2026-09-24 05:54:01,1790222041374,btc,1790221500,Up,0.17,0.13,23.5,360,1.03,1.0,stopped,60.5,20.0,2.9686,1.497,-1.4716
2026-09-24 05:55:06,1790222106534,btc,1790221500,Up,0.11,0.06,45.5,295,1.03,1.02,stopped,64.9,20.0,1.4911,0.1861,-1.305
2026-09-24 05:55:21,1790222121821,eth,1790221500,Up,0.52,0.44,15.4,280,1.05,1.05,stopped,64.6,20.0,9.3465,4.5446,-4.8019
2026-09-24 05:56:46,1790222206400,eth,1790221500,Up,0.34,0.27,20.6,195,1.03,1.03,stopped,60.0,20.0,5.8822,0.7462,-5.136
2026-09-24 05:58:26,1790222306372,eth,1790221500,Up,0.12,0.07,41.7,94,1.04,0.61,hedged,30.0,20.0,12.6518,20.0,7.3482
2026-09-24 05:59:01,1790222341408,eth,1790221500,Up,0.6,0.49,18.3,59,1.11,0.54,held_to_resolution,,20.0,10.35,,
2026-09-24 06:00:51,1790222451376,btc,1790222400,Up,0.62,0.51,17.7,849,1.03,1.01,stopped,60.1,20.0,10.7494,9.4501,-1.2993
2026-09-24 06:01:31,1790222491371,eth,1790222400,Up,0.46,0.28,39.1,809,1.03,0.97,stopped,60.1,20.0,6.0883,4.5446,-1.5436
2026-09-24 06:03:21,1790222601420,btc,1790222400,Up,0.44,0.31,29.5,699,1.03,1.01,stopped,60.0,20.0,6.7046,4.1598,-2.5449
2026-09-24 06:03:21,1790222601422,eth,1790222400,Up,0.26,0.2,23.1,699,1.03,1.01,stopped,60.0,20.0,4.4323,2.4417,-1.9906
2026-09-24 06:05:41,1790222741411,eth,1790222400,Up,0.24,0.17,29.2,559,1.04,1.04,stopped,60.0,20.0,3.8066,2.6314,-1.1752
2026-09-24 06:07:51,1790222871446,eth,1790222400,Down,0.66,0.55,16.7,429,1.03,0.92,hedged,25.0,20.0,19.0675,20.0,0.9325
2026-09-24 06:08:46,1790222926459,btc,1790222400,Up,0.54,0.29,46.3,374,1.03,0.91,hedged,20.0,20.0,18.8271,20.0,1.1729
2026-09-24 06:08:46,1790222926461,eth,1790222400,Up,0.37,0.19,48.6,374,1.04,0.92,hedged,35.0,20.0,18.9062,20.0,1.0938
2026-09-24 06:09:11,1790222951446,btc,1790222400,Down,0.6,0.5,16.7,349,1.03,1.03,stopped,60.0,20.0,10.5499,4.5446,-6.0052
2026-09-24 06:10:16,1790223016440,btc,1790222400,Down,0.34,0.24,29.4,284,1.03,0.7,hedged,10.0,20.0,15.6125,20.0,4.3875
2026-09-24 06:10:31,1790223031433,btc,1790222400,Down,0.57,0.45,21.1,269,1.03,0.78,hedged,10.0,20.0,16.2524,20.0,3.7476
2026-09-24 06:10:01,1790223001885,eth,1790222400,Up,0.38,0.32,15.8,299,1.05,0.97,stopped,64.6,20.0,6.9095,2.0629,-4.8466
2026-09-24 06:10:56,1790223056414,btc,1790222400,Down,0.74,0.62,16.2,244,1.03,0.82,hedged,20.0,20.0,16.9418,20.0,3.0582
2026-09-24 06:11:21,1790223081416,btc,1790222400,Up,0.39,0.15,61.5,219,1.03,0.94,stopped,60.1,20.0,3.3882,1.497,-1.8912
2026-09-24 06:11:16,1790223076456,eth,1790222400,Up,0.19,0.09,52.6,224,1.04,1.0,stopped,65.0,20.0,2.126,0.3726,-1.7534
2026-09-24 06:12:26,1790223146420,btc,1790222400,Up,0.12,0.05,58.3,154,1.03,0.97,stopped,60.0,20.0,1.279,0.1861,-1.0928
2026-09-24 06:12:26,1790223146422,eth,1790222400,Up,0.06,0.04,33.3,154,1.04,1.02,held_to_resolution,,20.0,1.0665,,
2026-09-24 06:15:51,1790223351472,btc,1790223300,Down,0.44,0.34,22.7,849,1.03,0.96,stopped,65.0,20.0,7.3185,5.706,-1.6125
2026-09-24 06:15:51,1790223351474,eth,1790223300,Down,0.41,0.34,17.1,849,1.03,0.97,stopped,65.0,20.0,7.3185,5.3178,-2.0007
2026-09-24 06:17:11,1790223431459,eth,1790223300,Down,0.32,0.26,18.8,769,1.03,0.9,hedged,15.0,20.0,18.6023,20.0,1.3977
2026-09-24 06:18:26,1790223506463,btc,1790223300,Up,0.56,0.4,28.6,694,1.03,0.93,stopped,60.1,20.0,8.5387,9.2506,0.7119
2026-09-24 06:18:26,1790223506465,eth,1790223300,Up,0.58,0.4,31.0,694,1.04,1.0,stopped,60.1,20.0,8.5387,7.664,-0.8747
2026-09-24 06:20:01,1790223601930,eth,1790223300,Down,0.58,0.48,17.2,599,1.03,0.99,stopped,64.6,20.0,10.1499,9.4501,-0.6997
2026-09-24 06:21:16,1790223676463,btc,1790223300,Down,0.45,0.35,22.2,524,1.03,0.99,stopped,60.0,20.0,7.5226,5.5117,-2.0108
2026-09-24 06:21:26,1790223686481,eth,1790223300,Down,0.47,0.38,19.1,514,1.03,0.92,stopped,60.0,20.0,8.1331,6.8774,-1.2556
2026-09-24 06:23:31,1790223811501,btc,1790223300,Down,0.26,0.21,19.2,389,1.03,0.9,hedged,35.0,20.0,18.5449,20.0,1.4551
2026-09-24 06:23:21,1790223801495,eth,1790223300,Down,0.34,0.26,23.5,399,1.04,0.9,hedged,45.0,20.0,18.6023,20.0,1.3977
2026-09-24 06:24:16,1790223856497,btc,1790223300,Down,0.34,0.25,26.5,344,1.03,0.94,stopped,65.0,20.0,5.4694,4.9306,-0.5387
2026-09-24 06:24:16,1790223856498,eth,1790223300,Down,0.4,0.29,27.5,344,1.04,0.93,stopped,65.4,20.0,6.294,4.3521,-1.9419
2026-09-24 06:25:31,1790223931519,btc,1790223300,Down,0.27,0.17,37.0,269,1.03,1.01,stopped,60.1,20.0,3.8066,1.874,-1.9326
2026-09-24 06:25:26,1790223926511,eth,1790223300,Down,0.37,0.27,27.0,274,1.04,1.04,stopped,65.1,20.0,5.8822,2.4417,-3.4406
2026-09-24 06:26:36,1790223996519,btc,1790223300,Down,0.12,0.1,16.7,204,1.03,1.02,stopped,60.0,20.0,2.3371,0.9335,-1.4036
2026-09-24 06:26:36,1790223996521,eth,1790223300,Down,0.18,0.14,22.2,204,1.03,1.03,stopped,60.0,20.0,3.1785,0.1861,-2.9924
2026-09-24 06:27:41,1790224061513,btc,1790223300,Down,0.08,0.05,37.5,139,1.03,1.02,stopped,65.0,20.0,1.279,0.1861,-1.0928
2026-09-24 06:27:41,1790224061515,eth,1790223300,Down,0.05,0.02,60.0,139,1.03,1.02,stopped,65.0,20.0,0.6407,0.1861,-0.4546
2026-09-24 06:33:01,1790224381548,eth,1790224200,Up,0.46,0.39,15.2,719,1.04,0.92,hedged,25.0,20.0,19.0854,20.0,0.9146
2026-09-24 06:33:01,1790224381546,btc,1790224200,Up,0.43,0.36,16.3,719,1.03,0.94,stopped,60.0,20.0,7.7263,7.664,-0.0623
2026-09-24 06:36:56,1790224616558,btc,1790224200,Up,0.51,0.34,33.3,484,1.03,0.98,stopped,65.0,20.0,7.3185,4.1598,-3.1587
2026-09-24 06:36:56,1790224616559,eth,1790224200,Up,0.48,0.36,25.0,484,1.03,1.0,stopped,65.0,20.0,7.7263,3.776,-3.9503
2026-09-24 06:38:41,1790224721557,eth,1790224200,Up,0.31,0.24,22.6,379,1.03,0.99,stopped,60.0,20.0,5.2625,4.1598,-1.1027
2026-09-24 06:38:47,1790224727076,btc,1790224200,Up,0.26,0.2,23.1,374,1.03,0.92,hedged,59.5,20.0,18.9205,20.0,1.0795
2026-09-24 06:39:51,1790224791589,eth,1790224200,Up,0.31,0.25,19.4,309,1.03,1.02,stopped,65.0,20.0,5.4694,2.4417,-3.0277
2026-09-24 06:41:21,1790224881594,btc,1790224200,Up,0.23,0.18,21.7,219,1.03,0.98,stopped,60.0,20.0,4.0155,1.497,-2.5185
2026-09-24 06:41:41,1790224901622,eth,1790224200,Up,0.3,0.2,33.3,199,1.03,0.94,stopped,65.1,20.0,4.4323,3.9677,-0.4645
2026-09-24 06:42:46,1790224966704,btc,1790224200,Up,0.11,0.09,18.2,134,1.03,1.03,stopped,64.9,20.0,2.126,0.1861,-1.9399
2026-09-24 06:42:51,1790224971577,eth,1790224200,Up,0.29,0.2,31.0,129,1.05,1.03,stopped,70.0,20.0,4.4323,0.1861,-4.2461
2026-09-24 06:46:51,1790225211576,eth,1790225100,Down,0.56,0.46,17.9,789,1.03,0.86,hedged,25.0,20.0,17.8818,20.0,2.1182
2026-09-24 06:47:16,1790225236608,btc,1790225100,Up,0.46,0.34,26.1,764,1.03,1.02,stopped,65.0,20.0,7.3185,4.3521,-2.9664
2026-09-24 06:47:31,1790225251689,eth,1790225100,Up,0.37,0.28,24.3,749,1.03,0.9,hedged,54.9,20.0,18.6213,20.0,1.3787
2026-09-24 06:48:46,1790225326601,btc,1790225100,Up,0.24,0.18,25.0,674,1.03,1.03,stopped,60.1,20.0,4.0155,2.4417,-1.5738
2026-09-24 06:48:46,1790225326603,eth,1790225100,Up,0.4,0.32,20.0,674,1.03,1.03,stopped,60.1,20.0,6.9095,4.9306,-1.9789
2026-09-24 06:49:51,1790225391592,eth,1790225100,Down,0.73,0.58,20.5,609,1.03,0.95,stopped,60.0,20.0,12.1387,12.2737,0.135
2026-09-24 06:50:11,1790225411619,btc,1790225100,Up,0.2,0.17,15.0,589,1.03,1.03,stopped,65.0,20.0,3.8066,2.8215,-0.9851
2026-09-24 06:52:12,1790225532037,btc,1790225100,Down,0.82,0.69,15.9,469,1.03,1.03,stopped,64.6,20.0,14.294,11.259,-3.035
2026-09-24 06:52:12,1790225532038,eth,1790225100,Down,0.54,0.38,29.6,469,1.03,1.03,stopped,64.6,20.0,8.1331,2.6314,-5.5016
2026-09-24 06:53:41,1790225621623,eth,1790225100,Down,0.18,0.15,16.7,379,1.03,0.98,stopped,60.0,20.0,3.3882,0.9335,-2.4547
2026-09-24 06:54:31,1790225671720,btc,1790225100,Down,0.55,0.44,20.0,329,1.03,0.97,stopped,65.0,20.0,9.3465,5.3178,-4.0287
2026-09-24 06:54:56,1790225696618,eth,1790225100,Down,0.11,0.08,27.3,304,1.04,1.04,stopped,60.0,20.0,1.9147,0.1861,-1.7285
2026-09-24 06:55:46,1790225746647,btc,1790225100,Down,0.3,0.24,20.0,254,1.03,1.03,stopped,60.1,20.0,5.2625,0.1861,-5.0764
2026-09-24 07:00:41,1790226041661,eth,1790226000,Down,0.43,0.36,16.3,859,1.03,1.03,stopped,65.0,20.0,7.7263,3.9677,-3.7586
2026-09-24 07:01:01,1790226061634,btc,1790226000,Down,0.38,0.31,18.4,839,1.03,1.03,stopped,60.1,20.0,6.7046,4.1598,-2.5449
2026-09-24 07:02:26,1790226146637,eth,1790226000,Down,0.19,0.16,15.8,754,1.03,1.03,stopped,60.0,20.0,3.5975,0.7462,-2.8513
2026-09-24 07:02:31,1790226151666,btc,1790226000,Down,0.23,0.16,30.4,749,1.03,1.02,stopped,60.1,20.0,3.5975,1.6853,-1.9122
2026-09-24 07:03:36,1790226216714,btc,1790226000,Down,0.12,0.09,25.0,684,1.03,1.03,stopped,65.0,20.0,2.126,0.9335,-1.1925
2026-09-24 07:03:41,1790226221691,eth,1790226000,Down,0.07,0.05,28.6,679,1.03,1.03,stopped,65.0,20.0,1.279,0.5593,-0.7197
2026-09-24 07:04:51,1790226291676,eth,1790226000,Down,0.05,0.04,20.0,609,1.03,1.03,stopped,65.0,20.0,1.0665,0.1861,-0.8804
2026-09-24 07:05:06,1790226306637,btc,1790226000,Down,0.06,0.05,16.7,594,1.03,1.03,stopped,60.0,20.0,1.279,0.3726,-0.9064
2026-09-24 07:15:16,1790226916713,eth,1790226900,Down,0.52,0.41,21.2,884,1.03,0.92,hedged,45.0,20.0,19.091,20.0,0.909
2026-09-24 07:15:16,1790226916711,btc,1790226900,Down,0.51,0.4,21.6,884,1.03,0.9,hedged,50.0,20.0,18.6885,20.0,1.3115
2026-09-24 07:20:56,1790227256756,btc,1790226900,Up,0.43,0.35,18.6,544,1.03,1.03,stopped,65.0,20.0,7.5226,3.0118,-4.5107
2026-09-24 07:20:56,1790227256757,eth,1790226900,Up,0.46,0.33,28.3,544,1.03,0.98,stopped,65.0,20.0,7.1142,5.3178,-1.7964
2026-09-24 07:22:46,1790227366782,eth,1790226900,Up,0.39,0.33,15.4,434,1.03,0.86,hedged,20.0,20.0,17.8636,20.0,2.1364
2026-09-24 07:23:41,1790227421856,eth,1790226900,Down,0.44,0.35,20.5,379,1.03,0.88,hedged,54.9,20.0,18.272,20.0,1.728
2026-09-24 07:24:36,1790227476794,btc,1790226900,Up,0.32,0.26,18.8,324,1.03,0.89,hedged,40.0,20.0,18.4058,20.0,1.5942
2026-09-24 07:24:41,1790227481779,eth,1790226900,Up,0.58,0.48,17.2,319,1.03,0.91,hedged,45.0,20.0,18.8909,20.0,1.1091
2026-09-24 07:25:31,1790227531844,eth,1790226900,Up,0.61,0.51,16.4,269,1.04,0.89,hedged,9.9,20.0,18.4758,20.0,1.5242
2026-09-24 07:25:41,1790227541765,btc,1790226900,Down,0.68,0.57,16.2,259,1.03,0.95,stopped,60.0,20.0,11.941,6.6815,-5.2595
2026-09-24 07:26:41,1790227601789,eth,1790226900,Down,0.48,0.22,54.2,199,1.03,0.9,hedged,10.0,20.0,18.5575,20.0,1.4425
2026-09-24 07:27:06,1790227626810,btc,1790226900,Up,0.36,0.26,27.8,174,1.03,1.03,stopped,65.0,20.0,5.6759,1.6853,-3.9906
2026-09-24 07:27:21,1790227641796,eth,1790226900,Up,0.64,0.54,15.6,159,1.04,0.93,stopped,60.0,20.0,11.3465,12.0702,0.7237
2026-09-24 07:28:51,1790227731795,btc,1790226900,Up,0.16,0.12,25.0,69,1.04,0.99,held_to_resolution,,20.0,2.7583,,
2026-09-24 07:28:31,1790227711831,eth,1790226900,Down,0.36,0.29,19.4,89,1.03,1.03,held_to_resolution,,20.0,6.294,,
2026-09-24 07:30:26,1790227826789,eth,1790227800,Up,0.54,0.43,20.4,874,1.04,1.04,stopped,65.1,20.0,9.145,4.5446,-4.6003
2026-09-24 07:33:11,1790227991799,eth,1790227800,Up,0.22,0.17,22.7,709,1.03,1.0,stopped,60.0,20.0,3.8066,2.2522,-1.5545
2026-09-24 07:33:56,1790228036848,btc,1790227800,Up,0.27,0.22,18.5,664,1.03,1.03,stopped,65.4,20.0,4.8479,2.4417,-2.4063
2026-09-24 07:35:06,1790228106789,btc,1790227800,Up,0.18,0.15,16.7,594,1.03,0.93,stopped,60.0,20.0,3.3882,3.2025,-0.1857
2026-09-24 07:36:02,1790228162306,eth,1790227800,Up,0.19,0.15,21.1,539,1.03,1.0,stopped,64.6,20.0,3.3882,1.3089,-2.0793
2026-09-24 07:37:06,1790228226862,btc,1790227800,Up,0.16,0.13,18.8,474,1.03,0.86,hedged,65.1,20.0,17.6508,20.0,2.3492
2026-09-24 07:37:11,1790228231830,eth,1790227800,Up,0.1,0.08,20.0,469,1.03,0.87,hedged,60.1,20.0,17.7549,20.0,2.2451
2026-09-24 07:38:31,1790228311814,eth,1790227800,Down,0.7,0.53,24.3,389,1.03,0.88,hedged,50.0,20.0,18.2619,20.0,1.7381
2026-09-24 07:38:26,1790228306869,btc,1790227800,Down,0.66,0.53,19.7,394,1.03,0.99,stopped,65.0,20.0,11.1478,10.0506,-1.0972
2026-09-24 07:39:46,1790228386811,btc,1790227800,Up,0.44,0.35,20.5,314,1.03,0.9,hedged,20.1,20.0,18.6703,20.0,1.3297
2026-09-24 07:39:46,1790228386812,eth,1790227800,Up,0.34,0.26,23.5,314,1.03,0.92,hedged,20.1,20.0,18.9944,20.0,1.0056
2026-09-24 07:40:11,1790228411832,btc,1790227800,Down,0.63,0.49,22.2,289,1.03,1.03,stopped,60.0,20.0,10.35,2.2522,-8.0978
2026-09-24 07:40:11,1790228411833,eth,1790227800,Down,0.72,0.52,27.8,289,1.03,1.03,stopped,60.0,20.0,10.9487,2.0629,-8.8858
2026-09-24 07:41:16,1790228476835,eth,1790227800,Down,0.21,0.16,23.8,224,1.04,0.9,hedged,40.0,20.0,18.4735,20.0,1.5265
2026-09-24 07:41:16,1790228476833,btc,1790227800,Down,0.24,0.14,41.7,224,1.03,0.74,hedged,50.0,20.0,15.3172,20.0,4.6828
2026-09-24 07:42:21,1790228541826,btc,1790227800,Down,0.46,0.36,21.7,159,1.03,0.79,hedged,15.0,20.0,16.4674,20.0,3.5326
2026-09-24 07:42:41,1790228561838,btc,1790227800,Up,0.58,0.34,41.4,139,1.03,0.84,hedged,25.0,20.0,17.4684,20.0,2.5316
2026-09-24 07:42:01,1790228521860,eth,1790227800,Up,0.72,0.52,27.8,179,1.04,1.04,stopped,65.0,20.0,10.9487,2.2522,-8.6966
2026-09-24 07:43:16,1790228596823,btc,1790227800,Down,0.48,0.15,68.8,104,1.03,0.91,hedged,15.1,20.0,18.6507,20.0,1.3493
2026-09-24 07:43:16,1790228596824,eth,1790227800,Down,0.87,0.63,27.6,104,1.09,0.85,stopped,60.0,20.0,13.1226,11.259,-1.8636
2026-09-24 07:43:41,1790228621886,btc,1790227800,Down,0.19,0.16,15.8,79,1.03,1.03,held_to_resolution,,20.0,3.5975,,
2026-09-24 07:45:41,1790228741865,eth,1790228700,Up,0.44,0.37,15.9,859,1.04,0.89,hedged,60.0,20.0,18.4797,20.0,1.5203
2026-09-24 07:46:21,1790228781856,btc,1790228700,Down,0.55,0.46,16.4,819,1.03,0.98,stopped,60.0,20.0,9.7487,7.4669,-2.2818
2026-09-24 07:47:26,1790228846864,btc,1790228700,Up,0.58,0.47,19.0,754,1.03,1.03,stopped,65.1,20.0,9.9494,7.0737,-2.8758
2026-09-24 07:47:26,1790228846866,eth,1790228700,Up,0.51,0.39,23.5,754,1.03,1.01,stopped,65.1,20.0,8.336,5.1241,-3.2119
2026-09-24 07:49:06,1790228946920,btc,1790228700,Up,0.45,0.33,26.7,654,1.03,0.98,stopped,60.0,20.0,7.1142,4.9306,-2.1835
2026-09-24 07:49:11,1790228951870,eth,1790228700,Up,0.26,0.22,15.4,649,1.04,1.0,stopped,60.0,20.0,4.8479,2.6314,-2.2165
2026-09-24 07:50:31,1790229031861,btc,1790228700,Down,0.69,0.54,21.7,569,1.03,0.9,hedged,10.0,20.0,18.665,20.0,1.335
2026-09-24 07:50:41,1790229041883,eth,1790228700,Up,0.25,0.16,36.0,559,1.04,1.0,stopped,60.0,20.0,3.5975,1.874,-1.7235
2026-09-24 07:52:06,1790229126857,eth,1790228700,Up,0.12,0.1,16.7,474,1.04,1.01,stopped,60.0,20.0,2.3371,1.497,-0.8401
2026-09-24 07:53:26,1790229206892,btc,1790228700,Down,0.66,0.51,22.7,394,1.03,0.91,hedged,15.0,20.0,18.8825,20.0,1.1175
2026-09-24 07:53:36,1790229216880,eth,1790228700,Up,0.19,0.13,31.6,384,1.04,1.04,stopped,60.0,20.0,2.9686,0.9335,-2.0351
2026-09-24 07:54:51,1790229291890,btc,1790228700,Up,0.34,0.24,29.4,309,1.03,1.03,stopped,65.0,20.0,5.2625,1.3089,-3.9536
2026-09-24 07:55:11,1790229311914,eth,1790228700,Up,0.06,0.04,33.3,289,1.04,1.02,stopped,60.0,20.0,1.0665,0.1861,-0.8804
2026-09-24 07:56:11,1790229371924,btc,1790228700,Up,0.09,0.06,33.3,229,1.03,1.03,stopped,60.4,20.0,1.4911,0.1861,-1.305
2026-09-24 08:00:26,1790229626887,btc,1790229600,Down,0.52,0.44,15.4,874,1.03,0.91,hedged,25.0,20.0,18.8943,20.0,1.1057
2026-09-24 08:01:06,1790229666938,btc,1790229600,Up,0.45,0.37,17.8,834,1.03,0.95,stopped,65.0,20.0,7.9298,5.1241,-2.8058
2026-09-24 08:01:06,1790229666939,eth,1790229600,Up,0.4,0.34,15.0,834,1.03,0.92,stopped,65.0,20.0,7.3185,3.9677,-3.3508
2026-09-24 08:02:51,1790229771929,btc,1790229600,Up,0.39,0.3,23.1,729,1.03,0.88,hedged,60.0,20.0,18.2426,20.0,1.7574
2026-09-24 08:02:46,1790229766961,eth,1790229600,Up,0.37,0.31,16.2,734,1.04,0.93,stopped,65.0,20.0,6.7046,7.4669,0.7623
2026-09-24 08:04:56,1790229896924,btc,1790229600,Down,0.42,0.34,19.0,604,1.03,0.9,hedged,30.0,20.0,18.8635,20.0,1.1365
2026-09-24 08:05:36,1790229936953,btc,1790229600,Up,0.55,0.44,20.0,564,1.03,0.88,hedged,10.0,20.0,18.2896,20.0,1.7104
2026-09-24 08:06:11,1790229971974,btc,1790229600,Up,0.58,0.46,20.7,529,1.03,0.94,stopped,65.0,20.0,9.7487,9.0513,-0.6975
2026-09-24 08:06:36,1790229996958,eth,1790229600,Up,0.64,0.51,20.3,504,1.05,0.8,hedged,60.1,20.0,16.6317,20.0,3.3683
2026-09-24 08:07:26,1790230046958,btc,1790229600,Down,0.52,0.44,15.4,454,1.03,1.03,stopped,65.0,20.0,9.3465,1.874,-7.4725
2026-09-24 08:07:56,1790230076948,eth,1790229600,Down,0.33,0.27,18.2,424,1.03,1.03,stopped,60.0,20.0,5.8822,1.497,-4.3853
2026-09-24 08:08:36,1790230116980,btc,1790229600,Down,0.14,0.11,21.4,384,1.03,1.0,stopped,65.1,20.0,2.5478,0.7462,-1.8016
2026-09-24 08:09:31,1790230171937,eth,1790229600,Down,0.14,0.08,42.9,329,1.04,0.96,stopped,60.0,20.0,1.9147,2.0629,0.1483
2026-09-24 08:09:51,1790230191974,btc,1790229600,Down,0.06,0.05,16.7,309,1.03,0.98,stopped,60.0,20.0,1.279,0.3726,-0.9064
2026-09-24 08:10:46,1790230246950,eth,1790229600,Down,0.13,0.1,23.1,254,1.04,1.04,stopped,60.0,20.0,2.3371,0.1861,-2.1509
2026-09-24 08:10:56,1790230256960,btc,1790229600,Down,0.05,0.04,20.0,244,1.03,1.03,stopped,60.0,20.0,1.0665,0.1861,-0.8804
2026-09-24 08:15:41,1790230541951,btc,1790230500,Down,0.6,0.48,20.0,859,1.03,0.95,stopped,60.0,20.0,10.1499,9.0513,-1.0986
2026-09-24 08:15:41,1790230541952,eth,1790230500,Down,0.61,0.46,24.6,859,1.03,0.93,stopped,60.0,20.0,9.7487,9.0513,-0.6975
2026-09-24 08:17:57,1790230677004,btc,1790230500,Up,0.64,0.52,18.8,724,1.03,0.9,hedged,45.0,20.0,18.6751,20.0,1.3249
2026-09-24 08:17:57,1790230677006,eth,1790230500,Up,0.58,0.47,19.0,724,1.04,0.86,stopped,65.0,20.0,9.9494,11.4613,1.5119
2026-09-24 08:18:46,1790230726983,btc,1790230500,Down,0.41,0.34,17.1,674,1.03,1.02,stopped,60.0,20.0,7.3185,3.9677,-3.3508
2026-09-24 08:19:57,1790230797012,eth,1790230500,Up,0.72,0.59,18.1,604,1.04,1.04,stopped,60.0,20.0,12.336,4.1598,-8.1762
2026-09-24 08:20:46,1790230846983,btc,1790230500,Up,0.53,0.44,17.0,554,1.03,0.89,hedged,40.0,20.0,18.4915,20.0,1.5085
2026-09-24 08:21:57,1790230917001,btc,1790230500,Up,0.44,0.36,18.2,484,1.03,0.91,hedged,45.0,20.0,18.8741,20.0,1.1259
2026-09-24 08:21:57,1790230917003,eth,1790230500,Up,0.32,0.24,25.0,484,1.03,0.84,stopped,60.3,20.0,5.2625,5.706,0.4435
2026-09-24 08:22:52,1790230972021,btc,1790230500,Up,0.48,0.39,18.7,429,1.03,1.03,stopped,65.0,20.0,8.336,3.5845,-4.7515
2026-09-24 08:23:07,1790230987052,eth,1790230500,Up,0.33,0.25,24.2,414,1.04,0.96,stopped,65.0,20.0,5.4694,3.2025,-2.2669
2026-09-24 08:24:37,1790231077016,btc,1790230500,Down,0.78,0.62,20.5,324,1.03,1.03,stopped,60.1,20.0,12.9263,6.4858,-6.4405
2026-09-24 08:24:42,1790231082023,eth,1790230500,Down,0.63,0.51,19.0,319,1.05,0.99,stopped,60.0,20.0,10.7494,8.059,-2.6905
2026-09-24 08:25:52,1790231152024,btc,1790230500,Up,0.67,0.53,20.9,249,1.03,0.89,hedged,15.0,20.0,18.4663,20.0,1.5337
2026-09-24 08:26:27,1790231187018,btc,1790230500,Up,0.56,0.41,26.8,214,1.03,0.91,hedged,10.1,20.0,18.8909,20.0,1.1091
2026-09-24 08:26:17,1790231177020,eth,1790230500,Up,0.52,0.41,21.2,224,1.05,0.84,hedged,50.0,20.0,17.4821,20.0,2.5179
2026-09-24 08:27:07,1790231227052,btc,1790230500,Down,0.48,0.3,37.5,174,1.03,0.9,hedged,15.0,20.0,18.6381,20.0,1.3619
2026-09-24 08:27:12,1790231232020,eth,1790230500,Down,0.61,0.4,34.4,169,1.05,0.86,hedged,55.0,20.0,19.0885,20.0,0.9115
2026-09-24 08:27:27,1790231247048,btc,1790230500,Down,0.43,0.31,27.9,154,1.03,1.03,stopped,60.0,20.0,6.7046,0.9335,-5.7711
2026-09-24 08:28:12,1790231292043,eth,1790230500,Down,0.52,0.4,23.1,109,1.04,0.66,hedged,40.0,20.0,13.8012,20.0,6.1988
2026-09-24 08:29:02,1790231342104,eth,1790230500,Up,0.48,0.29,39.6,59,1.08,0.66,hedged,14.9,20.0,13.8166,20.0,6.1834
2026-09-24 08:28:42,1790231322038,btc,1790230500,Down,0.07,0.04,42.9,79,1.03,0.9,held_to_resolution,,20.0,1.0665,,
2026-09-24 08:29:22,1790231362034,eth,1790230500,Down,0.81,0.36,55.6,39,1.05,1.0,held_to_resolution,,20.0,7.7263,,
2026-09-24 08:31:27,1790231487072,eth,1790231400,Up,0.66,0.52,21.2,814,1.03,0.89,hedged,55.0,20.0,18.4713,20.0,1.5287
2026-09-24 08:33:17,1790231597082,btc,1790231400,Up,0.6,0.5,16.7,704,1.03,1.02,stopped,60.0,20.0,10.5499,8.059,-2.4909
2026-09-24 08:33:17,1790231597084,eth,1790231400,Up,0.61,0.51,16.4,704,1.04,1.03,stopped,60.0,20.0,10.7494,8.2569,-2.4926
2026-09-24 08:36:47,1790231807067,btc,1790231400,Down,0.56,0.47,16.1,494,1.03,0.91,hedged,40.0,20.0,18.8926,20.0,1.1074
2026-09-24 08:36:47,1790231807068,eth,1790231400,Down,0.45,0.34,24.4,494,1.03,0.9,hedged,40.0,20.0,18.665,20.0,1.335
2026-09-24 08:37:37,1790231857067,btc,1790231400,Down,0.59,0.5,15.3,444,1.03,0.93,stopped,60.0,20.0,10.5499,8.6535,-1.8964
2026-09-24 08:38:27,1790231907097,eth,1790231400,Down,0.49,0.39,20.4,394,1.03,1.03,stopped,65.0,20.0,8.336,6.4858,-1.8502
2026-09-24 08:39:47,1790231987098,btc,1790231400,Down,0.5,0.39,22.0,314,1.03,0.88,hedged,15.5,20.0,18.2854,20.0,1.7146
2026-09-24 08:39:37,1790231977098,eth,1790231400,Down,0.36,0.29,19.4,324,1.04,0.74,hedged,40.0,20.0,15.439,20.0,4.561
2026-09-24 08:40:22,1790232022499,eth,1790231400,Up,0.43,0.35,18.6,279,1.04,0.93,stopped,64.6,20.0,7.5226,8.2569,0.7343
2026-09-24 08:40:37,1790232037103,btc,1790231400,Up,0.39,0.33,15.4,264,1.03,0.96,stopped,60.0,20.0,7.1142,6.0954,-1.0188
2026-09-24 08:42:02,1790232122084,btc,1790231400,Down,0.68,0.5,26.5,179,1.03,1.03,stopped,60.0,20.0,10.5499,4.1598,-6.3901
2026-09-24 08:42:02,1790232122086,eth,1790231400,Down,0.55,0.46,16.4,179,1.04,0.95,stopped,60.0,20.0,9.7487,2.8215,-6.9272
2026-09-24 08:43:52,1790232232115,btc,1790231400,Down,0.22,0.18,18.2,69,1.03,1.02,held_to_resolution,,20.0,4.0155,,
2026-09-24 08:43:12,1790232192120,eth,1790231400,Down,0.18,0.1,44.4,109,1.04,1.04,held_to_resolution,,20.0,2.3371,,
2026-09-24 08:45:22,1790232322114,btc,1790232300,Up,0.52,0.41,21.2,879,1.03,0.98,stopped,65.0,20.0,8.741,3.776,-4.965
2026-09-24 08:46:12,1790232372148,eth,1790232300,Up,0.44,0.32,27.3,829,1.04,1.03,stopped,65.0,20.0,6.9095,5.5117,-1.3978
2026-09-24 08:48:02,1790232482115,btc,1790232300,Up,0.35,0.24,31.4,719,1.03,1.01,stopped,60.0,20.0,5.2625,4.5446,-0.7179
2026-09-24 08:48:02,1790232482116,eth,1790232300,Up,0.42,0.33,21.4,719,1.04,1.03,stopped,60.0,20.0,7.1142,5.9005,-1.2136
2026-09-24 08:50:32,1790232632187,btc,1790232300,Up,0.39,0.33,15.4,569,1.03,0.96,stopped,64.9,20.0,7.1142,3.0118,-4.1023
2026-09-24 08:51:02,1790232662136,eth,1790232300,Up,0.31,0.21,32.3,539,1.03,1.01,stopped,60.0,20.0,4.6402,2.6314,-2.0088
2026-09-24 08:52:27,1790232747137,btc,1790232300,Up,0.2,0.17,15.0,454,1.03,0.98,stopped,60.0,20.0,3.8066,2.8215,-0.9851
2026-09-24 08:53:37,1790232817124,btc,1790232300,Up,0.17,0.13,23.5,384,1.03,0.97,stopped,65.0,20.0,2.9686,2.4417,-0.5269
2026-09-24 08:54:47,1790232887150,btc,1790232300,Up,0.19,0.11,42.1,314,1.03,1.01,stopped,60.0,20.0,2.5478,1.6853,-0.8625
2026-09-24 08:54:42,1790232882172,eth,1790232300,Up,0.16,0.13,18.8,319,1.04,1.03,stopped,65.0,20.0,2.9686,1.497,-1.4716
2026-09-24 08:55:52,1790232952191,btc,1790232300,Up,0.11,0.07,36.4,249,1.03,0.99,stopped,65.0,20.0,1.703,0.9335,-0.7695
2026-09-24 08:56:37,1790232997150,eth,1790232300,Up,0.12,0.1,16.7,204,1.03,0.94,stopped,60.0,20.0,2.3371,0.9335,-1.4036
2026-09-24 08:57:22,1790233042186,btc,1790232300,Up,0.18,0.08,55.6,159,1.03,0.99,stopped,60.1,20.0,1.9147,1.121,-0.7936
2026-09-24 08:58:27,1790233107166,btc,1790232300,Up,0.1,0.06,40.0,94,1.03,1.03,held_to_resolution,,20.0,1.4911,,
2026-09-24 09:00:52,1790233252176,btc,1790233200,Up,0.35,0.28,20.0,849,1.03,0.98,stopped,60.0,20.0,6.0883,3.3934,-2.6949
2026-09-24 09:01:27,1790233287174,eth,1790233200,Up,0.43,0.36,16.3,814,1.03,1.03,stopped,60.0,20.0,7.7263,2.2522,-5.4742
2026-09-24 09:02:02,1790233322175,btc,1790233200,Up,0.2,0.16,20.0,779,1.03,1.03,stopped,60.0,20.0,3.5975,1.874,-1.7235
2026-09-24 09:02:42,1790233362194,eth,1790233200,Up,0.14,0.11,21.4,739,1.03,1.0,stopped,60.0,20.0,2.5478,2.2522,-0.2957
2026-09-24 09:03:07,1790233387205,btc,1790233200,Up,0.12,0.1,16.7,714,1.03,1.01,stopped,65.0,20.0,2.3371,1.6853,-0.6517
2026-09-24 09:05:12,1790233512211,btc,1790233200,Up,0.11,0.09,18.2,589,1.03,1.0,stopped,60.0,20.0,2.126,1.874,-0.252
2026-09-24 09:05:27,1790233527200,eth,1790233200,Up,0.12,0.07,41.7,574,1.04,0.9,stopped,60.0,20.0,1.703,3.3934,1.6903
2026-09-24 09:07:52,1790233672249,btc,1790233200,Down,0.68,0.55,19.1,429,1.03,0.87,hedged,60.0,20.0,18.0444,20.0,1.9556
2026-09-24 09:08:42,1790233722245,eth,1790233200,Up,0.56,0.46,17.9,379,1.04,1.04,stopped,60.0,20.0,9.7487,3.0118,-6.7369
2026-09-24 09:08:57,1790233737222,btc,1790233200,Up,0.49,0.37,24.5,364,1.03,1.03,stopped,65.5,20.0,7.9298,3.776,-4.1538
2026-09-24 09:09:57,1790233797219,eth,1790233200,Up,0.23,0.17,26.1,304,1.05,0.93,stopped,60.0,20.0,3.8066,2.0629,-1.7437
2026-09-24 09:10:17,1790233817218,btc,1790233200,Up,0.35,0.27,22.9,284,1.03,0.93,stopped,65.0,20.0,5.8822,3.3934,-2.4889
2026-09-24 09:11:42,1790233902245,btc,1790233200,Up,0.2,0.16,20.0,199,1.03,1.03,stopped,65.0,20.0,3.5975,0.5593,-3.0383
2026-09-24 09:11:57,1790233917227,eth,1790233200,Up,0.07,0.03,57.1,184,1.03,1.03,stopped,105.0,20.0,0.8538,0.1861,-0.6676
2026-09-24 09:12:52,1790233972229,btc,1790233200,Up,0.05,0.03,40.0,129,1.03,1.02,stopped,60.0,20.0,0.8538,0.1861,-0.6676
2026-09-24 09:15:22,1790234122251,btc,1790234100,Down,0.44,0.37,15.9,879,1.03,0.88,hedged,25.0,20.0,18.2798,20.0,1.7202
2026-09-24 09:16:07,1790234167245,btc,1790234100,Down,0.46,0.36,21.7,834,1.03,1.03,stopped,60.0,20.0,7.7263,4.3521,-3.3743
2026-09-24 09:18:17,1790234297260,btc,1790234100,Down,0.39,0.31,20.5,704,1.03,1.03,stopped,65.0,20.0,6.7046,2.4417,-4.263
2026-09-24 09:20:02,1790234402733,btc,1790234100,Down,0.12,0.1,16.7,599,1.03,1.02,stopped,64.6,20.0,2.3371,1.121,-1.216
2026-09-24 09:20:27,1790234427292,eth,1790234100,Down,0.11,0.09,18.2,574,1.04,1.03,stopped,65.1,20.0,2.126,0.7462,-1.3798
2026-09-24 09:21:22,1790234482355,btc,1790234100,Down,0.08,0.06,25.0,519,1.03,0.95,stopped,64.9,20.0,1.4911,0.7462,-0.7449
2026-09-24 09:22:02,1790234522295,eth,1790234100,Down,0.12,0.1,16.7,479,1.04,1.04,stopped,65.0,20.0,2.3371,0.5593,-1.7778
2026-09-24 09:23:27,1790234607269,eth,1790234100,Down,0.1,0.08,20.0,394,1.03,1.03,stopped,60.0,20.0,1.9147,0.7462,-1.1684
2026-09-24 09:24:17,1790234657294,btc,1790234100,Down,0.07,0.05,28.6,344,1.03,1.03,stopped,60.0,20.0,1.279,0.1861,-1.0928
2026-09-24 09:25:02,1790234702693,eth,1790234100,Down,0.06,0.04,33.3,299,1.03,1.03,stopped,64.6,20.0,1.0665,0.1861,-0.8804
2026-09-24 09:30:12,1790235012311,btc,1790235000,Down,0.48,0.39,18.7,889,1.03,0.96,stopped,60.1,20.0,8.336,6.2905,-2.0455
2026-09-24 09:30:12,1790235012313,eth,1790235000,Down,0.46,0.31,32.6,889,1.03,0.98,stopped,60.1,20.0,6.7046,4.7375,-1.9671
2026-09-24 09:31:17,1790235077316,eth,1790235000,Down,0.31,0.22,29.0,824,1.03,0.92,hedged,20.0,20.0,18.9474,20.0,1.0526
2026-09-24 09:31:52,1790235112334,btc,1790235000,Down,0.42,0.32,23.8,789,1.03,1.03,stopped,65.0,20.0,6.9095,2.0629,-4.8466
2026-09-24 09:31:52,1790235112336,eth,1790235000,Down,0.38,0.31,18.4,789,1.03,1.03,stopped,65.0,20.0,6.7046,1.6853,-5.0193
2026-09-24 09:33:42,1790235222311,eth,1790235000,Down,0.2,0.14,30.0,679,1.03,1.0,stopped,65.0,20.0,3.1785,2.8215,-0.357
2026-09-24 09:34:17,1790235257339,btc,1790235000,Down,0.24,0.2,16.7,644,1.03,0.98,stopped,65.0,20.0,4.4323,4.3521,-0.0802
2026-09-24 09:35:27,1790235327351,btc,1790235000,Down,0.25,0.2,20.0,574,1.03,1.0,stopped,65.0,20.0,4.4323,1.497,-2.9353
2026-09-24 09:35:57,1790235357312,eth,1790235000,Down,0.19,0.13,31.6,544,1.03,1.01,stopped,60.0,20.0,2.9686,1.3089,-1.6597
2026-09-24 09:36:57,1790235417347,btc,1790235000,Down,0.13,0.11,15.4,484,1.03,1.01,stopped,65.0,20.0,2.5478,1.497,-1.0509
2026-09-24 09:38:02,1790235482377,eth,1790235000,Down,0.06,0.05,16.7,419,1.03,1.02,stopped,65.0,20.0,1.279,0.5593,-0.7197
2026-09-24 09:38:12,1790235492362,btc,1790235000,Down,0.11,0.09,18.2,409,1.03,0.93,stopped,60.5,20.0,2.126,2.2522,0.1262
2026-09-24 09:39:17,1790235557364,btc,1790235000,Down,0.14,0.1,28.6,344,1.03,0.99,stopped,60.0,20.0,2.3371,2.2522,-0.0849
2026-09-24 09:40:17,1790235617377,eth,1790235000,Down,0.05,0.04,20.0,284,1.03,1.01,stopped,60.0,20.0,1.0665,0.1861,-0.8804
2026-09-24 09:41:37,1790235697359,btc,1790235000,Down,0.16,0.11,31.2,204,1.03,1.0,stopped,65.0,20.0,2.5478,2.2522,-0.2957
2026-09-24 09:42:52,1790235772374,btc,1790235000,Down,0.13,0.11,15.4,129,1.03,0.91,hedged,50.0,20.0,18.5801,20.0,1.4199
2026-09-24 09:44:02,1790235842354,btc,1790235000,Down,0.19,0.13,31.6,59,1.03,1.03,held_to_resolution,,20.0,2.9686,,
2026-09-24 09:45:12,1790235912353,btc,1790235900,Up,0.55,0.46,16.4,889,1.03,0.97,stopped,60.0,20.0,9.7487,9.2506,-0.4982
2026-09-24 09:46:47,1790236007358,eth,1790235900,Up,0.56,0.44,21.4,794,1.03,1.01,stopped,60.0,20.0,9.3465,5.3178,-4.0287
2026-09-24 09:48:02,1790236082387,eth,1790235900,Down,0.72,0.58,19.4,718,1.04,1.04,stopped,60.0,20.0,12.1387,7.0737,-5.065
2026-09-24 09:48:07,1790236087385,btc,1790235900,Down,0.66,0.53,19.7,713,1.03,1.03,stopped,65.0,20.0,11.1478,5.706,-5.4418
2026-09-24 09:50:02,1790236202819,eth,1790235900,Down,0.55,0.43,21.8,598,1.06,0.96,stopped,64.6,20.0,9.145,6.4858,-2.6591
2026-09-24 09:51:02,1790236262397,btc,1790235900,Down,0.37,0.3,18.9,538,1.03,1.02,stopped,65.0,20.0,6.4995,2.0629,-4.4365
2026-09-24 09:52:32,1790236352468,btc,1790235900,Down,0.19,0.13,31.6,448,1.03,1.03,stopped,65.0,20.0,2.9686,1.6853,-1.2832
2026-09-24 09:52:32,1790236352470,eth,1790235900,Down,0.39,0.28,28.2,448,1.03,1.03,stopped,65.0,20.0,6.0883,4.7375,-1.3508
2026-09-24 09:53:42,1790236422454,btc,1790235900,Down,0.1,0.05,50.0,378,1.03,1.01,stopped,65.0,20.0,1.279,0.1861,-1.0928
2026-09-24 09:53:57,1790236437400,eth,1790235900,Down,0.14,0.11,21.4,363,1.03,1.0,stopped,60.0,20.0,2.5478,1.497,-1.0509
2026-09-24 09:56:57,1790236617448,eth,1790235900,Up,0.62,0.42,32.3,183,1.07,1.07,stopped,65.0,20.0,8.9431,0.7462,-8.1969
2026-09-24 09:58:42,1790236722426,eth,1790235900,Up,0.05,0.03,40.0,78,1.04,1.03,held_to_resolution,,20.0,0.8538,,
2026-09-24 10:00:22,1790236822426,btc,1790236800,Down,0.53,0.41,22.6,878,1.03,0.92,hedged,25.0,20.0,19.091,20.0,0.909
2026-09-24 10:00:37,1790236837507,eth,1790236800,Down,0.48,0.39,18.7,863,1.04,0.88,stopped,64.9,20.0,8.336,6.0954,-2.2406
2026-09-24 10:01:37,1790236897431,btc,1790236800,Down,0.58,0.49,15.5,803,1.03,1.03,stopped,60.0,20.0,10.35,7.8613,-2.4887
2026-09-24 10:03:22,1790237002438,btc,1790236800,Down,0.47,0.39,17.0,698,1.03,0.95,stopped,60.0,20.0,8.336,8.2569,-0.0791
2026-09-24 10:03:37,1790237017434,eth,1790236800,Down,0.57,0.47,17.5,683,1.04,0.95,stopped,60.0,20.0,9.9494,10.0506,0.1011
2026-09-24 10:05:22,1790237122570,btc,1790236800,Down,0.45,0.37,17.8,578,1.03,0.99,stopped,64.9,20.0,7.9298,6.6815,-1.2483
2026-09-24 10:08:07,1790237287481,btc,1790236800,Down,0.33,0.26,21.2,413,1.03,0.91,hedged,55.0,20.0,18.7985,20.0,1.2015
2026-09-24 10:08:07,1790237287482,eth,1790236800,Down,0.59,0.48,18.6,413,1.04,0.89,hedged,55.0,20.0,18.4859,20.0,1.5141
2026-09-24 10:09:07,1790237347484,btc,1790236800,Up,0.63,0.27,57.1,353,1.03,0.9,hedged,15.0,20.0,18.6121,20.0,1.3879
2026-09-24 10:09:07,1790237347485,eth,1790236800,Up,0.39,0.16,59.0,353,1.04,0.74,hedged,25.1,20.0,15.3407,20.0,4.6593
2026-09-24 10:09:27,1790237367509,btc,1790236800,Down,0.61,0.5,18.0,333,1.03,0.87,hedged,55.0,20.0,19.0885,20.0,0.9115
2026-09-24 10:10:37,1790237437480,btc,1790236800,Down,0.7,0.58,17.1,263,1.03,0.89,hedged,30.0,20.0,18.4327,20.0,1.5673
2026-09-24 10:10:02,1790237402953,eth,1790236800,Up,0.38,0.31,18.4,298,1.05,1.05,stopped,64.6,20.0,6.7046,1.497,-5.2077
2026-09-24 10:11:12,1790237472483,btc,1790236800,Up,0.44,0.25,43.2,228,1.03,1.03,stopped,60.0,20.0,5.4694,1.497,-3.9724
2026-09-24 10:11:37,1790237497476,eth,1790236800,Up,0.08,0.06,25.0,203,1.03,1.03,stopped,60.1,20.0,1.4911,0.1861,-1.305
2026-09-24 10:12:22,1790237542505,btc,1790236800,Up,0.1,0.08,20.0,158,1.03,1.01,held_to_resolution,,20.0,1.9147,,
2026-09-24 10:16:12,1790237772508,btc,1790237700,Up,0.38,0.32,15.8,828,1.03,0.89,hedged,25.0,20.0,18.4545,20.0,1.5455
2026-09-24 10:16:07,1790237767483,eth,1790237700,Up,0.5,0.42,16.0,833,1.03,0.92,hedged,30.0,20.0,19.093,20.0,0.907
2026-09-24 10:16:42,1790237802507,btc,1790237700,Down,0.61,0.51,16.4,798,1.03,1.0,stopped,60.0,20.0,10.7494,7.664,-3.0854
2026-09-24 10:16:42,1790237802508,eth,1790237700,Down,0.58,0.39,32.8,798,1.03,0.98,stopped,60.0,20.0,8.336,6.8774,-1.4586
2026-09-24 10:18:02,1790237882526,eth,1790237700,Up,0.7,0.57,18.6,718,1.04,1.04,stopped,60.0,20.0,11.941,6.8774,-5.0636
2026-09-24 10:18:07,1790237887482,btc,1790237700,Up,0.68,0.54,20.6,713,1.03,1.03,stopped,60.0,20.0,11.3465,7.2702,-4.0763
2026-09-24 10:19:27,1790237967496,eth,1790237700,Down,0.65,0.54,16.9,633,1.03,0.9,hedged,35.5,20.0,18.665,20.0,1.335
2026-09-24 10:20:07,1790238007532,btc,1790237700,Up,0.35,0.29,17.1,593,1.03,0.99,stopped,60.0,20.0,6.294,2.2522,-4.0418
2026-09-24 10:20:07,1790238007534,eth,1790237700,Up,0.37,0.31,16.2,593,1.03,1.01,stopped,60.0,20.0,6.7046,3.2025,-3.5022
2026-09-24 10:21:12,1790238072529,btc,1790237700,Up,0.18,0.09,50.0,528,1.03,1.02,stopped,65.0,20.0,2.126,0.5593,-1.5667
2026-09-24 10:21:17,1790238077516,eth,1790237700,Up,0.19,0.12,36.8,523,1.03,1.02,stopped,60.0,20.0,2.7583,0.7462,-2.0121
2026-09-24 10:22:37,1790238157536,btc,1790237700,Up,0.05,0.04,20.0,443,1.03,1.02,stopped,60.0,20.0,1.0665,0.1861,-0.8804
2026-09-24 10:23:27,1790238207540,eth,1790237700,Up,0.07,0.05,28.6,393,1.03,1.03,stopped,60.0,20.0,1.279,0.1861,-1.0928
2026-09-24 10:30:12,1790238612581,btc,1790238600,Up,0.46,0.33,28.3,888,1.03,0.9,hedged,30.0,20.0,18.6591,20.0,1.3409
2026-09-24 10:30:37,1790238637567,eth,1790238600,Down,0.54,0.4,25.9,863,1.03,1.03,stopped,60.0,20.0,8.5387,4.5446,-3.994
2026-09-24 10:32:47,1790238767583,btc,1790238600,Down,0.41,0.34,17.1,733,1.03,0.95,stopped,60.0,20.0,7.3185,6.0954,-1.2231
2026-09-24 10:32:47,1790238767584,eth,1790238600,Down,0.27,0.22,18.5,733,1.04,0.96,stopped,60.0,20.0,4.8479,4.1598,-0.6882
2026-09-24 10:33:52,1790238832584,btc,1790238600,Down,0.35,0.28,20.0,668,1.03,0.88,hedged,30.0,20.0,18.2269,20.0,1.7731
2026-09-24 10:33:52,1790238832585,eth,1790238600,Down,0.28,0.22,21.4,668,1.04,0.91,hedged,35.0,20.0,18.7526,20.0,1.2474
2026-09-24 10:35:12,1790238912603,eth,1790238600,Up,0.46,0.34,26.1,588,1.03,0.87,hedged,45.0,20.0,18.0679,20.0,1.9321
2026-09-24 10:35:02,1790238902583,btc,1790238600,Up,0.39,0.32,17.9,598,1.03,1.0,stopped,60.0,20.0,6.9095,5.9005,-1.009
2026-09-24 10:36:07,1790238967576,btc,1790238600,Up,0.35,0.26,25.7,533,1.03,0.89,hedged,40.0,20.0,18.4058,20.0,1.5942
2026-09-24 10:36:02,1790238962593,eth,1790238600,Down,0.65,0.55,15.4,538,1.05,0.98,stopped,60.0,20.0,11.545,9.0513,-2.4937
2026-09-24 10:36:57,1790239017580,btc,1790238600,Up,0.4,0.34,15.0,483,1.03,0.86,hedged,40.0,20.0,17.8684,20.0,2.1316
2026-09-24 10:37:32,1790239052692,eth,1790238600,Down,0.48,0.36,25.0,448,1.03,1.03,stopped,64.9,20.0,7.7263,6.2905,-1.4359
2026-09-24 10:38:52,1790239132679,eth,1790238600,Down,0.39,0.32,17.9,368,1.03,1.01,stopped,64.9,20.0,6.9095,6.0954,-0.8142
2026-09-24 10:40:23,1790239223024,eth,1790238600,Down,0.31,0.24,22.6,278,1.03,0.87,hedged,59.6,20.0,18.581,20.0,1.419
2026-09-24 10:40:47,1790239247608,btc,1790238600,Up,0.53,0.43,18.9,253,1.03,1.03,stopped,60.0,20.0,9.145,4.3521,-4.7929
2026-09-24 10:42:27,1790239347630,eth,1790238600,Down,0.63,0.52,17.5,153,1.05,0.89,hedged,25.0,20.0,18.8786,20.0,1.1214
2026-09-24 10:41:57,1790239317634,btc,1790238600,Up,0.25,0.2,20.0,183,1.03,1.01,stopped,60.0,20.0,4.4323,0.1861,-4.2461
2026-09-24 10:42:57,1790239377637,eth,1790238600,Up,0.37,0.22,40.5,123,1.03,1.03,stopped,65.0,20.0,4.8479,0.5593,-4.2887
2026-09-24 10:45:33,1790239533134,eth,1790239500,Up,0.61,0.51,16.4,868,1.03,1.03,stopped,64.5,20.0,10.7494,8.455,-2.2944
2026-09-24 10:45:37,1790239537646,btc,1790239500,Up,0.57,0.46,19.3,863,1.03,1.03,stopped,65.0,20.0,9.7487,6.8774,-2.8713
2026-09-24 10:47:12,1790239632636,btc,1790239500,Up,0.37,0.31,16.2,768,1.03,1.03,stopped,60.0,20.0,6.7046,4.1598,-2.5449
2026-09-24 10:47:12,1790239632637,eth,1790239500,Up,0.45,0.38,15.6,768,1.03,1.03,stopped,60.0,20.0,8.1331,4.7375,-3.3956
2026-09-24 10:48:52,1790239732632,eth,1790239500,Up,0.3,0.24,20.0,668,1.04,1.03,stopped,60.0,20.0,5.2625,1.497,-3.7655
2026-09-24 10:49:22,1790239762652,btc,1790239500,Up,0.18,0.15,16.7,638,1.03,1.02,stopped,65.0,20.0,3.3882,1.874,-1.5142
2026-09-24 10:50:02,1790239802676,eth,1790239500,Up,0.1,0.07,30.0,598,1.03,0.97,stopped,65.0,20.0,1.703,1.6853,-0.0177
2026-09-24 10:50:33,1790239833124,btc,1790239500,Up,0.12,0.09,25.0,568,1.03,1.02,stopped,64.5,20.0,2.126,0.7462,-1.3798
2026-09-24 10:51:27,1790239887682,eth,1790239500,Up,0.13,0.11,15.4,513,1.03,0.91,hedged,50.0,20.0,18.5801,20.0,1.4199
2026-09-24 10:52:32,1790239952734,btc,1790239500,Up,0.1,0.07,30.0,448,1.03,1.01,stopped,60.0,20.0,1.703,0.3726,-1.3305
2026-09-24 10:52:32,1790239952736,eth,1790239500,Up,0.22,0.18,18.2,448,1.04,0.99,stopped,60.0,20.0,4.0155,1.3089,-2.7066
2026-09-24 10:53:57,1790240037684,btc,1790239500,Up,0.06,0.05,16.7,363,1.03,1.02,stopped,65.0,20.0,1.279,0.3726,-0.9064
2026-09-24 10:55:07,1790240107665,eth,1790239500,Up,0.17,0.13,23.5,293,1.03,1.02,stopped,60.0,20.0,2.9686,2.2522,-0.7164
2026-09-24 10:56:42,1790240202688,eth,1790239500,Up,0.11,0.09,18.2,198,1.03,1.02,stopped,65.0,20.0,2.126,0.5593,-1.5667
2026-09-24 10:58:02,1790240282681,eth,1790239500,Up,0.05,0.04,20.0,118,1.03,1.03,stopped,65.0,20.0,1.0665,0.1861,-0.8804
2026-09-24 11:00:47,1790240447718,btc,1790240400,Down,0.37,0.31,16.2,853,1.03,0.96,stopped,65.1,20.0,6.7046,6.4858,-0.2188
2026-09-24 11:02:22,1790240542716,eth,1790240400,Up,0.73,0.61,16.4,758,1.03,0.98,stopped,60.0,20.0,12.7298,10.2513,-2.4786
2026-09-24 11:03:47,1790240627728,btc,1790240400,Up,0.46,0.38,17.4,673,1.03,0.96,stopped,65.0,20.0,8.1331,6.4858,-1.6472
2026-09-24 11:03:47,1790240627730,eth,1790240400,Up,0.52,0.44,15.4,673,1.03,0.96,stopped,65.0,20.0,9.3465,6.4858,-2.8607
2026-09-24 11:04:57,1790240697741,eth,1790240400,Up,0.43,0.36,16.3,603,1.03,0.86,hedged,25.4,20.0,17.8762,20.0,2.1238
2026-09-24 11:05:27,1790240727732,eth,1790240400,Down,0.58,0.49,15.5,573,1.04,0.85,hedged,40.0,20.0,18.8887,20.0,1.1113
2026-09-24 11:05:22,1790240722724,btc,1790240400,Down,0.61,0.51,16.4,578,1.03,0.93,stopped,60.0,20.0,10.7494,9.65,-1.0994
2026-09-24 11:07:07,1790240827737,btc,1790240400,Down,0.6,0.46,23.3,473,1.03,0.87,hedged,60.1,20.0,18.0847,20.0,1.9153
2026-09-24 11:07:07,1790240827739,eth,1790240400,Down,0.72,0.58,19.4,473,1.03,0.89,stopped,60.1,20.0,12.1387,13.706,1.5673
2026-09-24 11:08:12,1790240892728,btc,1790240400,Up,0.53,0.39,26.4,408,1.03,0.88,hedged,15.0,20.0,18.2854,20.0,1.7146
2026-09-24 11:08:32,1790240912726,btc,1790240400,Down,0.56,0.43,23.2,388,1.03,0.89,hedged,20.0,20.0,18.4915,20.0,1.5085
2026-09-24 11:08:27,1790240907751,eth,1790240400,Down,0.67,0.55,17.9,393,1.03,0.93,stopped,60.0,20.0,11.545,9.4501,-2.0948
2026-09-24 11:09:07,1790240947727,btc,1790240400,Down,0.58,0.49,15.5,353,1.03,0.96,stopped,60.0,20.0,10.35,10.4522,0.1022
2026-09-24 11:10:12,1790241012753,btc,1790240400,Up,0.54,0.44,18.5,288,1.03,0.97,stopped,65.0,20.0,9.3465,5.706,-3.6405
2026-09-24 11:11:37,1790241097805,btc,1790240400,Up,0.43,0.36,16.3,203,1.03,1.03,stopped,64.9,20.0,7.7263,1.497,-6.2294
2026-09-24 11:11:37,1790241097806,eth,1790240400,Up,0.17,0.13,23.5,203,1.03,1.03,stopped,110.0,20.0,2.9686,0.1861,-2.7824
2026-09-24 11:12:47,1790241167835,btc,1790240400,Up,0.1,0.07,30.0,133,1.03,1.03,held_to_resolution,,20.0,1.703,,
2026-09-24 11:15:12,1790241312749,eth,1790241300,Up,0.55,0.45,18.2,888,1.03,0.92,hedged,25.1,20.0,19.0955,20.0,0.9045
2026-09-24 11:15:42,1790241342757,eth,1790241300,Down,0.53,0.45,15.1,858,1.03,0.9,hedged,25.0,20.0,18.6927,20.0,1.3073
2026-09-24 11:16:07,1790241367784,btc,1790241300,Up,0.46,0.39,15.2,833,1.03,1.02,stopped,65.0,20.0,8.336,5.3178,-3.0182
2026-09-24 11:17:52,1790241472773,eth,1790241300,Up,0.48,0.39,18.7,728,1.04,1.04,stopped,60.0,20.0,8.336,5.5117,-2.8243
2026-09-24 11:18:07,1790241487773,btc,1790241300,Up,0.35,0.29,17.1,713,1.03,0.95,stopped,60.0,20.0,6.294,5.5117,-0.7823
2026-09-24 11:19:07,1790241547793,eth,1790241300,Up,0.36,0.27,25.0,653,1.03,0.91,hedged,45.0,20.0,18.8086,20.0,1.1914
2026-09-24 11:20:07,1790241607816,btc,1790241300,Down,0.56,0.45,19.6,593,1.03,0.98,stopped,65.0,20.0,9.5478,8.455,-1.0927
2026-09-24 11:20:37,1790241637782,eth,1790241300,Down,0.5,0.4,20.0,563,1.03,0.9,hedged,45.0,20.0,18.6885,20.0,1.3115
2026-09-24 11:21:42,1790241702807,btc,1790241300,Up,0.5,0.41,18.0,498,1.03,1.0,stopped,60.0,20.0,8.741,3.9677,-4.7733
2026-09-24 11:23:12,1790241792849,btc,1790241300,Up,0.26,0.22,15.4,408,1.03,1.0,stopped,60.0,20.0,4.8479,3.776,-1.0719
2026-09-24 11:24:17,1790241857824,eth,1790241300,Up,0.24,0.2,16.7,343,1.03,1.03,stopped,60.0,20.0,4.4323,1.121,-3.3112
2026-09-24 11:24:27,1790241867822,btc,1790241300,Up,0.19,0.15,21.1,333,1.03,1.03,stopped,60.0,20.0,3.3882,1.6853,-1.7028
2026-09-24 11:25:37,1790241937985,btc,1790241300,Up,0.11,0.06,45.5,263,1.03,0.98,stopped,64.8,20.0,1.4911,0.3726,-1.1186
2026-09-24 11:25:37,1790241937987,eth,1790241300,Up,0.09,0.06,33.3,263,1.03,0.99,stopped,64.8,20.0,1.4911,0.3726,-1.1186
2026-09-24 11:27:02,1790242022843,btc,1790241300,Up,0.07,0.05,28.6,178,1.03,1.02,stopped,65.0,20.0,1.279,0.1861,-1.0928
2026-09-24 11:27:07,1790242027791,eth,1790241300,Up,0.06,0.049,18.3,173,1.039,0.998,stopped,60.1,20.0,1.2577,0.2048,-1.053
2026-09-24 11:28:12,1790242092837,eth,1790241300,Up,0.069,0.039,43.5,108,1.034,1.034,stopped,65.0,20.0,1.0452,0.1861,-0.8591
2026-09-24 11:28:12,1790242092835,btc,1790241300,Up,0.05,0.04,20.0,108,1.03,1.03,held_to_resolution,,20.0,1.0665,,
2026-09-24 11:30:33,1790242233295,btc,1790242200,Up,0.4,0.33,17.5,868,1.03,0.99,stopped,64.6,20.0,7.1142,4.5446,-2.5695
2026-09-24 11:30:33,1790242233297,eth,1790242200,Up,0.41,0.32,22.0,868,1.03,0.96,stopped,64.6,20.0,6.9095,4.3521,-2.5575
2026-09-24 11:32:02,1790242322843,eth,1790242200,Up,0.26,0.19,26.9,778,1.03,1.03,stopped,65.0,20.0,4.224,1.497,-2.727
2026-09-24 11:32:07,1790242327825,btc,1790242200,Up,0.27,0.19,29.6,773,1.03,1.03,stopped,65.0,20.0,4.224,1.6853,-2.5387
2026-09-24 11:33:17,1790242397838,btc,1790242200,Up,0.11,0.09,18.2,703,1.03,1.03,stopped,60.0,20.0,2.126,0.7462,-1.3798
2026-09-24 11:33:27,1790242407852,eth,1790242200,Up,0.09,0.07,22.2,693,1.03,1.02,stopped,60.0,20.0,1.703,0.7462,-0.9568
2026-09-24 11:34:32,1790242472854,eth,1790242200,Up,0.06,0.05,16.7,628,1.03,0.99,stopped,60.5,20.0,1.279,1.3089,0.0299
2026-09-24 11:34:37,1790242477860,btc,1790242200,Up,0.06,0.05,16.7,623,1.03,0.89,hedged,60.1,20.0,18.0765,20.0,1.9235
2026-09-24 11:36:13,1790242573363,btc,1790242200,Up,0.25,0.21,16.0,528,1.03,0.88,hedged,59.5,20.0,18.1544,20.0,1.8456
2026-09-24 11:38:07,1790242687883,btc,1790242200,Up,0.44,0.27,38.6,413,1.03,1.01,stopped,65.0,20.0,5.8822,3.2025,-2.6798
2026-09-24 11:38:07,1790242687884,eth,1790242200,Up,0.14,0.1,28.6,413,1.03,1.03,stopped,65.0,20.0,2.3371,0.5593,-1.7778
2026-09-24 11:39:47,1790242787921,btc,1790242200,Up,0.33,0.27,18.2,313,1.03,1.01,stopped,60.0,20.0,5.8822,5.1241,-0.7582
2026-09-24 11:39:52,1790242792870,eth,1790242200,Up,0.08,0.05,37.5,308,1.04,1.03,stopped,60.0,20.0,1.279,0.3726,-0.9064
2026-09-24 11:40:52,1790242852914,btc,1790242200,Up,0.29,0.23,20.7,248,1.03,1.02,stopped,65.0,20.0,5.0554,1.121,-3.9343
2026-09-24 11:40:57,1790242857901,eth,1790242200,Up,0.05,0.04,20.0,243,1.03,1.03,stopped,60.0,20.0,1.0665,0.1861,-0.8804
2026-09-24 11:42:57,1790242977931,btc,1790242200,Up,0.11,0.08,27.3,123,1.03,1.03,held_to_resolution,,20.0,1.9147,,
2026-09-24 11:45:57,1790243157902,btc,1790243100,Up,0.57,0.47,17.5,843,1.03,1.03,stopped,60.0,20.0,9.9494,8.6535,-1.2959
2026-09-24 11:46:22,1790243182937,eth,1790243100,Down,0.65,0.55,15.4,818,1.04,1.02,stopped,60.7,20.0,11.545,9.65,-1.895
2026-09-24 11:47:12,1790243232909,btc,1790243100,Up,0.51,0.42,17.6,768,1.03,0.99,stopped,60.0,20.0,8.9431,8.455,-0.4881
2026-09-24 11:48:32,1790243312923,btc,1790243100,Up,0.45,0.37,17.8,688,1.03,0.98,stopped,60.0,20.0,7.9298,6.0954,-1.8345
2026-09-24 11:49:57,1790243397981,btc,1790243100,Down,0.6,0.51,15.0,603,1.03,1.0,stopped,65.0,20.0,10.7494,7.2702,-3.4793
2026-09-24 11:49:57,1790243397982,eth,1790243100,Down,0.53,0.44,17.0,603,1.03,0.99,stopped,65.0,20.0,9.3465,4.5446,-4.8019
2026-09-24 11:51:12,1790243472930,btc,1790243100,Down,0.4,0.34,15.0,528,1.03,0.83,hedged,35.0,20.0,17.2679,20.0,2.7321
2026-09-24 11:51:17,1790243477964,eth,1790243100,Down,0.24,0.2,16.7,523,1.03,0.89,hedged,30.0,20.0,18.3369,20.0,1.6631
2026-09-24 11:51:52,1790243512940,btc,1790243100,Up,0.6,0.5,16.7,488,1.04,0.85,hedged,35.0,20.0,17.664,20.0,2.336
2026-09-24 11:52:27,1790243547949,eth,1790243100,Down,0.26,0.18,30.8,453,1.03,1.03,stopped,60.0,20.0,4.0155,1.6853,-2.3301
2026-09-24 11:52:37,1790243557956,btc,1790243100,Down,0.33,0.28,15.2,443,1.03,1.03,stopped,65.0,20.0,6.0883,3.0118,-3.0764
2026-09-24 11:54:02,1790243642980,btc,1790243100,Down,0.28,0.23,17.9,358,1.03,0.99,stopped,65.0,20.0,5.0554,2.2522,-2.8032
2026-09-24 11:54:22,1790243662972,eth,1790243100,Down,0.24,0.2,16.7,338,1.04,1.04,stopped,60.4,20.0,4.4323,0.3726,-4.0597
2026-09-24 11:55:12,1790243712959,btc,1790243100,Down,0.14,0.09,35.7,288,1.03,0.99,stopped,60.0,20.0,2.126,2.0629,-0.0631
2026-09-24 11:55:27,1790243727976,eth,1790243100,Down,0.05,0.04,20.0,273,1.03,0.95,stopped,65.0,20.0,1.0665,1.874,0.8075
2026-09-24 11:56:42,1790243802964,eth,1790243100,Down,0.12,0.1,16.7,198,1.03,0.9,hedged,25.0,20.0,18.3693,20.0,1.6307
2026-09-24 11:56:42,1790243802963,btc,1790243100,Down,0.14,0.1,28.6,198,1.03,0.98,stopped,60.0,20.0,2.3371,2.4417,0.1046
2026-09-24 11:58:17,1790243897974,eth,1790243100,Down,0.42,0.3,28.6,103,1.03,0.93,stopped,60.1,20.0,6.4995,0.1861,-6.3133
2026-09-24 11:57:47,1790243867959,btc,1790243100,Down,0.15,0.1,33.3,133,1.03,0.95,held_to_resolution,,20.0,2.3371,,
2026-09-24 12:00:18,1790244018097,btc,1790244000,Down,0.56,0.46,17.9,883,1.03,1.0,stopped,64.9,20.0,9.7487,6.6815,-3.0672
2026-09-24 12:01:38,1790244098000,btc,1790244000,Down,0.39,0.32,17.9,803,1.03,0.98,stopped,60.0,20.0,6.9095,5.706,-1.2035
2026-09-24 12:02:47,1790244167981,btc,1790244000,Down,0.32,0.27,15.6,733,1.03,1.0,stopped,60.0,20.0,5.8822,3.5845,-2.2977
2026-09-24 12:07:13,1790244433025,eth,1790244000,Up,0.32,0.27,15.6,468,1.03,0.99,stopped,60.1,20.0,5.8822,4.3521,-1.5302
2026-09-24 12:07:33,1790244453058,btc,1790244000,Up,0.43,0.36,16.3,448,1.03,0.94,stopped,60.0,20.0,7.7263,6.2905,-1.4359
2026-09-24 12:08:18,1790244498111,eth,1790244000,Up,0.25,0.18,28.0,403,1.03,0.89,hedged,20.0,20.0,18.3095,20.0,1.6905
2026-09-24 12:08:38,1790244518066,btc,1790244000,Down,0.67,0.51,23.9,383,1.03,0.96,stopped,65.0,20.0,10.7494,4.9306,-5.8188
2026-09-24 12:09:38,1790244578027,eth,1790244000,Down,0.7,0.57,18.6,323,1.03,0.85,hedged,30.0,20.0,17.617,20.0,2.383
2026-09-24 12:10:13,1790244613074,eth,1790244000,Up,0.26,0.21,19.2,288,1.03,0.75,hedged,15.0,20.0,18.3498,20.0,1.6502
2026-09-24 12:10:38,1790244638059,eth,1790244000,Up,0.36,0.3,16.7,263,1.04,0.92,hedged,5.0,20.0,19.0325,20.0,0.9675
2026-09-24 12:10:23,1790244623068,btc,1790244000,Down,0.4,0.18,55.0,278,1.03,0.95,stopped,65.0,20.0,4.0155,0.9335,-3.082
2026-09-24 12:10:58,1790244658038,eth,1790244000,Down,0.62,0.46,25.8,243,1.03,0.84,hedged,55.0,20.0,17.4751,20.0,2.5249
2026-09-24 12:11:58,1790244718069,btc,1790244000,Down,0.13,0.1,23.1,183,1.03,0.66,hedged,50.0,20.0,13.6836,20.0,6.3164
2026-09-24 12:12:08,1790244728046,eth,1790244000,Up,0.42,0.32,23.8,173,1.04,1.04,stopped,60.0,20.0,6.9095,0.1861,-6.7234
2026-09-24 12:12:53,1790244773038,btc,1790244000,Up,0.92,0.47,48.9,128,1.03,1.02,stopped,60.0,20.0,9.9494,0.1861,-9.7633
2026-09-24 12:16:23,1790244983086,btc,1790244900,Down,0.38,0.29,23.7,818,1.03,1.0,stopped,65.0,20.0,6.294,4.1598,-2.1342
2026-09-24 12:16:23,1790244983088,eth,1790244900,Down,0.47,0.34,27.7,818,1.04,0.99,stopped,65.0,20.0,7.3185,5.706,-1.6125
2026-09-24 12:17:38,1790245058565,eth,1790244900,Down,0.34,0.27,20.6,743,1.03,0.94,stopped,64.5,20.0,5.8822,6.4858,0.6036
2026-09-24 12:18:23,1790245103102,btc,1790244900,Down,0.36,0.3,16.7,698,1.03,0.97,stopped,65.0,20.0,6.4995,4.5446,-1.9548
2026-09-24 12:20:53,1790245253098,eth,1790244900,Up,0.55,0.42,23.6,548,1.04,1.0,stopped,65.0,20.0,8.9431,5.9005,-3.0426
2026-09-24 12:22:13,1790245333083,btc,1790244900,Down,0.58,0.46,20.7,468,1.03,0.9,hedged,10.0,20.0,18.6919,20.0,1.3081
2026-09-24 12:22:13,1790245333085,eth,1790244900,Down,0.73,0.61,16.4,468,1.04,0.86,hedged,10.0,20.0,17.7852,20.0,2.2148
2026-09-24 12:23:03,1790245383124,eth,1790244900,Up,0.31,0.26,16.1,418,1.03,0.79,hedged,5.0,20.0,16.4254,20.0,3.5746
2026-09-24 12:22:53,1790245373068,btc,1790244900,Down,0.6,0.46,23.3,428,1.03,0.95,stopped,60.0,20.0,9.7487,5.5117,-4.237
2026-09-24 12:23:33,1790245413163,eth,1790244900,Up,0.56,0.44,21.4,388,1.03,0.98,stopped,65.0,20.0,9.3465,7.0737,-2.2728
2026-09-24 12:24:18,1790245458118,btc,1790244900,Down,0.43,0.22,48.8,343,1.03,0.91,hedged,25.0,20.0,18.7526,20.0,1.2474
2026-09-24 12:25:23,1790245523108,btc,1790244900,Down,0.38,0.32,15.8,278,1.03,0.91,hedged,25.0,20.0,18.8506,20.0,1.1494
2026-09-24 12:24:48,1790245488097,eth,1790244900,Up,0.39,0.32,17.9,313,1.03,0.94,stopped,60.0,20.0,6.9095,4.5446,-2.3649
2026-09-24 12:25:53,1790245553147,btc,1790244900,Down,0.44,0.37,15.9,248,1.03,1.03,stopped,65.0,20.0,7.9298,2.6314,-5.2984
2026-09-24 12:26:38,1790245598127,eth,1790244900,Down,0.7,0.44,37.1,203,1.03,0.88,hedged,35.0,20.0,18.2896,20.0,1.7104
2026-09-24 12:27:48,1790245668141,btc,1790244900,Up,0.69,0.57,17.4,133,1.03,0.91,hedged,20.0,20.0,18.8506,20.0,1.1494
2026-09-24 12:27:18,1790245638126,eth,1790244900,Up,0.51,0.4,21.6,163,1.03,1.03,stopped,65.0,20.0,8.5387,5.1241,-3.4146
2026-09-24 12:28:28,1790245708126,btc,1790244900,Up,0.74,0.21,71.6,93,1.03,0.88,hedged,5.1,20.0,18.1544,20.0,1.8456
2026-09-24 12:28:38,1790245718137,btc,1790244900,Down,0.8,0.42,47.5,83,1.03,0.92,hedged,15.1,20.0,19.093,20.0,0.907
2026-09-24 12:28:58,1790245738128,btc,1790244900,Up,0.55,0.15,72.7,63,1.03,0.91,hedged,5.0,20.0,18.6507,20.0,1.3493
2026-09-24 12:29:18,1790245758165,btc,1790244900,Up,0.33,0.26,21.2,43,1.03,0.35,hedged,10.0,20.0,7.379,20.0,12.621
2026-09-24 12:28:48,1790245728097,eth,1790244900,Up,0.31,0.17,45.2,73,1.04,0.55,hedged,40.0,20.0,11.533,20.0,8.467
2026-09-24 12:29:33,1790245773174,btc,1790244900,Down,0.07,0.05,28.6,28,1.03,1.03,held_to_resolution,,20.0,1.279,,
2026-09-24 12:29:33,1790245773176,eth,1790244900,Down,0.36,0.11,69.4,28,1.03,1.03,held_to_resolution,,20.0,2.5478,,
2026-09-24 12:31:23,1790245883111,btc,1790245800,Up,0.43,0.36,16.3,818,1.03,0.97,stopped,65.0,20.0,7.7263,6.0954,-1.631
2026-09-24 12:33:38,1790246018126,btc,1790245800,Down,0.56,0.45,19.6,683,1.03,0.91,hedged,15.0,20.0,18.8943,20.0,1.1057
2026-09-24 12:36:03,1790246163151,btc,1790245800,Down,0.5,0.4,20.0,538,1.03,0.9,hedged,35.0,20.0,18.6885,20.0,1.3115
2026-09-24 12:36:38,1790246198165,eth,1790245800,Up,0.36,0.29,19.4,503,1.03,1.0,stopped,65.0,20.0,6.294,5.706,-0.588
2026-09-24 12:38:13,1790246293200,btc,1790245800,Down,0.44,0.37,15.9,408,1.03,1.03,stopped,64.9,20.0,7.9298,3.0118,-4.918
2026-09-24 12:38:18,1790246298149,eth,1790245800,Down,0.7,0.53,24.3,403,1.03,1.03,stopped,65.1,20.0,11.1478,6.6815,-4.4663
2026-09-24 12:39:38,1790246378211,eth,1790245800,Down,0.34,0.27,20.6,323,1.04,1.03,stopped,65.0,20.0,5.8822,1.3089,-4.5734
2026-09-24 12:40:08,1790246408173,btc,1790245800,Down,0.11,0.06,45.5,293,1.03,1.02,stopped,65.0,20.0,1.4911,0.1861,-1.305
2026-09-24 12:40:53,1790246453175,eth,1790245800,Down,0.15,0.11,26.7,248,1.04,1.04,stopped,65.0,20.0,2.5478,0.1861,-2.3617
2026-09-24 12:47:38,1790246858205,btc,1790246700,Down,0.61,0.51,16.4,743,1.03,0.95,stopped,65.0,20.0,10.7494,8.8522,-1.8972
2026-09-24 12:48:38,1790246918185,eth,1790246700,Down,0.59,0.48,18.6,683,1.03,1.03,stopped,60.0,20.0,10.1499,5.3178,-4.8321
2026-09-24 12:49:08,1790246948180,btc,1790246700,Down,0.46,0.39,15.2,653,1.03,1.03,stopped,65.0,20.0,8.336,3.2025,-5.1335
2026-09-24 12:49:48,1790246988251,eth,1790246700,Down,0.28,0.21,25.0,613,1.03,1.03,stopped,65.0,20.0,4.6402,2.2522,-2.3881
2026-09-24 12:51:03,1790247063284,btc,1790246700,Down,0.2,0.17,15.0,538,1.03,0.98,stopped,64.9,20.0,3.8066,3.5845,-0.2221
2026-09-24 12:52:58,1790247178222,btc,1790246700,Down,0.22,0.17,22.7,423,1.03,1.03,stopped,60.1,20.0,3.8066,2.0629,-1.7437
2026-09-24 12:52:58,1790247178223,eth,1790246700,Down,0.14,0.11,21.4,423,1.03,1.03,stopped,60.1,20.0,2.5478,1.121,-1.4268
2026-09-24 12:54:03,1790247243253,btc,1790246700,Down,0.13,0.11,15.4,358,1.03,0.98,stopped,65.0,20.0,2.5478,2.6314,0.0836
2026-09-24 12:55:18,1790247318227,btc,1790246700,Down,0.24,0.17,29.2,283,1.03,0.87,hedged,10.0,20.0,17.9061,20.0,2.0939
2026-09-24 12:54:38,1790247278255,eth,1790246700,Down,0.1,0.07,30.0,323,1.03,0.93,stopped,60.0,20.0,1.703,1.6853,-0.0177
2026-09-24 12:55:33,1790247333738,btc,1790246700,Down,0.33,0.26,21.2,268,1.03,1.02,stopped,64.5,20.0,5.6759,4.7375,-0.9384
2026-09-24 12:55:43,1790247343259,eth,1790246700,Down,0.13,0.11,15.4,258,1.03,1.01,stopped,65.0,20.0,2.5478,0.5593,-1.9886
2026-09-24 12:57:13,1790247433259,btc,1790246700,Down,0.24,0.14,41.7,168,1.03,1.03,held_to_resolution,,20.0,3.1785,,
2026-09-24 12:57:13,1790247433260,eth,1790246700,Down,0.05,0.03,40.0,168,1.03,1.03,held_to_resolution,,20.0,0.8538,,
2026-09-24 13:03:13,1790247793254,btc,1790247600,Down,0.39,0.33,15.4,708,1.03,0.99,stopped,60.1,20.0,7.1142,5.1241,-1.9901
2026-09-24 13:06:18,1790247978285,eth,1790247600,Down,0.29,0.22,24.1,523,1.03,0.94,stopped,65.0,20.0,4.8479,4.3521,-0.4959
2026-09-24 13:07:58,1790248078384,btc,1790247600,Up,0.62,0.52,16.1,423,1.03,0.94,stopped,64.9,20.0,10.9487,8.6535,-2.2952
2026-09-24 13:09:38,1790248178290,btc,1790247600,Down,0.5,0.39,22.0,323,1.03,1.03,stopped,60.0,20.0,8.336,3.2025,-5.1335
2026-09-24 13:09:38,1790248178291,eth,1790247600,Down,0.45,0.3,33.3,323,1.03,1.03,stopped,60.0,20.0,6.4995,2.6314,-3.868
2026-09-24 13:10:58,1790248258297,btc,1790247600,Up,0.74,0.57,23.0,243,1.03,0.87,hedged,20.0,20.0,18.0293,20.0,1.9707
2026-09-24 13:11:38,1790248298305,btc,1790247600,Down,0.37,0.3,18.9,203,1.03,0.88,hedged,10.0,20.0,18.2426,20.0,1.7574
2026-09-24 13:11:58,1790248318304,btc,1790247600,Down,0.45,0.29,35.6,183,1.03,0.97,stopped,60.0,20.0,6.294,3.5845,-2.7095
2026-09-24 13:11:58,1790248318306,eth,1790247600,Down,0.37,0.21,43.2,183,1.04,0.99,stopped,60.0,20.0,4.6402,1.497,-3.1433
2026-09-24 13:13:03,1790248383311,eth,1790247600,Down,0.21,0.15,28.6,118,1.04,0.89,hedged,25.0,20.0,18.2641,20.0,1.7359
2026-09-24 13:13:23,1790248403326,btc,1790247600,Down,0.34,0.27,20.6,98,1.03,0.96,held_to_resolution,,20.0,5.8822,,
2026-09-24 13:13:38,1790248418336,eth,1790247600,Down,0.3,0.25,16.7,83,1.04,1.04,held_to_resolution,,20.0,5.4694,,
2026-09-24 13:15:13,1790248513307,eth,1790248500,Up,0.53,0.45,15.1,888,1.03,0.91,hedged,50.1,20.0,18.8943,20.0,1.1057
2026-09-24 13:15:53,1790248553363,btc,1790248500,Down,0.53,0.45,15.1,848,1.03,0.94,stopped,65.0,20.0,9.5478,9.4501,-0.0976
2026-09-24 13:16:38,1790248598349,eth,1790248500,Up,0.64,0.54,15.6,803,1.04,0.94,stopped,65.0,20.0,11.3465,9.2506,-2.0959
2026-09-24 13:19:13,1790248753310,eth,1790248500,Down,0.5,0.42,16.0,648,1.03,0.94,stopped,60.1,20.0,8.9431,7.8613,-1.0818
2026-09-24 13:21:53,1790248913350,eth,1790248500,Down,0.63,0.53,15.9,488,1.03,1.03,stopped,60.0,20.0,11.1478,5.706,-5.4418
2026-09-24 13:22:28,1790248948333,btc,1790248500,Down,0.56,0.46,17.9,453,1.03,0.93,stopped,65.1,20.0,9.7487,10.4522,0.7035
2026-09-24 13:23:08,1790248988394,eth,1790248500,Down,0.36,0.3,16.7,413,1.03,1.0,stopped,65.0,20.0,6.4995,2.6314,-3.868
2026-09-24 13:23:58,1790249038319,btc,1790248500,Down,0.49,0.39,20.4,363,1.03,0.92,hedged,30.0,20.0,19.0854,20.0,0.9146
2026-09-24 13:24:38,1790249078397,btc,1790248500,Up,0.51,0.43,15.7,323,1.03,0.84,hedged,20.0,20.0,17.481,20.0,2.519
2026-09-24 13:25:03,1790249103347,btc,1790248500,Down,0.49,0.37,24.5,298,1.03,0.92,hedged,10.0,20.0,19.0776,20.0,0.9224
2026-09-24 13:25:03,1790249103348,eth,1790248500,Down,0.21,0.14,33.3,298,1.03,0.9,hedged,10.0,20.0,18.441,20.0,1.559
2026-09-24 13:26:13,1790249173382,btc,1790248500,Down,0.54,0.45,16.7,228,1.03,0.94,stopped,60.0,20.0,9.5478,10.0506,0.5028
2026-09-24 13:26:08,1790249168391,eth,1790248500,Down,0.37,0.31,16.2,233,1.03,1.01,stopped,65.0,20.0,6.7046,3.9677,-2.7369
2026-09-24 13:27:18,1790249238421,btc,1790248500,Up,0.47,0.26,44.7,163,1.03,1.03,stopped,65.0,20.0,5.6759,3.3934,-2.2826
2026-09-24 13:27:18,1790249238422,eth,1790248500,Up,0.78,0.53,32.1,163,1.03,0.97,stopped,65.0,20.0,11.1478,11.0569,-0.0909
2026-09-24 13:28:33,1790249313367,btc,1790248500,Up,0.2,0.15,25.0,88,1.03,1.03,held_to_resolution,,20.0,3.3882,,
2026-09-24 13:28:38,1790249318346,eth,1790248500,Up,0.61,0.51,16.4,83,1.03,1.03,held_to_resolution,,20.0,10.7494,,
2026-09-24 13:31:43,1790249503351,btc,1790249400,Down,0.54,0.42,22.2,798,1.03,0.9,hedged,15.0,20.0,18.6919,20.0,1.3081
2026-09-24 13:31:38,1790249498408,eth,1790249400,Down,0.52,0.43,17.3,803,1.03,0.91,hedged,25.0,20.0,18.8937,20.0,1.1063
2026-09-24 13:32:23,1790249543412,eth,1790249400,Up,0.46,0.39,15.2,758,1.05,1.03,stopped,65.0,20.0,8.336,6.8774,-1.4586
2026-09-24 13:32:58,1790249578415,btc,1790249400,Up,0.39,0.32,17.9,723,1.03,0.97,stopped,60.0,20.0,6.9095,5.5117,-1.3978
2026-09-24 13:33:38,1790249618394,eth,1790249400,Up,0.39,0.33,15.4,683,1.04,0.99,stopped,65.0,20.0,7.1142,4.5446,-2.5695
2026-09-24 13:34:38,1790249678380,btc,1790249400,Up,0.39,0.32,17.9,622,1.03,1.03,stopped,60.1,20.0,6.9095,3.0118,-3.8977
2026-09-24 13:35:13,1790249713394,eth,1790249400,Up,0.26,0.22,15.4,587,1.04,1.04,stopped,60.1,20.0,4.8479,3.0118,-1.8361
2026-09-24 13:36:18,1790249778433,eth,1790249400,Up,0.21,0.17,19.0,522,1.04,1.02,stopped,65.0,20.0,3.8066,1.6853,-2.1213
2026-09-24 13:37:23,1790249843428,btc,1790249400,Up,0.34,0.24,29.4,457,1.03,1.03,stopped,65.0,20.0,5.2625,2.2522,-3.0103
2026-09-24 13:38:48,1790249928437,btc,1790249400,Up,0.13,0.1,23.1,372,1.03,0.95,stopped,65.0,20.0,2.3371,2.6314,0.2944
2026-09-24 13:38:48,1790249928439,eth,1790249400,Up,0.06,0.04,33.3,372,1.03,0.98,stopped,65.0,20.0,1.0665,1.121,0.0545
2026-09-24 13:40:08,1790250008398,btc,1790249400,Up,0.15,0.12,20.0,292,1.03,0.98,stopped,65.0,20.0,2.7583,1.3089,-1.4495
2026-09-24 13:40:08,1790250008399,eth,1790249400,Up,0.09,0.07,22.2,292,1.03,1.0,stopped,65.0,20.0,1.703,0.3726,-1.3305
2026-09-24 13:41:53,1790250113406,btc,1790249400,Up,0.09,0.07,22.2,187,1.03,1.03,stopped,60.0,20.0,1.703,0.1861,-1.5169
2026-09-24 13:41:48,1790250108435,eth,1790249400,Up,0.06,0.05,16.7,192,1.03,1.03,held_to_resolution,,20.0,1.279,,
2026-09-24 13:46:38,1790250398433,btc,1790250300,Down,0.52,0.42,19.2,802,1.03,0.95,stopped,60.1,20.0,8.9431,7.664,-1.2791
2026-09-24 13:46:38,1790250398434,eth,1790250300,Down,0.62,0.49,21.0,802,1.03,0.97,stopped,60.1,20.0,10.35,8.6535,-1.6965
2026-09-24 13:47:58,1790250478453,btc,1790250300,Up,0.59,0.5,15.3,722,1.03,0.95,stopped,60.0,20.0,10.5499,8.059,-2.4909
2026-09-24 13:47:58,1790250478454,eth,1790250300,Up,0.55,0.45,18.2,722,1.03,0.98,stopped,60.0,20.0,9.5478,5.706,-3.8418
2026-09-24 13:50:48,1790250648441,eth,1790250300,Down,0.47,0.39,17.0,552,1.03,0.93,stopped,60.0,20.0,8.336,5.9005,-2.4355
2026-09-24 13:51:38,1790250698434,btc,1790250300,Down,0.47,0.33,29.8,502,1.03,1.0,stopped,60.0,20.0,7.1142,4.5446,-2.5695
2026-09-24 13:52:48,1790250768491,btc,1790250300,Up,0.74,0.3,59.5,432,1.03,0.86,hedged,45.0,20.0,17.846,20.0,2.154
2026-09-24 13:52:48,1790250768492,eth,1790250300,Up,0.73,0.29,60.3,432,1.03,0.96,stopped,65.0,20.0,6.294,4.7375,-1.5565
2026-09-24 13:53:48,1790250828485,btc,1790250300,Up,0.44,0.31,29.5,372,1.03,0.87,hedged,35.0,20.0,18.0511,20.0,1.9489
2026-09-24 13:54:08,1790250848448,eth,1790250300,Up,0.29,0.24,17.2,352,1.03,0.86,hedged,20.0,20.0,17.7956,20.0,2.2044
2026-09-24 13:54:28,1790250868473,btc,1790250300,Down,0.66,0.45,31.8,332,1.03,0.89,hedged,30.0,20.0,18.4909,20.0,1.5091
2026-09-24 13:55:38,1790250938574,eth,1790250300,Up,0.5,0.36,28.0,262,1.04,1.04,stopped,64.9,20.0,7.7263,2.2522,-5.4742
2026-09-24 13:55:58,1790250958474,btc,1790250300,Up,0.48,0.4,16.7,242,1.03,1.01,stopped,60.1,20.0,8.5387,3.2025,-5.3362
2026-09-24 13:57:28,1790251048588,btc,1790250300,Up,0.32,0.25,21.9,152,1.03,0.88,hedged,34.9,20.0,18.1992,20.0,1.8008
2026-09-24 13:57:13,1790251033456,eth,1790250300,Up,0.17,0.13,23.5,167,1.03,0.9,hedged,60.1,20.0,18.8088,20.0,1.1912
2026-09-24 13:58:08,1790251088526,btc,1790250300,Down,0.61,0.51,16.4,112,1.03,0.99,stopped,65.0,20.0,10.7494,4.3521,-6.3974
2026-09-24 13:58:38,1790251118469,eth,1790250300,Up,0.34,0.19,44.1,82,1.04,0.23,hedged,40.1,20.0,4.8647,20.0,15.1353
2026-09-24 14:00:13,1790251213511,btc,1790251200,Up,0.47,0.37,21.3,887,1.03,1.0,stopped,65.0,20.0,7.9298,3.776,-4.1538
2026-09-24 14:00:13,1790251213513,eth,1790251200,Up,0.52,0.41,21.2,887,1.03,0.93,stopped,65.0,20.0,8.741,4.5446,-4.1964
2026-09-24 14:01:23,1790251283519,btc,1790251200,Up,0.28,0.23,17.9,817,1.03,1.01,stopped,60.0,20.0,5.0554,3.3934,-1.662
2026-09-24 14:02:03,1790251323496,eth,1790251200,Up,0.26,0.22,15.4,777,1.03,0.91,hedged,50.0,20.0,18.7526,20.0,1.2474
2026-09-24 14:04:03,1790251443514,eth,1790251200,Up,0.32,0.27,15.6,657,1.03,1.0,stopped,60.0,20.0,5.8822,2.8215,-3.0607
2026-09-24 14:04:08,1790251448533,btc,1790251200,Up,0.25,0.21,16.0,652,1.03,0.98,stopped,60.1,20.0,4.6402,2.8215,-1.8187
2026-09-24 14:05:23,1790251523519,btc,1790251200,Up,0.2,0.17,15.0,577,1.03,0.94,stopped,65.0,20.0,3.8066,2.6314,-1.1752
2026-09-24 14:05:28,1790251528500,eth,1790251200,Up,0.21,0.17,19.0,572,1.03,0.95,stopped,60.0,20.0,3.8066,2.6314,-1.1752
2026-09-24 14:08:03,1790251683539,btc,1790251200,Up,0.3,0.24,20.0,417,1.03,0.88,hedged,45.0,20.0,18.1888,20.0,1.8112
2026-09-24 14:08:03,1790251683541,eth,1790251200,Up,0.19,0.15,21.1,417,1.03,0.76,hedged,50.0,20.0,15.7242,20.0,4.2758
2026-09-24 14:08:53,1790251733526,btc,1790251200,Down,0.71,0.41,42.3,367,1.03,0.88,hedged,45.1,20.0,18.2888,20.0,1.7112
2026-09-24 14:09:08,1790251748535,eth,1790251200,Up,0.63,0.48,23.8,352,1.03,1.0,stopped,60.1,20.0,10.1499,8.455,-1.6948
2026-09-24 14:09:43,1790251783533,btc,1790251200,Down,0.5,0.41,18.0,317,1.03,0.98,stopped,65.0,20.0,8.741,5.706,-3.035
2026-09-24 14:10:53,1790251853559,btc,1790251200,Down,0.32,0.23,28.1,247,1.03,1.03,stopped,65.0,20.0,5.0554,3.2025,-1.8529
2026-09-24 14:10:53,1790251853561,eth,1790251200,Down,0.48,0.4,16.7,247,1.04,1.04,stopped,65.0,20.0,8.5387,6.0954,-2.4433
2026-09-24 14:12:13,1790251933592,btc,1790251200,Down,0.21,0.08,61.9,167,1.03,1.01,stopped,64.9,20.0,1.9147,1.121,-0.7936
2026-09-24 14:12:13,1790251933593,eth,1790251200,Down,0.39,0.18,53.8,167,1.03,0.99,stopped,64.9,20.0,4.0155,3.3934,-0.6221
2026-09-24 14:13:23,1790252003572,eth,1790251200,Up,0.81,0.54,33.3,97,1.03,0.9,hedged,5.0,20.0,18.665,20.0,1.335
2026-09-24 14:13:33,1790252013563,eth,1790251200,Down,0.47,0.33,29.8,87,1.04,0.86,hedged,30.0,20.0,17.8636,20.0,2.1364
2026-09-24 14:14:08,1790252048575,eth,1790251200,Down,0.51,0.37,27.5,52,1.08,0.66,hedged,15.0,20.0,13.8121,20.0,6.1879
2026-09-24 14:14:28,1790252068587,eth,1790251200,Up,0.27,0.13,51.9,32,1.04,0.62,hedged,5.0,20.0,12.918,20.0,7.082
2026-09-24 14:13:38,1790252018577,btc,1790251200,Down,0.26,0.22,15.4,82,1.03,1.01,held_to_resolution,,20.0,4.8479,,
2026-09-24 14:14:38,1790252078607,eth,1790251200,Down,0.47,0.34,27.7,22,1.06,1.06,held_to_resolution,,20.0,7.3185,,
2026-09-24 14:15:28,1790252128546,btc,1790252100,Down,0.53,0.42,20.8,872,1.03,1.0,stopped,60.0,20.0,8.9431,7.0737,-1.8695
2026-09-24 14:17:38,1790252258570,btc,1790252100,Down,0.33,0.27,18.2,742,1.03,0.91,hedged,45.0,20.0,18.8086,20.0,1.1914
2026-09-24 14:17:28,1790252248563,eth,1790252100,Down,0.45,0.38,15.6,752,1.03,0.96,stopped,60.0,20.0,8.1331,8.2569,0.1238
2026-09-24 14:18:43,1790252323563,btc,1790252100,Down,0.45,0.38,15.6,677,1.03,0.9,hedged,40.0,20.0,18.6829,20.0,1.3171
2026-09-24 14:20:28,1790252428620,btc,1790252100,Down,0.41,0.32,22.0,572,1.03,0.98,stopped,65.0,20.0,6.9095,6.4858,-0.4237
2026-09-24 14:20:28,1790252428622,eth,1790252100,Down,0.44,0.35,20.5,572,1.03,0.97,stopped,65.0,20.0,7.5226,7.4669,-0.0556
2026-09-24 14:21:38,1790252498591,btc,1790252100,Down,0.36,0.29,19.4,502,1.03,1.02,stopped,60.0,20.0,6.294,4.5446,-1.7494
2026-09-24 14:22:48,1790252568582,btc,1790252100,Down,0.26,0.18,30.8,432,1.03,0.99,stopped,60.0,20.0,4.0155,2.4417,-1.5738
2026-09-24 14:22:48,1790252568583,eth,1790252100,Down,0.24,0.17,29.2,432,1.04,1.02,stopped,60.0,20.0,3.8066,1.874,-1.9326
2026-09-24 14:23:53,1790252633647,eth,1790252100,Down,0.13,0.11,15.4,367,1.03,0.98,stopped,65.0,20.0,2.5478,0.1861,-2.3617
2026-09-24 14:24:33,1790252673656,btc,1790252100,Down,0.14,0.11,21.4,327,1.03,0.84,hedged,60.5,20.0,17.2301,20.0,2.7699
2026-09-24 14:25:48,1790252748602,btc,1790252100,Down,0.27,0.2,25.9,252,1.03,0.9,hedged,30.0,20.0,18.5317,20.0,1.4683
2026-09-24 14:25:48,1790252748603,eth,1790252100,Down,0.17,0.14,17.6,252,1.03,0.88,hedged,45.0,20.0,18.0544,20.0,1.9456
2026-09-24 14:27:08,1790252828595,btc,1790252100,Up,0.56,0.44,21.4,172,1.03,0.89,hedged,5.1,20.0,18.4915,20.0,1.5085
2026-09-24 14:27:08,1790252828597,eth,1790252100,Up,0.74,0.59,20.3,172,1.03,0.91,hedged,35.0,20.0,18.8355,20.0,1.1645
2026-09-24 14:27:18,1790252838626,btc,1790252100,Down,0.57,0.46,19.3,162,1.03,0.93,stopped,60.0,20.0,9.7487,4.9306,-4.8181
2026-09-24 14:28:18,1790252898642,eth,1790252100,Down,0.28,0.23,17.9,102,1.03,0.88,hedged,15.0,20.0,18.1779,20.0,1.8221
2026-09-24 14:29:03,1790252943625,btc,1790252100,Down,0.33,0.1,69.7,57,1.03,0.99,held_to_resolution,,20.0,2.3371,,
2026-09-24 14:28:53,1790252933626,eth,1790252100,Down,0.47,0.34,27.7,67,1.04,1.04,held_to_resolution,,20.0,7.3185,,
2026-09-24 14:30:38,1790253038614,btc,1790253000,Down,0.52,0.44,15.4,862,1.03,0.88,hedged,35.0,20.0,18.2896,20.0,1.7104
2026-09-24 14:32:53,1790253173666,btc,1790253000,Up,0.31,0.25,19.4,727,1.03,1.03,stopped,65.0,20.0,5.4694,2.4417,-3.0277
2026-09-24 14:32:53,1790253173668,eth,1790253000,Up,0.24,0.17,29.2,727,1.03,1.03,stopped,65.0,20.0,3.8066,2.0629,-1.7437
2026-09-24 14:34:03,1790253243630,eth,1790253000,Up,0.13,0.11,15.4,657,1.03,0.99,stopped,60.0,20.0,2.5478,1.6853,-0.8625
2026-09-24 14:34:08,1790253248625,btc,1790253000,Up,0.15,0.11,26.7,652,1.03,0.98,stopped,60.0,20.0,2.5478,2.2522,-0.2957
2026-09-24 14:35:38,1790253338717,btc,1790253000,Up,0.11,0.09,18.2,562,1.03,1.03,stopped,64.9,20.0,2.126,1.121,-1.005
2026-09-24 14:35:48,1790253348637,eth,1790253000,Up,0.08,0.06,25.0,552,1.04,1.01,stopped,60.1,20.0,1.4911,0.9335,-0.5576
2026-09-24 14:37:33,1790253453796,btc,1790253000,Up,0.12,0.1,16.7,447,1.03,1.03,stopped,64.9,20.0,2.3371,0.9335,-1.4036
2026-09-24 14:37:48,1790253468654,eth,1790253000,Up,0.09,0.07,22.2,432,1.03,1.03,stopped,60.0,20.0,1.703,0.5593,-1.1438
2026-09-24 14:38:53,1790253533719,eth,1790253000,Up,0.05,0.04,20.0,367,1.03,1.03,stopped,65.0,20.0,1.0665,0.1861,-0.8804
2026-09-24 14:39:08,1790253548672,btc,1790253000,Up,0.06,0.05,16.7,352,1.03,1.03,stopped,60.0,20.0,1.279,0.3726,-0.9064
2026-09-24 14:40:23,1790253623721,btc,1790253000,Up,0.05,0.04,20.0,277,1.03,0.98,stopped,65.0,20.0,1.0665,1.0835,0.017
2026-09-24 14:42:28,1790253748697,btc,1790253000,Down,0.88,0.694,21.1,152,1.024,0.827,hedged,20.0,20.0,16.9828,20.0,3.0172
2026-09-24 14:42:33,1790253753741,eth,1790253000,Up,0.11,0.078,29.1,147,1.038,1.038,stopped,65.0,20.0,1.8724,0.1861,-1.6862
2026-09-24 14:43:03,1790253783700,btc,1790253000,Up,0.159,0.123,22.6,117,1.022,1.003,held_to_resolution,,20.0,2.8214,,
2026-09-24 14:46:08,1790253968735,btc,1790253900,Up,0.44,0.37,15.9,832,1.03,0.91,hedged,55.0,20.0,18.8786,20.0,1.1214
2026-09-24 14:48:18,1790254098765,eth,1790253900,Down,0.4,0.34,15.0,702,1.03,0.94,stopped,65.0,20.0,7.3185,7.8613,0.5428
2026-09-24 14:50:13,1790254213729,btc,1790253900,Up,0.41,0.33,19.5,587,1.03,0.92,hedged,15.0,20.0,19.0552,20.0,0.9448
2026-09-24 14:50:08,1790254208866,eth,1790253900,Up,0.48,0.4,16.7,592,1.03,0.96,stopped,64.9,20.0,8.5387,8.455,-0.0836
2026-09-24 14:50:34,1790254234175,btc,1790253900,Up,0.44,0.36,18.2,567,1.03,0.92,hedged,59.6,20.0,19.0728,20.0,0.9272
2026-09-24 14:51:18,1790254278767,eth,1790253900,Down,0.55,0.46,16.4,522,1.03,0.95,stopped,64.9,20.0,9.7487,8.059,-1.6898
2026-09-24 14:52:28,1790254348716,eth,1790253900,Up,0.57,0.48,15.8,452,1.04,0.97,stopped,60.0,20.0,10.1499,8.059,-2.0909
2026-09-24 14:53:58,1790254438717,eth,1790253900,Up,0.41,0.31,24.4,362,1.03,0.76,hedged,20.0,20.0,15.8496,20.0,4.1504
2026-09-24 14:53:28,1790254408719,btc,1790253900,Up,0.45,0.38,15.6,392,1.03,0.98,stopped,60.0,20.0,8.1331,7.4669,-0.6661
2026-09-24 14:54:23,1790254463725,eth,1790253900,Down,0.72,0.48,33.3,337,1.03,1.03,stopped,60.5,20.0,10.1499,3.2025,-6.9474
2026-09-24 14:55:08,1790254508759,btc,1790253900,Down,0.54,0.38,29.6,292,1.03,0.99,stopped,60.0,20.0,8.1331,2.8215,-5.3116
2026-09-24 14:55:43,1790254543720,eth,1790253900,Down,0.19,0.15,21.1,257,1.03,1.03,stopped,60.0,20.0,3.3882,0.3726,-3.0156
2026-09-24 14:56:23,1790254583739,btc,1790253900,Down,0.17,0.13,23.5,217,1.03,1.03,held_to_resolution,,20.0,2.9686,,
2026-09-24 15:00:13,1790254813757,eth,1790254800,Down,0.54,0.45,16.7,887,1.03,0.93,stopped,60.1,20.0,9.5478,5.9005,-3.6472
2026-09-24 15:01:58,1790254918756,btc,1790254800,Up,0.64,0.54,15.6,782,1.03,0.9,hedged,45.0,20.0,18.665,20.0,1.335
2026-09-24 15:01:58,1790254918758,eth,1790254800,Up,0.66,0.55,16.7,782,1.03,0.9,stopped,60.0,20.0,11.545,12.2737,0.7287
2026-09-24 15:02:48,1790254968738,btc,1790254800,Down,0.47,0.35,25.5,732,1.03,1.03,stopped,60.0,20.0,7.5226,3.9677,-3.5548
2026-09-24 15:03:23,1790255003829,eth,1790254800,Down,0.32,0.26,18.8,697,1.03,0.96,stopped,64.9,20.0,5.6759,3.0118,-2.6641
2026-09-24 15:04:08,1790255048769,btc,1790254800,Down,0.29,0.18,37.9,652,1.03,0.99,stopped,60.0,20.0,4.0155,2.6314,-1.384
2026-09-24 15:04:43,1790255083744,eth,1790254800,Down,0.22,0.17,22.7,617,1.03,1.01,stopped,60.0,20.0,3.8066,2.4417,-1.365
2026-09-24 15:05:58,1790255158772,eth,1790254800,Down,0.19,0.15,21.1,542,1.03,1.0,stopped,65.0,20.0,3.3882,2.0629,-1.3252
2026-09-24 15:06:13,1790255173780,btc,1790254800,Down,0.2,0.14,30.0,527,1.03,0.95,stopped,60.0,20.0,3.1785,3.3934,0.2149
2026-09-24 15:07:58,1790255278775,btc,1790254800,Down,0.21,0.16,23.8,422,1.03,0.95,stopped,60.1,20.0,3.5975,3.3934,-0.2042
2026-09-24 15:09:03,1790255343763,btc,1790254800,Down,0.2,0.15,25.0,357,1.03,1.03,stopped,60.0,20.0,3.3882,2.2522,-1.136
2026-09-24 15:10:08,1790255408881,btc,1790254800,Down,0.14,0.11,21.4,292,1.03,0.98,stopped,64.9,20.0,2.5478,1.497,-1.0509
2026-09-24 15:11:33,1790255493877,btc,1790254800,Down,0.18,0.14,22.2,207,1.03,1.03,stopped,64.9,20.0,3.1785,0.5593,-2.6192
2026-09-24 15:12:44,1790255564295,btc,1790254800,Down,0.05,0.04,20.0,137,1.03,1.03,held_to_resolution,,20.0,1.0665,,
2026-09-24 15:17:08,1790255828799,btc,1790255700,Down,0.45,0.38,15.6,772,1.03,0.97,stopped,60.1,20.0,8.1331,5.3178,-2.8153
2026-09-24 15:17:38,1790255858833,eth,1790255700,Down,0.48,0.38,20.8,742,1.03,1.03,stopped,65.0,20.0,8.1331,3.5845,-4.5485
2026-09-24 15:19:08,1790255948839,btc,1790255700,Down,0.27,0.22,18.5,652,1.03,1.0,stopped,60.0,20.0,4.8479,2.0629,-2.785
2026-09-24 15:19:48,1790255988827,eth,1790255700,Down,0.21,0.17,19.0,612,1.03,1.03,stopped,60.0,20.0,3.8066,1.497,-2.3097
2026-09-24 15:20:48,1790256048833,btc,1790255700,Down,0.1,0.08,20.0,552,1.03,0.94,stopped,60.0,20.0,1.9147,2.8215,0.9068
2026-09-24 15:21:03,1790256063837,eth,1790255700,Down,0.1,0.06,40.0,537,1.03,0.97,stopped,60.0,20.0,1.4911,1.497,0.0058
2026-09-24 15:22:03,1790256123847,btc,1790255700,Down,0.2,0.17,15.0,477,1.03,0.94,stopped,60.1,20.0,3.8066,4.7375,0.9309
2026-09-24 15:22:18,1790256138845,eth,1790255700,Down,0.13,0.11,15.4,462,1.03,0.97,stopped,65.0,20.0,2.5478,2.8215,0.2737
2026-09-24 15:23:38,1790256218849,eth,1790255700,Down,0.17,0.14,17.6,382,1.04,1.02,stopped,60.0,20.0,3.1785,1.497,-1.6815
2026-09-24 15:23:43,1790256223858,btc,1790255700,Down,0.37,0.26,29.7,377,1.03,0.98,stopped,65.0,20.0,5.6759,4.3521,-1.3239
2026-09-24 15:24:48,1790256288834,eth,1790255700,Down,0.11,0.09,18.2,312,1.03,1.02,stopped,60.0,20.0,2.126,0.5593,-1.5667
2026-09-24 15:25:18,1790256318840,btc,1790255700,Down,0.3,0.22,26.7,282,1.03,0.93,stopped,60.0,20.0,4.8479,1.497,-3.351
2026-09-24 15:25:53,1790256353843,eth,1790255700,Down,0.08,0.05,37.5,247,1.04,1.04,stopped,60.0,20.0,1.279,0.1861,-1.0928
2026-09-24 15:26:28,1790256388877,btc,1790255700,Down,0.1,0.08,20.0,212,1.03,1.01,stopped,60.0,20.0,1.9147,0.7462,-1.1684
2026-09-24 15:27:33,1790256453920,btc,1790255700,Down,0.06,0.03,50.0,147,1.03,0.95,stopped,60.0,20.0,0.8538,0.3726,-0.4812
2026-09-24 15:28:38,1790256518891,btc,1790255700,Down,0.06,0.03,50.0,82,1.03,1.02,held_to_resolution,,20.0,0.8538,,
2026-09-24 15:30:18,1790256618837,btc,1790256600,Down,0.54,0.43,20.4,882,1.03,0.93,stopped,60.1,20.0,9.145,5.706,-3.439
2026-09-24 15:30:18,1790256618838,eth,1790256600,Down,0.59,0.48,18.6,882,1.03,0.91,stopped,60.1,20.0,10.1499,7.0737,-3.0762
2026-09-24 15:31:33,1790256693940,eth,1790256600,Down,0.35,0.29,17.1,807,1.03,1.03,stopped,60.0,20.0,6.294,1.121,-5.173
2026-09-24 15:31:38,1790256698918,btc,1790256600,Down,0.29,0.22,24.1,802,1.03,1.03,stopped,65.0,20.0,4.8479,1.121,-3.7269
2026-09-24 15:32:38,1790256758850,eth,1790256600,Down,0.09,0.07,22.2,742,1.04,0.98,stopped,60.0,20.0,1.703,1.6853,-0.0177
2026-09-24 15:34:38,1790256878874,btc,1790256600,Down,0.15,0.1,33.3,622,1.03,1.0,stopped,60.1,20.0,2.3371,1.874,-0.4631
2026-09-24 15:34:38,1790256878875,eth,1790256600,Down,0.14,0.1,28.6,622,1.03,0.94,stopped,60.1,20.0,2.3371,3.2025,0.8654
2026-09-24 15:36:53,1790257013885,btc,1790256600,Down,0.15,0.11,26.7,487,1.03,1.01,stopped,60.0,20.0,2.5478,0.9335,-1.6143
2026-09-24 15:36:53,1790257013887,eth,1790256600,Down,0.23,0.17,26.1,487,1.03,0.97,stopped,60.0,20.0,3.8066,2.0629,-1.7437
2026-09-24 15:38:03,1790257083885,eth,1790256600,Down,0.14,0.1,28.6,417,1.03,1.03,stopped,60.1,20.0,2.3371,0.1861,-2.1509
2026-09-24 15:38:13,1790257093913,btc,1790256600,Down,0.06,0.05,16.7,407,1.03,1.03,stopped,65.0,20.0,1.279,0.1861,-1.0928
2026-09-24 15:41:33,1790257293958,eth,1790256600,Down,0.139,0.11,20.9,207,1.03,0.889,hedged,25.0,20.0,18.5801,20.0,1.4199
2026-09-24 15:42:13,1790257333948,eth,1790256600,Down,0.27,0.154,43.0,167,1.044,0.972,stopped,64.9,20.0,3.4719,0.1861,-3.2858
2026-09-24 15:42:48,1790257368937,btc,1790256600,Down,0.1,0.05,50.0,132,1.029,0.998,stopped,65.0,20.0,1.279,0.1861,-1.0928
2026-09-24 15:47:58,1790257678962,eth,1790257500,Down,0.53,0.45,15.1,722,1.03,0.91,hedged,25.0,20.0,18.8943,20.0,1.1057
2026-09-24 15:47:58,1790257678961,btc,1790257500,Down,0.41,0.34,17.1,722,1.03,0.9,hedged,45.0,20.0,18.665,20.0,1.335
2026-09-24 15:48:48,1790257728921,btc,1790257500,Up,0.59,0.49,16.9,672,1.03,0.97,stopped,60.1,20.0,10.35,7.4669,-2.8831
2026-09-24 15:48:48,1790257728922,eth,1790257500,Up,0.38,0.32,15.8,672,1.03,1.0,stopped,60.1,20.0,6.9095,4.7375,-2.172
2026-09-24 15:50:13,1790257813938,btc,1790257500,Up,0.36,0.3,16.7,587,1.03,0.91,hedged,30.0,20.0,18.8355,20.0,1.1645
2026-09-24 15:50:13,1790257813940,eth,1790257500,Up,0.25,0.17,32.0,587,1.03,0.88,hedged,35.0,20.0,18.1006,20.0,1.8994
2026-09-24 15:51:38,1790257898956,btc,1790257500,Down,0.58,0.45,22.4,502,1.03,0.89,hedged,30.0,20.0,18.4909,20.0,1.5091
2026-09-24 15:52:38,1790257958925,eth,1790257500,Up,0.29,0.23,20.7,442,1.03,0.98,stopped,60.1,20.0,5.0554,3.2025,-1.8529
2026-09-24 15:53:13,1790257993973,btc,1790257500,Up,0.46,0.37,19.6,407,1.03,0.96,stopped,65.0,20.0,7.9298,8.059,0.1291
2026-09-24 15:53:53,1790258033964,eth,1790257500,Up,0.2,0.15,25.0,367,1.03,0.93,stopped,65.0,20.0,3.3882,4.1598,0.7716
2026-09-24 15:54:43,1790258083960,btc,1790257500,Down,0.54,0.4,25.9,317,1.03,1.01,stopped,60.0,20.0,8.5387,0.9335,-7.6052
2026-09-24 15:55:48,1790258148941,btc,1790257500,Down,0.1,0.07,30.0,252,1.03,1.02,stopped,60.0,20.0,1.703,0.3726,-1.3305
2026-09-24 15:55:48,1790258148943,eth,1790257500,Down,0.48,0.36,25.0,252,1.03,0.96,stopped,60.0,20.0,7.7263,7.8613,0.135
2026-09-24 15:56:59,1790258219072,btc,1790257500,Down,0.06,0.05,16.7,182,1.03,1.03,stopped,64.9,20.0,1.279,0.1861,-1.0928
2026-09-24 15:57:03,1790258223966,eth,1790257500,Down,0.56,0.37,33.9,177,1.04,0.96,stopped,60.0,20.0,7.9298,2.8215,-5.1083
2026-09-24 15:58:34,1790258314030,eth,1790257500,Down,0.18,0.13,27.8,87,1.03,1.03,held_to_resolution,,20.0,2.9686,,
2026-09-24 16:00:13,1790258413965,btc,1790258400,Up,0.47,0.39,17.0,887,1.03,0.92,hedged,20.5,20.0,19.0854,20.0,0.9146
2026-09-24 16:02:04,1790258524018,eth,1790258400,Up,0.41,0.3,26.8,777,1.03,0.91,hedged,25.0,20.0,18.8355,20.0,1.1645
2026-09-24 16:02:04,1790258524016,btc,1790258400,Up,0.42,0.34,19.0,777,1.03,0.77,hedged,30.0,20.0,16.0595,20.0,3.9405
2026-09-24 16:02:38,1790258558992,btc,1790258400,Down,0.5,0.39,22.0,742,1.03,0.92,hedged,25.0,20.0,19.0854,20.0,0.9146
2026-09-24 16:02:38,1790258558993,eth,1790258400,Down,0.59,0.46,22.0,742,1.04,0.91,hedged,25.0,20.0,18.8937,20.0,1.1063
2026-09-24 16:03:09,1790258589008,eth,1790258400,Up,0.43,0.36,16.3,712,1.04,0.96,stopped,65.0,20.0,7.7263,7.8613,0.135
2026-09-24 16:04:34,1790258674048,btc,1790258400,Up,0.45,0.36,20.0,627,1.03,0.96,stopped,60.5,20.0,7.7263,7.664,-0.0623
2026-09-24 16:04:34,1790258674049,eth,1790258400,Up,0.46,0.38,17.4,627,1.05,0.96,stopped,60.5,20.0,8.1331,6.8774,-1.2556
2026-09-24 16:05:43,1790258743987,btc,1790258400,Up,0.42,0.33,21.4,557,1.03,0.92,hedged,35.1,20.0,19.0552,20.0,0.9448
2026-09-24 16:06:34,1790258794063,btc,1790258400,Down,0.54,0.44,18.5,507,1.03,1.03,stopped,65.0,20.0,9.3465,4.9306,-4.4159
2026-09-24 16:06:39,1790258799025,eth,1790258400,Down,0.56,0.46,17.9,502,1.03,1.03,stopped,60.0,20.0,9.7487,5.5117,-4.237
2026-09-24 16:07:53,1790258873996,btc,1790258400,Down,0.32,0.26,18.8,427,1.03,0.91,hedged,25.1,20.0,18.7985,20.0,1.2015
2026-09-24 16:08:49,1790258929043,btc,1790258400,Down,0.29,0.24,17.2,372,1.03,0.9,hedged,20.0,20.0,18.581,20.0,1.419
2026-09-24 16:10:14,1790259014055,btc,1790258400,Up,0.59,0.49,16.9,287,1.03,0.87,hedged,20.5,20.0,18.0763,20.0,1.9237
2026-09-24 16:10:19,1790259019046,eth,1790258400,Up,0.39,0.25,35.9,282,1.04,0.81,hedged,15.5,20.0,16.8159,20.0,3.1841
2026-09-24 16:10:39,1790259039014,eth,1790258400,Down,0.73,0.5,31.5,262,1.03,0.9,hedged,30.0,20.0,18.6829,20.0,1.3171
2026-09-24 16:10:39,1790259039013,btc,1790258400,Down,0.52,0.32,38.5,262,1.03,0.9,hedged,45.0,20.0,18.6527,20.0,1.3473
2026-09-24 16:11:24,1790259084022,eth,1790258400,Up,0.48,0.32,33.3,217,1.03,1.03,stopped,60.0,20.0,6.9095,0.9335,-5.976
2026-09-24 16:11:29,1790259089074,btc,1790258400,Up,0.56,0.46,17.9,212,1.03,1.0,stopped,60.0,20.0,9.7487,7.0737,-2.6751
2026-09-24 16:12:34,1790259154034,btc,1790258400,Down,0.73,0.59,19.2,147,1.03,0.9,hedged,10.0,20.0,18.63,20.0,1.37
2026-09-24 16:12:44,1790259164057,eth,1790258400,Up,0.08,0.05,37.5,137,1.04,1.04,stopped,65.0,20.0,1.279,0.1861,-1.0928
2026-09-24 16:12:49,1790259169071,btc,1790258400,Up,0.29,0.21,27.6,132,1.03,0.77,hedged,65.0,20.0,15.9867,20.0,4.0133
2026-09-24 16:13:59,1790259239040,btc,1790258400,Down,0.75,0.59,21.3,62,1.03,0.98,held_to_resolution,,20.0,12.336,,
2026-09-24 16:15:54,1790259354083,btc,1790259300,Up,0.42,0.33,21.4,847,1.03,0.89,hedged,65.0,20.0,18.4607,20.0,1.5393
2026-09-24 16:16:19,1790259379044,eth,1790259300,Down,0.66,0.56,15.2,822,1.03,1.01,stopped,60.0,20.0,11.7431,8.059,-3.6842
2026-09-24 16:17:44,1790259464027,eth,1790259300,Down,0.48,0.37,22.9,737,1.04,0.93,stopped,65.0,20.0,7.9298,4.3521,-3.5778
2026-09-24 16:19:14,1790259554060,btc,1790259300,Down,0.44,0.37,15.9,647,1.03,1.01,stopped,60.0,20.0,7.9298,5.1241,-2.8058
2026-09-24 16:19:14,1790259554061,eth,1790259300,Down,0.28,0.21,25.0,647,1.03,1.01,stopped,60.0,20.0,4.6402,2.0629,-2.5773
2026-09-24 16:20:39,1790259639082,btc,1790259300,Up,0.68,0.57,16.2,562,1.03,0.89,hedged,35.0,20.0,18.4405,20.0,1.5595
2026-09-24 16:21:19,1790259679069,btc,1790259300,Down,0.36,0.28,22.2,522,1.03,0.91,hedged,45.0,20.0,18.8181,20.0,1.1819
2026-09-24 16:20:59,1790259659087,eth,1790259300,Down,0.19,0.15,21.1,542,1.04,1.02,stopped,65.0,20.0,3.3882,2.6314,-0.7567
2026-09-24 16:22:29,1790259749103,eth,1790259300,Down,0.16,0.13,18.8,452,1.03,1.0,stopped,64.9,20.0,2.9686,1.6853,-1.2832
2026-09-24 16:23:39,1790259819067,btc,1790259300,Down,0.46,0.33,28.3,382,1.04,1.04,stopped,60.0,20.0,7.1142,2.2522,-4.862
2026-09-24 16:23:39,1790259819068,eth,1790259300,Down,0.12,0.07,41.7,382,1.03,1.03,stopped,60.0,20.0,1.703,0.1861,-1.5169
2026-09-24 16:24:44,1790259884068,btc,1790259300,Down,0.18,0.14,22.2,317,1.03,1.03,stopped,60.0,20.0,3.1785,0.3726,-2.8059
2026-09-24 16:30:19,1790260219092,btc,1790260200,Up,0.45,0.36,20.0,882,1.03,1.03,stopped,60.0,20.0,7.7263,5.9005,-1.8258
2026-09-24 16:30:19,1790260219093,eth,1790260200,Up,0.42,0.35,16.7,882,1.03,0.98,stopped,60.0,20.0,7.5226,7.0737,-0.4489
2026-09-24 16:31:24,1790260284114,btc,1790260200,Up,0.33,0.27,18.2,817,1.03,0.89,hedged,45.1,20.0,18.4153,20.0,1.5847
2026-09-24 16:32:14,1790260334126,btc,1790260200,Down,0.67,0.56,16.4,767,1.03,0.93,stopped,65.0,20.0,11.7431,12.4774,0.7343
2026-09-24 16:32:14,1790260334128,eth,1790260200,Down,0.59,0.47,20.3,767,1.03,1.0,stopped,65.0,20.0,9.9494,9.2506,-0.6989
2026-09-24 16:33:49,1790260429130,btc,1790260200,Up,0.4,0.3,25.0,672,1.03,0.99,stopped,65.5,20.0,6.4995,6.0954,-0.4041
2026-09-24 16:33:49,1790260429131,eth,1790260200,Up,0.6,0.47,21.7,672,1.03,0.99,stopped,65.5,20.0,9.9494,9.0513,-0.8982
2026-09-24 16:35:44,1790260544126,eth,1790260200,Up,0.49,0.41,16.3,557,1.04,1.0,stopped,60.0,20.0,8.741,5.1241,-3.617
2026-09-24 16:36:09,1790260569176,btc,1790260200,Up,0.25,0.19,24.0,532,1.03,1.01,stopped,60.0,20.0,4.224,1.497,-2.727
2026-09-24 16:37:34,1790260654149,eth,1790260200,Up,0.2,0.17,15.0,447,1.03,1.01,stopped,60.0,20.0,3.8066,1.874,-1.9326
2026-09-24 16:37:54,1790260674145,btc,1790260200,Up,0.06,0.05,16.7,427,1.03,1.03,stopped,65.0,20.0,1.279,0.1861,-1.0928
2026-09-24 16:38:39,1790260719158,eth,1790260200,Up,0.12,0.1,16.7,382,1.03,1.03,stopped,65.0,20.0,2.3371,0.1861,-2.1509
2026-09-24 16:40:09,1790260809160,eth,1790260200,Up,0.05,0.04,20.0,292,1.03,1.01,held_to_resolution,,20.0,1.0665,,
2026-09-25 03:46:33,1790300793073,eth,1790300700,Down,0.45,0.38,15.6,808,1.03,1.03,stopped,64.9,20.0,8.1331,5.706,-2.4271
2026-09-25 03:47:52,1790300872934,eth,1790300700,Up,0.64,0.49,23.4,728,1.03,0.92,hedged,35.0,20.0,19.091,20.0,0.909
2026-09-25 03:47:47,1790300867963,btc,1790300700,Up,0.7,0.56,20.0,733,1.03,0.91,hedged,45.0,20.0,18.8573,20.0,1.1427
2026-09-25 16:44:10,1790347450209,btc,1790346600,Down,0.339,0.07,79.4,51,1.03,1.03,held_to_resolution,,20.0,1.703,,
2026-09-25 16:43:55,1790347435390,eth,1790346600,Up,0.78,0.64,17.9,66,1.03,1.03,held_to_resolution,,20.0,13.3185,,
2026-09-25 16:45:25,1790347525217,btc,1790347500,Up,0.54,0.38,29.6,876,1.03,0.89,hedged,35.2,20.0,18.4831,20.0,1.5169
2026-09-25 16:45:25,1790347525218,eth,1790347500,Up,0.51,0.42,17.6,876,1.03,0.88,hedged,35.2,20.0,18.2896,20.0,1.7104
2026-09-25 16:46:05,1790347565212,eth,1790347500,Down,0.51,0.42,17.6,836,1.03,1.0,stopped,60.1,20.0,8.9431,7.0737,-1.8695
2026-09-25 16:46:35,1790347595219,btc,1790347500,Down,0.48,0.4,16.7,806,1.03,0.94,stopped,65.0,20.0,8.5387,7.8613,-0.6773
2026-09-25 16:47:45,1790347665256,eth,1790347500,Down,0.37,0.29,21.6,736,1.03,1.0,stopped,60.9,20.0,6.294,4.7375,-1.5565
2026-09-25 16:49:30,1790347770171,btc,1790347500,Down,0.32,0.26,18.8,631,1.03,0.92,hedged,60.1,20.0,18.9944,20.0,1.0056
2026-09-25 16:49:30,1790347770172,eth,1790347500,Down,0.31,0.25,19.4,631,1.04,0.9,stopped,60.1,20.0,5.4694,6.8774,1.4081
2026-09-25 16:51:15,1790347875225,btc,1790347500,Down,0.33,0.27,18.2,526,1.03,0.91,hedged,35.0,20.0,18.8086,20.0,1.1914
2026-09-25 16:51:00,1790347860218,eth,1790347500,Down,0.46,0.37,19.6,541,1.04,0.92,hedged,60.0,20.0,19.0776,20.0,0.9224
2026-09-25 16:52:05,1790347925256,btc,1790347500,Up,0.57,0.48,15.8,476,1.03,1.03,stopped,60.0,20.0,10.1499,6.6815,-3.4684
2026-09-25 16:52:05,1790347925258,eth,1790347500,Up,0.53,0.45,15.1,476,1.04,1.04,stopped,60.0,20.0,9.5478,6.4858,-3.0619
2026-09-25 16:53:25,1790348005226,btc,1790347500,Down,0.66,0.53,19.7,396,1.03,1.03,stopped,60.1,20.0,11.1478,4.5446,-6.6031
2026-09-25 16:53:25,1790348005227,eth,1790347500,Down,0.62,0.51,17.7,396,1.03,1.03,stopped,60.1,20.0,10.7494,4.1598,-6.5897
2026-09-25 16:54:55,1790348095310,btc,1790347500,Down,0.22,0.18,18.2,306,1.03,1.03,stopped,64.9,20.0,4.0155,0.5593,-3.4562
2026-09-25 16:55:10,1790348110245,eth,1790347500,Down,0.18,0.15,16.7,291,1.03,1.02,stopped,65.7,20.0,3.3882,0.1861,-3.202
2026-09-25 16:56:05,1790348165247,btc,1790347500,Down,0.05,0.03,40.0,236,1.03,1.03,stopped,180.5,20.0,0.8538,0.1861,-0.6676
2026-09-25 17:02:20,1790348540256,eth,1790348400,Down,0.4,0.34,15.0,761,1.03,0.91,hedged,35.0,20.0,18.8635,20.0,1.1365
2026-09-25 17:02:50,1790348570379,btc,1790348400,Up,0.67,0.53,20.9,731,1.03,1.03,stopped,64.9,20.0,11.1478,5.3178,-5.83
2026-09-25 17:03:15,1790348595290,eth,1790348400,Up,0.53,0.45,15.1,706,1.03,0.99,stopped,60.0,20.0,9.5478,8.455,-1.0927
2026-09-25 17:04:20,1790348660278,btc,1790348400,Up,0.28,0.23,17.9,641,1.03,1.03,stopped,65.0,20.0,5.0554,2.8215,-2.2339
2026-09-25 17:04:25,1790348665269,eth,1790348400,Up,0.46,0.38,17.4,636,1.03,1.01,stopped,60.1,20.0,8.1331,5.5117,-2.6213
2026-09-25 17:05:55,1790348755343,btc,1790348400,Up,0.22,0.16,27.3,546,1.03,1.02,stopped,65.0,20.0,3.5975,1.3089,-2.2887
2026-09-25 17:05:55,1790348755345,eth,1790348400,Up,0.43,0.36,16.3,546,1.03,1.02,stopped,65.0,20.0,7.7263,4.5446,-3.1817
2026-09-25 17:07:20,1790348840287,btc,1790348400,Up,0.14,0.09,35.7,461,1.03,0.91,hedged,35.0,20.0,18.5415,20.0,1.4585
2026-09-25 17:07:50,1790348870396,eth,1790348400,Down,0.64,0.54,15.6,431,1.03,1.01,stopped,64.9,20.0,11.3465,9.4501,-1.8964
2026-09-25 17:09:00,1790348940711,eth,1790348400,Down,0.51,0.37,27.5,361,1.03,0.92,hedged,59.6,20.0,19.0776,20.0,0.9224
2026-09-25 17:10:00,1790349000276,btc,1790348400,Up,0.3,0.18,40.0,301,1.03,1.02,stopped,60.0,20.0,4.0155,1.121,-2.8944
2026-09-25 17:10:35,1790349035361,eth,1790348400,Up,0.49,0.36,26.5,266,1.03,0.92,hedged,40.0,20.0,19.0728,20.0,0.9272
2026-09-25 17:11:20,1790349080311,eth,1790348400,Down,0.68,0.56,17.6,221,1.03,0.88,hedged,10.0,20.0,18.2426,20.0,1.7574
2026-09-25 17:11:50,1790349110335,eth,1790348400,Up,0.32,0.21,34.4,191,1.03,0.85,hedged,10.0,20.0,17.9587,20.0,2.0413
2026-09-25 17:11:30,1790349090314,btc,1790348400,Up,0.1,0.05,50.0,211,1.03,0.94,stopped,65.0,20.0,1.279,2.2522,0.9732
2026-09-25 17:12:10,1790349130305,eth,1790348400,Down,0.64,0.49,23.4,171,1.09,1.09,stopped,65.0,20.0,10.35,2.0629,-8.2871
2026-09-25 17:12:50,1790349170365,btc,1790348400,Up,0.19,0.16,15.8,131,1.03,0.9,hedged,49.9,20.0,18.4735,20.0,1.5265
2026-09-25 17:13:50,1790349230351,btc,1790348400,Up,0.19,0.14,26.3,71,1.03,1.03,held_to_resolution,,20.0,3.1785,,
2026-09-25 17:13:30,1790349210325,eth,1790348400,Down,0.23,0.14,39.1,91,1.03,1.02,held_to_resolution,,20.0,3.1785,,
2026-09-25 17:15:55,1790349355330,eth,1790349300,Up,0.58,0.41,29.3,846,1.03,0.88,hedged,15.0,20.0,18.2888,20.0,1.7112
2026-09-25 17:15:55,1790349355329,btc,1790349300,Up,0.54,0.44,18.5,846,1.03,0.94,stopped,60.1,20.0,9.3465,8.6535,-0.693
2026-09-25 17:16:50,1790349410363,eth,1790349300,Down,0.51,0.42,17.6,791,1.03,0.91,hedged,35.0,20.0,18.8926,20.0,1.1074
2026-09-25 17:17:15,1790349435299,btc,1790349300,Up,0.46,0.39,15.2,766,1.03,0.96,stopped,65.0,20.0,8.336,6.6815,-1.6545
2026-09-25 17:17:45,1790349465376,eth,1790349300,Down,0.55,0.46,16.4,736,1.03,0.97,stopped,65.0,20.0,9.7487,9.65,-0.0987
2026-09-25 17:19:10,1790349550317,btc,1790349300,Up,0.29,0.24,17.2,651,1.03,0.99,stopped,60.0,20.0,5.2625,2.4417,-2.8208
2026-09-25 17:19:15,1790349555295,eth,1790349300,Up,0.4,0.32,20.0,646,1.03,0.99,stopped,60.0,20.0,6.9095,3.2025,-3.7071
2026-09-25 17:20:20,1790349620325,eth,1790349300,Up,0.2,0.16,20.0,581,1.04,1.01,stopped,60.0,20.0,3.5975,2.0629,-1.5346
2026-09-25 17:20:50,1790349650335,btc,1790349300,Up,0.13,0.11,15.4,551,1.03,0.91,hedged,45.0,20.0,18.5801,20.0,1.4199
2026-09-25 17:21:50,1790349710338,btc,1790349300,Up,0.23,0.19,17.4,491,1.03,0.83,hedged,10.0,20.0,17.1503,20.0,2.8497
2026-09-25 17:21:50,1790349710339,eth,1790349300,Up,0.24,0.19,20.8,491,1.03,0.8,hedged,10.0,20.0,16.56,20.0,3.44
2026-09-25 17:22:05,1790349725321,eth,1790349300,Down,0.83,0.6,27.7,476,1.03,0.89,hedged,55.0,20.0,18.4153,20.0,1.5847
2026-09-25 17:22:05,1790349725319,btc,1790349300,Down,0.82,0.65,20.7,476,1.03,0.96,stopped,60.1,20.0,13.5142,13.5005,-0.0136
2026-09-25 17:23:30,1790349810311,eth,1790349300,Up,0.35,0.29,17.1,391,1.03,0.97,stopped,60.1,20.0,6.294,3.0118,-3.2822
2026-09-25 17:24:05,1790349845818,btc,1790349300,Up,0.35,0.29,17.1,356,1.03,1.02,stopped,64.5,20.0,6.294,3.2025,-3.0915
2026-09-25 17:24:45,1790349885409,eth,1790349300,Up,0.26,0.2,23.1,316,1.03,0.98,stopped,60.0,20.0,4.4323,1.3089,-3.1234
2026-09-25 17:25:15,1790349915356,btc,1790349300,Up,0.19,0.14,26.3,286,1.03,0.95,stopped,60.0,20.0,3.1785,0.9335,-2.245
2026-09-25 17:26:00,1790349960366,eth,1790349300,Up,0.1,0.08,20.0,241,1.04,1.03,stopped,65.0,20.0,1.9147,0.5593,-1.3554
2026-09-25 17:27:15,1790350035331,eth,1790349300,Up,0.05,0.04,20.0,166,1.03,1.03,stopped,95.1,20.0,1.0665,0.1861,-0.8804
2026-09-25 17:27:20,1790350040365,btc,1790349300,Up,0.08,0.05,37.5,161,1.03,1.03,held_to_resolution,,20.0,1.279,,
2026-09-25 17:30:15,1790350215359,eth,1790350200,Down,0.52,0.33,36.5,886,1.03,0.92,hedged,10.0,20.0,19.0552,20.0,0.9448
2026-09-25 17:30:15,1790350215357,btc,1790350200,Down,0.49,0.35,28.6,886,1.03,0.91,hedged,30.1,20.0,18.8691,20.0,1.1309
2026-09-25 17:32:15,1790350335383,eth,1790350200,Down,0.49,0.41,16.3,766,1.03,0.92,hedged,50.0,20.0,19.091,20.0,0.909
2026-09-25 17:32:15,1790350335381,btc,1790350200,Down,0.4,0.33,17.5,766,1.03,0.95,stopped,65.0,20.0,7.1142,7.4669,0.3528
2026-09-25 17:33:55,1790350435405,eth,1790350200,Up,0.55,0.43,21.8,666,1.03,1.03,stopped,65.0,20.0,9.145,4.7375,-4.4075
2026-09-25 17:35:50,1790350550383,btc,1790350200,Up,0.45,0.35,22.2,550,1.03,0.97,stopped,60.1,20.0,7.5226,7.2702,-0.2524
2026-09-25 17:35:50,1790350550384,eth,1790350200,Up,0.22,0.15,31.8,550,1.04,0.95,stopped,60.1,20.0,3.3882,3.776,0.3878
2026-09-25 17:37:25,1790350645437,btc,1790350200,Up,0.44,0.36,18.2,455,1.03,1.01,stopped,65.0,20.0,7.7263,4.9306,-2.7957
2026-09-25 17:37:25,1790350645439,eth,1790350200,Up,0.22,0.18,18.2,455,1.03,1.03,stopped,65.0,20.0,4.0155,1.121,-2.8944
2026-09-25 17:38:40,1790350720405,btc,1790350200,Up,0.27,0.2,25.9,380,1.03,1.03,stopped,65.1,20.0,4.4323,0.3726,-4.0597
2026-09-25 17:38:40,1790350720406,eth,1790350200,Up,0.07,0.05,28.6,380,1.03,1.03,stopped,65.1,20.0,1.279,0.1861,-1.0928
2026-09-25 17:41:20,1790350880409,btc,1790350200,Up,0.1,0.08,20.0,220,1.03,1.03,held_to_resolution,,20.0,1.9147,,
2026-09-25 17:46:35,1790351195418,btc,1790351100,Down,0.53,0.45,15.1,805,1.03,1.01,stopped,60.0,20.0,9.5478,7.4669,-2.0808
2026-09-25 17:46:35,1790351195420,eth,1790351100,Down,0.48,0.39,18.7,805,1.03,1.03,stopped,60.0,20.0,8.336,6.6815,-1.6545
2026-09-25 17:51:20,1790351480471,btc,1790351100,Up,0.39,0.33,15.4,520,1.03,1.01,stopped,60.0,20.0,7.1142,5.706,-1.4082
2026-09-25 17:51:20,1790351480472,eth,1790351100,Up,0.44,0.37,15.9,520,1.03,1.02,stopped,60.0,20.0,7.9298,5.5117,-2.4181
2026-09-25 17:52:50,1790351570469,eth,1790351100,Down,0.67,0.54,19.4,430,1.03,0.84,hedged,25.0,20.0,18.4607,20.0,1.5393
2026-09-25 17:52:45,1790351565498,btc,1790351100,Down,0.68,0.53,22.1,435,1.03,0.94,stopped,60.0,20.0,11.1478,10.6535,-0.4943
2026-09-25 17:54:20,1790351660488,btc,1790351100,Down,0.57,0.29,49.1,340,1.03,0.86,hedged,5.0,20.0,17.839,20.0,2.161
2026-09-25 17:54:20,1790351660489,eth,1790351100,Down,0.69,0.38,44.9,340,1.03,0.84,hedged,5.0,20.0,17.4796,20.0,2.5204
2026-09-25 17:54:30,1790351670471,btc,1790351100,Up,0.72,0.49,31.9,330,1.03,0.86,hedged,25.0,20.0,17.8726,20.0,2.1274
2026-09-25 17:54:30,1790351670472,eth,1790351100,Up,0.63,0.39,38.1,330,1.06,0.83,hedged,40.0,20.0,17.2791,20.0,2.7209
2026-09-25 17:55:00,1790351700489,btc,1790351100,Down,0.55,0.39,29.1,300,1.03,1.01,stopped,65.0,20.0,8.336,3.3934,-4.9426
2026-09-25 17:55:30,1790351730465,eth,1790351100,Down,0.4,0.34,15.0,270,1.03,1.03,stopped,60.0,20.0,7.3185,4.3521,-2.9664
2026-09-25 17:56:15,1790351775467,btc,1790351100,Down,0.2,0.17,15.0,225,1.03,0.98,stopped,60.0,20.0,3.8066,0.1861,-3.6205
2026-09-25 17:56:35,1790351795923,eth,1790351100,Down,0.25,0.16,36.0,205,1.04,1.04,stopped,64.5,20.0,3.5975,0.1861,-3.4114
2026-09-25 18:00:55,1790352055525,btc,1790352000,Down,0.4,0.32,20.0,845,1.03,1.03,stopped,65.0,20.0,6.9095,4.5446,-2.3649
2026-09-25 18:00:55,1790352055526,eth,1790352000,Down,0.44,0.37,15.9,845,1.03,1.03,stopped,65.0,20.0,7.9298,4.9306,-2.9992
2026-09-25 18:02:20,1790352140501,btc,1790352000,Down,0.22,0.18,18.2,760,1.03,1.03,stopped,60.0,20.0,4.0155,2.8215,-1.194
2026-09-25 18:04:00,1790352240509,btc,1790352000,Down,0.17,0.14,17.6,660,1.03,0.94,stopped,65.5,20.0,3.1785,2.2522,-0.9263
2026-09-25 18:05:06,1790352306812,eth,1790352000,Down,0.19,0.15,21.1,595,1.03,1.01,stopped,63.7,20.0,3.3882,1.497,-1.8912
2026-09-25 18:05:25,1790352325502,btc,1790352000,Down,0.17,0.13,23.5,575,1.03,1.01,stopped,60.0,20.0,2.9686,1.6853,-1.2832
2026-09-25 18:06:30,1790352390532,btc,1790352000,Down,0.11,0.09,18.2,510,1.03,1.03,stopped,60.0,20.0,2.126,1.3089,-0.8171
2026-09-25 18:08:00,1790352480595,btc,1790352000,Down,0.12,0.08,33.3,420,1.03,1.02,stopped,64.9,20.0,1.9147,0.9335,-0.9812
2026-09-25 18:08:00,1790352480597,eth,1790352000,Down,0.15,0.1,33.3,420,1.04,1.0,stopped,64.9,20.0,2.3371,1.6853,-0.6517
2026-09-25 18:09:45,1790352585554,btc,1790352000,Down,0.08,0.06,25.0,315,1.03,1.03,stopped,60.0,20.0,1.4911,0.1861,-1.305
2026-09-25 18:10:10,1790352610515,eth,1790352000,Down,0.05,0.04,20.0,290,1.04,0.98,stopped,65.0,20.0,1.0665,1.121,0.0545
2026-09-25 18:11:40,1790352700535,eth,1790352000,Down,0.08,0.06,25.0,200,1.03,1.03,held_to_resolution,,20.0,1.4911,,
2026-09-25 18:15:15,1790352915537,btc,1790352900,Down,0.45,0.36,20.0,885,1.03,0.99,stopped,65.0,20.0,7.7263,5.5117,-2.2146
2026-09-25 18:15:15,1790352915539,eth,1790352900,Down,0.5,0.4,20.0,885,1.04,1.0,stopped,65.0,20.0,8.5387,5.9005,-2.6381
2026-09-25 18:16:40,1790353000543,btc,1790352900,Down,0.32,0.26,18.8,800,1.03,0.97,stopped,60.0,20.0,5.6759,5.3178,-0.3582
2026-09-25 18:16:40,1790353000545,eth,1790352900,Down,0.33,0.26,21.2,800,1.03,0.92,stopped,60.0,20.0,5.6759,6.6815,1.0056
2026-09-25 18:19:25,1790353165592,btc,1790352900,Down,0.45,0.38,15.6,635,1.03,0.98,stopped,65.0,20.0,8.1331,5.5117,-2.6213
2026-09-25 18:20:40,1790353240557,btc,1790352900,Up,0.7,0.59,15.7,560,1.03,0.94,stopped,60.0,20.0,12.336,9.8501,-2.4859
2026-09-25 18:20:40,1790353240559,eth,1790352900,Up,0.54,0.44,18.5,560,1.04,0.97,stopped,60.0,20.0,9.3465,4.9306,-4.4159
2026-09-25 18:22:15,1790353335552,btc,1790352900,Up,0.51,0.42,17.6,465,1.03,0.91,hedged,25.0,20.0,18.8926,20.0,1.1074
2026-09-25 18:23:05,1790353385607,eth,1790352900,Up,0.24,0.19,20.8,415,1.03,1.0,stopped,65.0,20.0,4.224,3.776,-0.448
2026-09-25 18:23:55,1790353435564,btc,1790352900,Up,0.49,0.39,20.4,365,1.03,0.89,hedged,45.0,20.0,18.4859,20.0,1.5141
2026-09-25 18:25:06,1790353506889,eth,1790352900,Up,0.21,0.17,19.0,295,1.03,0.92,hedged,28.7,20.0,18.876,20.0,1.124
2026-09-25 18:25:20,1790353520636,btc,1790352900,Down,0.51,0.39,23.5,280,1.03,0.91,stopped,65.0,20.0,8.336,4.9306,-3.4054
2026-09-25 18:25:45,1790353545599,eth,1790352900,Up,0.24,0.2,16.7,255,1.03,0.85,hedged,40.1,20.0,17.5548,20.0,2.4452
2026-09-25 18:26:30,1790353590586,eth,1790352900,Down,0.71,0.58,18.3,210,1.03,1.03,stopped,65.0,20.0,12.1387,5.706,-6.4327
2026-09-25 18:27:05,1790353625575,btc,1790352900,Down,0.27,0.21,22.2,175,1.03,0.91,hedged,55.0,20.0,18.7397,20.0,1.2603
2026-09-25 18:27:50,1790353670571,eth,1790352900,Down,0.39,0.29,25.6,130,1.04,0.82,hedged,20.0,20.0,17.0434,20.0,2.9566
2026-09-25 18:28:20,1790353700566,eth,1790352900,Down,0.51,0.36,29.4,100,1.03,0.8,hedged,15.0,20.0,16.6695,20.0,3.3305
2026-09-25 18:28:40,1790353720580,btc,1790352900,Down,0.52,0.38,26.9,80,1.03,0.92,hedged,10.0,20.0,19.0818,20.0,0.9182
2026-09-25 18:28:55,1790353735578,btc,1790352900,Up,0.62,0.52,16.1,65,1.03,0.75,hedged,25.1,20.0,15.589,20.0,4.411
2026-09-25 18:29:25,1790353765603,btc,1790352900,Down,0.45,0.18,60.0,35,1.03,1.03,held_to_resolution,,20.0,4.0155,,
2026-09-25 18:29:00,1790353740584,eth,1790352900,Down,0.46,0.34,26.1,60,1.03,0.98,held_to_resolution,,20.0,7.3185,,
2026-09-25 18:32:15,1790353935616,eth,1790353800,Down,0.51,0.41,19.6,765,1.03,0.99,stopped,60.0,20.0,8.741,6.0954,-2.6457
2026-09-25 18:33:35,1790354015613,btc,1790353800,Up,0.65,0.51,21.5,685,1.03,1.03,stopped,60.5,20.0,10.7494,4.1598,-6.5897
2026-09-25 18:34:10,1790354050646,eth,1790353800,Up,0.56,0.28,50.0,650,1.03,1.0,stopped,65.1,20.0,6.0883,3.3934,-2.6949
2026-09-25 18:34:40,1790354080615,btc,1790353800,Up,0.29,0.17,41.4,620,1.03,0.99,stopped,60.0,20.0,3.8066,2.6314,-1.1752
2026-09-25 18:35:20,1790354120603,eth,1790353800,Up,0.21,0.16,23.8,580,1.03,0.91,stopped,65.0,20.0,3.5975,4.9306,1.3331
2026-09-25 18:36:30,1790354190643,btc,1790353800,Up,0.27,0.22,18.5,510,1.03,0.91,hedged,35.0,20.0,18.7526,20.0,1.2474
2026-09-25 18:36:30,1790354190644,eth,1790353800,Up,0.28,0.23,17.9,510,1.04,0.91,hedged,40.0,20.0,18.7649,20.0,1.2351
2026-09-25 18:37:50,1790354270612,btc,1790353800,Up,0.44,0.36,18.2,430,1.03,0.97,stopped,60.0,20.0,7.7263,3.5845,-4.1418
2026-09-25 18:37:50,1790354270613,eth,1790353800,Up,0.43,0.36,16.3,430,1.04,1.0,stopped,60.0,20.0,7.7263,2.8215,-4.9048
2026-09-25 18:39:00,1790354340641,btc,1790353800,Up,0.24,0.2,16.7,360,1.03,0.93,stopped,60.8,20.0,4.4323,4.3521,-0.0802
2026-09-25 18:39:35,1790354375639,eth,1790353800,Up,0.24,0.2,16.7,325,1.03,0.93,stopped,60.0,20.0,4.4323,3.5845,-0.8477
2026-09-25 18:40:35,1790354435659,btc,1790353800,Up,0.29,0.19,34.5,265,1.03,1.03,stopped,60.0,20.0,4.224,1.3089,-2.9151
2026-09-25 18:40:40,1790354440718,eth,1790353800,Up,0.21,0.16,23.8,260,1.03,1.03,stopped,64.9,20.0,3.5975,2.0629,-1.5346
2026-09-25 18:41:40,1790354500618,btc,1790353800,Up,0.11,0.09,18.2,200,1.03,0.92,hedged,30.0,20.0,18.7326,20.0,1.2674
2026-09-25 18:42:25,1790354545688,eth,1790353800,Up,0.28,0.23,17.9,155,1.03,1.03,stopped,64.9,20.0,5.0554,3.2025,-1.8529
2026-09-25 18:42:30,1790354550673,btc,1790353800,Up,0.21,0.14,33.3,150,1.03,0.96,stopped,65.0,20.0,3.1785,2.8215,-0.357
2026-09-25 18:43:40,1790354620690,btc,1790353800,Up,0.17,0.14,17.6,80,1.03,0.97,held_to_resolution,,20.0,3.1785,,
2026-09-25 18:43:40,1790354620691,eth,1790353800,Up,0.17,0.13,23.5,80,1.04,0.98,held_to_resolution,,20.0,2.9686,,
2026-09-25 18:45:25,1790354725678,eth,1790354700,Up,0.43,0.36,16.3,875,1.03,1.02,stopped,65.0,20.0,7.7263,6.6815,-1.0448
2026-09-25 18:45:30,1790354730651,btc,1790354700,Up,0.41,0.34,17.1,870,1.03,0.98,stopped,65.0,20.0,7.3185,6.6815,-0.637
2026-09-25 18:47:10,1790354830629,btc,1790354700,Up,0.33,0.25,24.2,770,1.03,1.03,stopped,60.0,20.0,5.4694,2.4417,-3.0277
2026-09-25 18:47:10,1790354830631,eth,1790354700,Up,0.31,0.23,25.8,770,1.03,1.03,stopped,60.0,20.0,5.0554,2.0629,-2.9924
2026-09-25 18:48:30,1790354910653,btc,1790354700,Up,0.15,0.12,20.0,690,1.03,1.02,stopped,60.1,20.0,2.7583,0.9335,-1.8248
2026-09-25 18:48:30,1790354910654,eth,1790354700,Up,0.12,0.1,16.7,690,1.04,1.03,stopped,60.1,20.0,2.3371,0.7462,-1.5908
2026-09-25 18:51:05,1790355065664,eth,1790354700,Up,0.14,0.11,21.4,535,1.04,0.96,stopped,60.0,20.0,2.5478,2.8215,0.2737
2026-09-25 18:53:15,1790355195677,eth,1790354700,Up,0.34,0.21,38.2,405,1.03,1.03,stopped,60.0,20.0,4.6402,2.4417,-2.1986
2026-09-25 18:53:20,1790355200668,btc,1790354700,Up,0.35,0.18,48.6,400,1.03,1.03,stopped,60.0,20.0,4.0155,2.2522,-1.7633
2026-09-25 18:54:55,1790355295708,btc,1790354700,Up,0.19,0.15,21.1,305,1.03,1.03,stopped,65.0,20.0,3.3882,1.6853,-1.7028
2026-09-25 18:54:55,1790355295710,eth,1790354700,Up,0.2,0.16,20.0,305,1.04,1.04,stopped,65.0,20.0,3.5975,1.3089,-2.2887
2026-09-25 18:56:25,1790355385668,btc,1790354700,Up,0.1,0.08,20.0,215,1.03,1.03,stopped,60.1,20.0,1.9147,0.1861,-1.7285
2026-09-25 18:56:20,1790355380693,eth,1790354700,Up,0.1,0.08,20.0,220,1.03,1.03,stopped,170.0,20.0,1.9147,0.1861,-1.7285
2026-09-25 19:01:10,1790355670683,eth,1790355600,Down,0.41,0.33,19.5,830,1.03,1.03,stopped,60.1,20.0,7.1142,2.8215,-4.2927
2026-09-25 19:01:15,1790355675701,btc,1790355600,Down,0.4,0.34,15.0,825,1.03,0.99,stopped,65.0,20.0,7.3185,2.6314,-4.6871
2026-09-25 19:02:15,1790355735692,eth,1790355600,Down,0.16,0.13,18.8,765,1.03,0.99,stopped,60.0,20.0,2.9686,2.2522,-0.7164
2026-09-25 19:04:30,1790355870738,btc,1790355600,Down,0.12,0.09,25.0,630,1.03,0.99,stopped,65.0,20.0,2.126,2.0629,-0.0631
2026-09-25 19:05:00,1790355900714,eth,1790355600,Down,0.12,0.09,25.0,600,1.03,0.96,stopped,60.0,20.0,2.126,2.2522,0.1262
2026-09-25 19:06:10,1790355970727,eth,1790355600,Down,0.15,0.12,20.0,530,1.03,0.98,stopped,65.0,20.0,2.7583,2.2522,-0.5062
2026-09-25 19:06:35,1790355995718,btc,1790355600,Down,0.12,0.1,16.7,505,1.03,0.97,stopped,60.0,20.0,2.3371,1.497,-0.8401
2026-09-25 19:07:40,1790356060715,btc,1790355600,Down,0.13,0.09,30.8,440,1.03,0.97,stopped,60.0,20.0,2.126,1.6853,-0.4407
2026-09-25 19:08:00,1790356080819,eth,1790355600,Down,0.18,0.13,27.8,420,1.04,0.93,stopped,64.9,20.0,2.9686,1.3089,-1.6597
2026-09-25 19:08:55,1790356135746,btc,1790355600,Down,0.1,0.06,40.0,365,1.03,1.03,stopped,65.0,20.0,1.4911,0.1861,-1.305
2026-09-25 19:09:10,1790356150729,eth,1790355600,Down,0.1,0.06,40.0,350,1.03,1.03,stopped,65.0,20.0,1.4911,0.1861,-1.305
2026-09-25 19:15:15,1790356515756,eth,1790356500,Down,0.51,0.42,17.6,885,1.03,1.01,stopped,60.0,20.0,8.9431,7.0737,-1.8695
2026-09-25 19:19:45,1790356785817,btc,1790356500,Up,0.49,0.36,26.5,615,1.03,0.97,stopped,64.9,20.0,7.7263,6.0954,-1.631
2026-09-25 19:19:45,1790356785818,eth,1790356500,Up,0.67,0.47,29.9,615,1.03,0.97,stopped,64.9,20.0,9.9494,8.455,-1.4944
2026-09-25 19:21:15,1790356875780,btc,1790356500,Up,0.33,0.27,18.2,525,1.03,0.95,stopped,60.0,20.0,5.8822,4.7375,-1.1447
2026-09-25 19:21:41,1790356901294,eth,1790356500,Up,0.44,0.34,22.7,500,1.03,0.96,stopped,64.5,20.0,7.3185,4.1598,-3.1587
2026-09-25 19:22:50,1790356970768,btc,1790356500,Up,0.33,0.28,15.2,430,1.03,0.92,stopped,60.6,20.0,6.0883,6.2905,0.2022
2026-09-25 19:22:50,1790356970769,eth,1790356500,Up,0.3,0.23,23.3,430,1.03,0.97,stopped,60.6,20.0,5.0554,3.9677,-1.0876
2026-09-25 19:24:10,1790357050801,btc,1790356500,Up,0.38,0.25,34.2,350,1.03,0.99,stopped,60.0,20.0,5.4694,1.6853,-3.784
2026-09-25 19:24:10,1790357050803,eth,1790356500,Up,0.26,0.16,38.5,350,1.03,0.97,stopped,60.0,20.0,3.5975,0.9335,-2.664
2026-09-25 19:25:20,1790357120769,btc,1790356500,Up,0.11,0.09,18.2,280,1.03,1.03,stopped,60.0,20.0,2.126,0.7462,-1.3798
2026-09-25 19:25:35,1790357135783,eth,1790356500,Up,0.08,0.06,25.0,265,1.03,1.03,stopped,60.0,20.0,1.4911,0.3726,-1.1186
2026-09-25 19:26:45,1790357205760,eth,1790356500,Up,0.05,0.04,20.0,195,1.03,1.03,stopped,85.1,20.0,1.0665,0.1861,-0.8804
2026-09-25 19:26:30,1790357190810,btc,1790356500,Up,0.07,0.04,42.9,210,1.03,1.03,held_to_resolution,,20.0,1.0665,,
2026-09-25 19:31:35,1790357495787,eth,1790357400,Up,0.4,0.29,27.5,805,1.03,0.91,hedged,45.1,20.0,18.8271,20.0,1.1729
2026-09-25 19:31:30,1790357490807,btc,1790357400,Up,0.41,0.33,19.5,810,1.03,0.77,hedged,65.0,20.0,16.0573,20.0,3.9427
2026-09-25 19:32:30,1790357550803,eth,1790357400,Down,0.6,0.51,15.0,750,1.03,1.03,stopped,60.0,20.0,10.7494,5.5117,-5.2377
2026-09-25 19:32:45,1790357565902,btc,1790357400,Down,0.4,0.32,20.0,735,1.03,0.97,stopped,65.0,20.0,6.9095,5.706,-1.2035
2026-09-25 19:34:00,1790357640837,btc,1790357400,Up,0.69,0.57,17.4,660,1.03,0.96,stopped,65.8,20.0,11.941,10.855,-1.086
2026-09-25 19:34:55,1790357695823,eth,1790357400,Down,0.5,0.4,20.0,605,1.04,0.93,stopped,60.0,20.0,8.5387,8.2569,-0.2818
2026-09-25 19:36:50,1790357810852,eth,1790357400,Up,0.64,0.53,17.2,490,1.03,0.96,stopped,65.0,20.0,11.1478,10.855,-0.2927
2026-09-25 19:38:20,1790357900875,eth,1790357400,Down,0.43,0.36,16.3,400,1.03,0.87,stopped,60.0,20.0,7.7263,8.455,0.7287
2026-09-25 19:39:50,1790357990900,eth,1790357400,Down,0.45,0.37,17.8,310,1.03,1.03,stopped,64.9,20.0,7.9298,2.2522,-5.6777
2026-09-25 19:40:20,1790358020824,btc,1790357400,Down,0.31,0.2,35.5,280,1.03,0.93,stopped,65.0,20.0,4.4323,4.1598,-0.2725
2026-09-25 19:41:00,1790358060835,eth,1790357400,Down,0.15,0.12,20.0,240,1.04,1.0,stopped,60.0,20.0,2.7583,0.1861,-2.5722
2026-09-25 19:41:35,1790358095844,btc,1790357400,Down,0.24,0.1,58.3,205,1.03,1.03,stopped,60.0,20.0,2.3371,0.1861,-2.1509
2026-09-25 19:46:30,1790358390838,btc,1790358300,Up,0.44,0.35,20.5,810,1.03,1.0,stopped,60.1,20.0,7.5226,5.5117,-2.0108
2026-09-25 19:47:55,1790358475842,btc,1790358300,Up,0.26,0.22,15.4,725,1.03,0.92,hedged,10.0,20.0,18.9474,20.0,1.0526
2026-09-25 19:47:40,1790358460867,eth,1790358300,Up,0.26,0.22,15.4,740,1.03,1.01,stopped,60.0,20.0,4.8479,4.1598,-0.6882
2026-09-25 19:48:50,1790358530945,btc,1790358300,Up,0.37,0.26,29.7,670,1.03,0.91,hedged,49.9,20.0,18.7985,20.0,1.2015
2026-09-25 19:48:50,1790358530946,eth,1790358300,Up,0.27,0.2,25.9,670,1.03,0.97,stopped,64.9,20.0,4.4323,4.1598,-0.2725
2026-09-25 19:50:15,1790358615905,eth,1790358300,Up,0.3,0.25,16.7,585,1.04,1.04,stopped,65.0,20.0,5.4694,2.6314,-2.8379
2026-09-25 19:50:50,1790358650892,btc,1790358300,Up,0.39,0.28,28.2,550,1.03,1.01,stopped,60.0,20.0,6.0883,3.5845,-2.5037
2026-09-25 19:53:05,1790358785873,btc,1790358300,Up,0.13,0.11,15.4,415,1.03,1.01,stopped,60.0,20.0,2.5478,1.3089,-1.239
2026-09-25 19:53:55,1790358835867,eth,1790358300,Up,0.06,0.05,16.7,365,1.03,1.0,stopped,60.1,20.0,1.279,1.121,-0.1579
2026-09-25 19:54:25,1790358865898,btc,1790358300,Up,0.08,0.06,25.0,335,1.03,0.99,stopped,60.0,20.0,1.4911,0.5593,-0.9319
2026-09-25 19:55:10,1790358910943,eth,1790358300,Up,0.06,0.05,16.7,290,1.03,0.99,stopped,65.4,20.0,1.279,1.3089,0.0299
2026-09-25 19:56:20,1790358980947,btc,1790358300,Up,0.08,0.06,25.0,220,1.03,1.03,stopped,64.9,20.0,1.4911,0.1861,-1.305
2026-09-25 19:57:15,1790359035912,eth,1790358300,Up,0.06,0.05,16.7,165,1.03,1.03,stopped,60.0,20.0,1.279,0.1861,-1.0928
2026-09-25 20:02:10,1790359330924,eth,1790359200,Down,0.23,0.19,17.4,770,1.03,0.9,hedged,20.0,20.0,18.518,20.0,1.482
2026-09-25 20:02:30,1790359350966,btc,1790359200,Up,0.8,0.64,20.0,750,1.03,1.0,stopped,65.0,20.0,13.3185,11.0569,-2.2616
2026-09-25 20:02:35,1790359355929,eth,1790359200,Up,0.85,0.71,16.5,745,1.03,1.03,stopped,60.0,20.0,14.6822,11.259,-3.4233
2026-09-25 20:03:40,1790359420916,btc,1790359200,Down,0.41,0.33,19.5,680,1.03,1.01,stopped,60.0,20.0,7.1142,4.9306,-2.1835
2026-09-25 20:03:40,1790359420918,eth,1790359200,Down,0.42,0.32,23.8,680,1.03,0.96,stopped,60.0,20.0,6.9095,6.6815,-0.228
2026-09-25 20:06:20,1790359580933,btc,1790359200,Down,0.31,0.24,22.6,520,1.03,1.03,stopped,60.0,20.0,5.2625,2.0629,-3.1996
2026-09-25 20:06:30,1790359590948,eth,1790359200,Down,0.35,0.27,22.9,510,1.04,1.03,stopped,60.0,20.0,5.8822,2.4417,-3.4406
2026-09-25 20:07:30,1790359650977,btc,1790359200,Down,0.13,0.11,15.4,450,1.03,1.03,stopped,65.0,20.0,2.5478,0.9335,-1.6143
2026-09-25 20:08:05,1790359685927,eth,1790359200,Down,0.14,0.1,28.6,415,1.03,0.96,stopped,60.0,20.0,2.3371,2.6314,0.2944
2026-09-25 20:08:55,1790359735949,btc,1790359200,Down,0.08,0.06,25.0,365,1.03,1.01,stopped,65.1,20.0,1.4911,0.1861,-1.305
2026-09-25 20:09:35,1790359775934,eth,1790359200,Down,0.14,0.1,28.6,325,1.03,1.03,stopped,65.0,20.0,2.3371,0.1861,-2.1509
2026-09-25 20:15:36,1790360136040,btc,1790360100,Up,0.53,0.42,20.8,865,1.03,0.93,stopped,64.9,20.0,8.9431,9.0513,0.1081
2026-09-25 20:17:16,1790360236041,btc,1790360100,Down,0.5,0.38,24.0,765,1.03,0.97,stopped,64.9,20.0,8.1331,7.0737,-1.0594
2026-09-25 20:17:16,1790360236042,eth,1790360100,Down,0.47,0.33,29.8,765,1.06,0.97,stopped,64.9,20.0,7.1142,5.1241,-1.9901
2026-09-25 20:19:20,1790360360995,btc,1790360100,Down,0.43,0.36,16.3,640,1.03,1.02,stopped,65.0,20.0,7.7263,4.9306,-2.7957
2026-09-25 20:20:46,1790360446078,eth,1790360100,Down,0.2,0.15,25.0,555,1.03,0.92,hedged,44.9,20.0,18.8435,20.0,1.1565
2026-09-25 20:20:50,1790360450980,btc,1790360100,Down,0.25,0.2,20.0,550,1.03,0.92,stopped,60.1,20.0,4.4323,5.1241,0.6918
2026-09-25 20:22:50,1790360570969,btc,1790360100,Down,0.46,0.36,21.7,430,1.03,0.86,hedged,15.0,20.0,17.8762,20.0,2.1238
2026-09-25 20:23:20,1790360600996,eth,1790360100,Down,0.46,0.36,21.7,400,1.03,0.95,stopped,60.0,20.0,7.7263,7.4669,-0.2594
2026-09-25 20:24:40,1790360680979,btc,1790360100,Down,0.53,0.44,17.0,320,1.03,0.99,stopped,60.0,20.0,9.3465,3.0118,-6.3347
2026-09-25 20:24:36,1790360676014,eth,1790360100,Down,0.42,0.34,19.0,325,1.03,1.03,stopped,65.0,20.0,7.3185,1.6853,-5.6332
2026-09-25 20:26:21,1790360781050,btc,1790360100,Up,0.83,0.48,42.2,220,1.03,1.0,stopped,65.0,20.0,10.1499,3.5845,-6.5653
2026-09-25 20:26:26,1790360786005,eth,1790360100,Up,0.92,0.62,32.6,215,1.03,1.03,stopped,60.0,20.0,12.9263,2.6314,-10.2949
2026-09-25 20:27:46,1790360866076,btc,1790360100,Up,0.23,0.16,30.4,135,1.03,1.03,stopped,64.9,20.0,3.5975,0.9335,-2.664
2026-09-25 20:27:46,1790360866077,eth,1790360100,Up,0.19,0.13,31.6,135,1.03,1.03,stopped,64.9,20.0,2.9686,1.6853,-1.2832
2026-09-25 20:29:01,1790360941014,btc,1790360100,Up,0.07,0.03,57.1,60,1.03,1.01,held_to_resolution,,20.0,0.8538,,
2026-09-25 20:29:01,1790360941016,eth,1790360100,Up,0.12,0.06,50.0,60,1.03,1.02,held_to_resolution,,20.0,1.4911,,
2026-09-25 20:30:16,1790361016020,eth,1790361000,Down,0.55,0.42,23.6,885,1.04,1.02,stopped,60.0,20.0,8.9431,6.8774,-2.0657
2026-09-25 20:33:46,1790361226123,btc,1790361000,Down,0.39,0.32,17.9,675,1.03,0.92,hedged,40.0,20.0,19.0482,20.0,0.9518
2026-09-25 20:35:11,1790361311019,eth,1790361000,Up,0.55,0.42,23.6,590,1.04,0.77,hedged,50.1,20.0,16.0573,20.0,3.9427
2026-09-25 20:36:01,1790361361085,btc,1790361000,Down,0.51,0.26,49.0,540,1.03,0.92,hedged,19.9,20.0,18.9944,20.0,1.0056
2026-09-25 20:36:06,1790361366054,eth,1790361000,Down,0.66,0.31,53.0,535,1.03,0.92,hedged,60.0,20.0,19.0406,20.0,0.9594
2026-09-25 20:37:26,1790361446051,eth,1790361000,Up,0.65,0.54,16.9,455,1.03,1.03,stopped,65.0,20.0,11.3465,6.8774,-4.4691
2026-09-25 20:39:01,1790361541080,btc,1790361000,Down,0.6,0.44,26.7,360,1.03,0.89,hedged,15.0,20.0,18.4915,20.0,1.5085
2026-09-25 20:39:16,1790361556046,eth,1790361000,Up,0.51,0.41,19.6,345,1.04,1.01,stopped,60.0,20.0,8.741,4.1598,-4.5813
2026-09-25 20:40:21,1790361621069,eth,1790361000,Up,0.28,0.23,17.9,280,1.03,1.03,stopped,65.0,20.0,5.0554,2.8215,-2.2339
2026-09-25 20:40:31,1790361631090,btc,1790361000,Up,0.3,0.24,20.0,270,1.03,0.96,stopped,64.9,20.0,5.2625,5.3178,0.0553
2026-09-25 20:41:46,1790361706105,eth,1790361000,Up,0.2,0.17,15.0,195,1.03,0.89,hedged,15.0,20.0,18.2949,20.0,1.7051
2026-09-25 20:42:36,1790361756040,eth,1790361000,Down,0.63,0.51,19.0,145,1.04,0.91,hedged,10.0,20.0,18.8825,20.0,1.1175
2026-09-25 20:42:01,1790361721075,btc,1790361000,Down,0.74,0.51,31.1,180,1.03,0.98,stopped,65.0,20.0,10.7494,8.6535,-2.0959
2026-09-25 20:43:11,1790361791058,eth,1790361000,Down,0.67,0.52,22.4,110,1.03,0.88,hedged,10.0,20.0,18.2672,20.0,1.7328
2026-09-25 20:43:26,1790361806076,eth,1790361000,Up,0.43,0.32,25.6,95,1.03,0.87,hedged,15.0,20.0,18.6527,20.0,1.3473
2026-09-25 20:43:11,1790361791057,btc,1790361000,Down,0.5,0.37,26.0,110,1.03,0.96,stopped,60.1,20.0,7.9298,2.8215,-5.1083
2026-09-25 20:44:16,1790361856113,eth,1790361000,Up,0.46,0.38,17.4,45,1.03,0.68,hedged,24.9,20.0,14.2213,20.0,5.7787
2026-09-25 20:44:16,1790361856112,btc,1790361000,Down,0.17,0.11,35.3,45,1.03,1.03,held_to_resolution,,20.0,2.5478,,
2026-09-25 20:44:51,1790361891082,eth,1790361000,Down,0.28,0.02,92.9,10,1.03,1.03,held_to_resolution,,20.0,0.6407,,
2026-09-25 20:45:16,1790361916053,btc,1790361900,Down,0.44,0.37,15.9,885,1.03,0.96,stopped,60.1,20.0,7.9298,7.4669,-0.4629
2026-09-25 20:45:11,1790361911091,eth,1790361900,Down,0.51,0.43,15.7,890,1.05,1.01,stopped,65.0,20.0,9.145,7.2702,-1.8748
2026-09-25 20:46:46,1790362006135,eth,1790361900,Down,0.4,0.29,27.5,795,1.03,0.9,hedged,30.0,20.0,18.63,20.0,1.37
2026-09-25 20:47:16,1790362036100,btc,1790361900,Up,0.6,0.47,21.7,765,1.03,1.02,stopped,65.0,20.0,9.9494,7.0737,-2.8758
2026-09-25 20:49:11,1790362151125,eth,1790361900,Down,0.45,0.36,20.0,650,1.03,0.91,hedged,56.5,20.0,18.8741,20.0,1.1259
2026-09-25 20:49:11,1790362151124,btc,1790361900,Down,0.58,0.48,17.2,650,1.03,0.93,stopped,65.0,20.0,10.1499,10.855,0.7052
2026-09-25 20:51:21,1790362281091,btc,1790361900,Down,0.58,0.49,15.5,520,1.03,0.9,hedged,20.0,20.0,18.686,20.0,1.314
2026-09-25 20:51:21,1790362281092,eth,1790361900,Down,0.43,0.35,18.6,520,1.04,0.88,hedged,20.0,20.0,18.272,20.0,1.728
2026-09-25 20:51:46,1790362306245,btc,1790361900,Up,0.39,0.33,15.4,495,1.03,1.0,stopped,65.2,20.0,7.1142,5.3178,-1.7964
2026-09-25 20:53:01,1790362381098,btc,1790361900,Down,0.71,0.54,23.9,420,1.03,0.98,stopped,60.0,20.0,11.3465,10.6535,-0.693
2026-09-25 20:53:01,1790362381099,eth,1790361900,Down,0.53,0.41,22.6,420,1.03,0.98,stopped,60.0,20.0,8.741,7.664,-1.077
2026-09-25 20:54:16,1790362456110,btc,1790361900,Up,0.4,0.34,15.0,345,1.03,0.85,hedged,45.0,20.0,17.6685,20.0,2.3315
2026-09-25 20:54:36,1790362476114,eth,1790361900,Up,0.48,0.4,16.7,325,1.03,0.82,hedged,25.0,20.0,17.0773,20.0,2.9227
2026-09-25 20:55:16,1790362516106,btc,1790361900,Down,0.44,0.35,20.5,285,1.03,0.89,hedged,45.0,20.0,18.4713,20.0,1.5287
2026-09-25 20:55:16,1790362516108,eth,1790361900,Down,0.37,0.25,32.4,285,1.03,0.86,hedged,45.0,20.0,17.8054,20.0,2.1946
2026-09-25 20:56:06,1790362566080,btc,1790361900,Up,0.77,0.55,28.6,235,1.03,1.01,stopped,60.0,20.0,11.545,8.059,-3.486
2026-09-25 20:56:06,1790362566081,eth,1790361900,Up,0.82,0.61,25.6,235,1.03,1.03,stopped,60.0,20.0,12.7298,8.059,-4.6709
2026-09-25 20:57:16,1790362636148,btc,1790361900,Up,0.39,0.29,25.6,165,1.03,0.83,hedged,45.0,20.0,17.2427,20.0,2.7573
2026-09-25 20:57:11,1790362631122,eth,1790361900,Up,0.44,0.34,22.7,170,1.03,0.79,hedged,50.0,20.0,16.4635,20.0,3.5365
2026-09-25 20:58:06,1790362686153,eth,1790361900,Down,0.43,0.24,44.2,115,1.03,0.92,hedged,10.0,20.0,18.972,20.0,1.028
2026-09-25 20:58:06,1790362686152,btc,1790361900,Down,0.52,0.36,30.8,115,1.03,0.92,hedged,20.0,20.0,19.0728,20.0,0.9272
2026-09-25 20:58:26,1790362706141,eth,1790361900,Up,0.66,0.56,15.2,95,1.03,0.88,hedged,25.0,20.0,18.2426,20.0,1.7574
2026-09-25 20:58:56,1790362736144,eth,1790361900,Up,0.51,0.39,23.5,65,1.05,0.82,hedged,5.0,20.0,17.077,20.0,2.923
2026-09-25 20:58:46,1790362726210,btc,1790361900,Up,0.52,0.44,15.4,75,1.03,0.95,stopped,64.9,20.0,9.3465,0.5593,-8.7872
2026-09-25 20:59:26,1790362766097,eth,1790361900,Up,0.61,0.38,37.7,35,1.03,1.03,held_to_resolution,,20.0,8.1331,,
2026-09-25 21:00:11,1790362811128,btc,1790362800,Down,0.5,0.42,16.0,890,1.03,0.9,hedged,35.0,20.0,18.6919,20.0,1.3081
2026-09-25 21:01:56,1790362916139,btc,1790362800,Down,0.56,0.47,16.1,785,1.03,0.92,hedged,20.0,20.0,19.0944,20.0,0.9056
2026-09-25 21:03:31,1790363011689,eth,1790362800,Up,0.31,0.26,16.1,690,1.03,0.97,stopped,64.5,20.0,5.6759,5.5117,-0.1642
2026-09-25 21:05:41,1790363141142,btc,1790362800,Down,0.61,0.49,19.7,560,1.03,1.02,stopped,60.0,20.0,10.35,8.6535,-1.6965
2026-09-25 21:05:41,1790363141144,eth,1790362800,Down,0.7,0.59,15.7,560,1.04,1.04,stopped,60.0,20.0,12.336,9.4501,-2.8859
2026-09-25 21:06:46,1790363206171,btc,1790362800,Down,0.47,0.39,17.0,495,1.03,0.96,stopped,60.0,20.0,8.336,4.9306,-3.4054
2026-09-25 21:07:21,1790363241133,eth,1790362800,Down,0.46,0.36,21.7,460,1.03,0.99,stopped,60.0,20.0,7.7263,7.2702,-0.4562
2026-09-25 21:09:06,1790363346142,eth,1790362800,Down,0.39,0.31,20.5,355,1.03,0.92,hedged,5.0,20.0,19.0406,20.0,0.9594
2026-09-25 21:09:16,1790363356246,eth,1790362800,Down,0.42,0.34,19.0,345,1.03,0.89,hedged,39.9,20.0,18.4663,20.0,1.5337
2026-09-25 21:10:01,1790363401183,btc,1790362800,Up,0.62,0.32,48.4,300,1.03,0.96,stopped,60.0,20.0,6.9095,7.0737,0.1641
2026-09-25 21:10:01,1790363401185,eth,1790362800,Up,0.53,0.24,54.7,300,1.03,0.95,stopped,65.0,20.0,5.2625,5.706,0.4435
2026-09-25 21:11:31,1790363491168,eth,1790362800,Down,0.61,0.45,26.2,210,1.04,0.82,hedged,20.0,20.0,17.0703,20.0,2.9297
2026-09-25 21:11:26,1790363486147,btc,1790362800,Down,0.58,0.43,25.9,215,1.03,1.03,stopped,60.0,20.0,9.145,5.3178,-3.8272
2026-09-25 21:11:56,1790363516151,eth,1790362800,Up,0.54,0.32,40.7,185,1.03,0.73,hedged,45.0,20.0,15.2455,20.0,4.7545
2026-09-25 21:12:46,1790363566168,eth,1790362800,Down,0.63,0.42,33.3,135,1.04,1.03,stopped,60.0,20.0,8.9431,0.1861,-8.757
2026-09-25 21:12:41,1790363561191,btc,1790362800,Down,0.3,0.16,46.7,140,1.03,1.02,stopped,70.0,20.0,3.5975,0.1861,-3.4114
2026-09-25 21:15:26,1790363726186,eth,1790363700,Up,0.51,0.43,15.7,875,1.03,1.03,stopped,65.0,20.0,9.145,7.2702,-1.8748
2026-09-25 21:16:46,1790363806204,btc,1790363700,Up,0.36,0.27,25.0,795,1.03,0.88,hedged,45.0,20.0,18.2182,20.0,1.7818
2026-09-25 21:16:46,1790363806206,eth,1790363700,Up,0.38,0.27,28.9,795,1.04,0.88,hedged,50.0,20.0,19.0048,20.0,0.9952
2026-09-25 21:17:36,1790363856187,btc,1790363700,Down,0.73,0.62,15.1,745,1.03,0.91,hedged,15.0,20.0,18.8086,20.0,1.1914
2026-09-25 21:17:51,1790363871192,eth,1790363700,Up,0.36,0.29,19.4,730,1.03,0.94,stopped,60.0,20.0,6.294,4.9306,-1.3634
2026-09-25 21:19:11,1790363951224,btc,1790363700,Up,0.3,0.21,30.0,650,1.03,0.98,stopped,65.0,20.0,4.6402,4.1598,-0.4805
2026-09-25 21:19:16,1790363956196,eth,1790363700,Up,0.29,0.23,20.7,645,1.04,1.01,stopped,60.0,20.0,5.0554,3.3934,-1.662
2026-09-25 21:21:26,1790364086216,eth,1790363700,Down,0.79,0.6,24.1,515,1.03,0.92,hedged,20.0,20.0,19.0325,20.0,0.9675
2026-09-25 21:21:26,1790364086214,btc,1790363700,Down,0.75,0.56,25.3,515,1.03,0.9,hedged,30.0,20.0,18.6527,20.0,1.3473
2026-09-25 21:21:51,1790364111214,eth,1790363700,Up,0.35,0.28,20.0,490,1.03,0.95,stopped,60.0,20.0,6.0883,4.5446,-1.5436
2026-09-25 21:22:21,1790364141214,btc,1790363700,Down,0.67,0.52,22.4,460,1.03,0.91,hedged,50.0,20.0,18.8786,20.0,1.1214
2026-09-25 21:23:31,1790364211224,btc,1790363700,Up,0.46,0.34,26.1,390,1.03,0.96,stopped,65.0,20.0,7.3185,5.3178,-2.0007
2026-09-25 21:23:31,1790364211226,eth,1790363700,Up,0.27,0.21,22.2,390,1.04,1.01,stopped,65.0,20.0,4.6402,2.4417,-2.1986
2026-09-25 21:24:41,1790364281205,btc,1790363700,Down,0.71,0.59,16.9,320,1.03,0.76,hedged,25.7,20.0,15.7242,20.0,4.2758
2026-09-25 21:24:56,1790364296212,eth,1790363700,Up,0.22,0.16,27.3,305,1.04,1.03,stopped,60.1,20.0,3.5975,0.3726,-3.225
2026-09-25 21:25:11,1790364311201,btc,1790363700,Up,0.32,0.18,43.8,290,1.03,0.99,stopped,60.1,20.0,4.0155,1.497,-2.5185
2026-09-25 21:26:16,1790364376238,btc,1790363700,Up,0.1,0.08,20.0,225,1.03,1.03,stopped,65.0,20.0,1.9147,0.9335,-0.9812
2026-09-25 21:26:26,1790364386219,eth,1790363700,Up,0.05,0.04,20.0,215,1.04,1.02,stopped,65.0,20.0,1.0665,0.3726,-0.6939
2026-09-25 21:27:36,1790364456222,btc,1790363700,Up,0.07,0.05,28.6,145,1.03,1.03,held_to_resolution,,20.0,1.279,,
2026-09-25 21:33:56,1790364836243,btc,1790364600,Down,0.45,0.38,15.6,665,1.03,0.96,stopped,60.0,20.0,8.1331,7.0737,-1.0594
2026-09-25 21:34:16,1790364856276,eth,1790364600,Up,0.49,0.4,18.4,645,1.04,1.0,stopped,65.0,20.0,8.5387,4.9306,-3.608
2026-09-25 21:36:56,1790365016289,btc,1790364600,Down,0.48,0.36,25.0,485,1.03,1.0,stopped,65.0,20.0,7.7263,3.776,-3.9503
2026-09-25 21:36:56,1790365016290,eth,1790364600,Down,0.71,0.54,23.9,485,1.03,1.03,stopped,65.0,20.0,11.3465,4.7375,-6.609
2026-09-25 21:38:11,1790365091339,btc,1790364600,Down,0.22,0.17,22.7,410,1.03,1.0,stopped,65.5,20.0,3.8066,3.0118,-0.7948
2026-09-25 21:38:11,1790365091341,eth,1790364600,Down,0.27,0.18,33.3,410,1.03,0.98,stopped,65.5,20.0,4.0155,3.776,-0.2395
2026-09-25 21:40:01,1790365201236,btc,1790364600,Up,0.83,0.48,42.2,300,1.04,1.0,stopped,60.1,20.0,10.1499,6.8774,-3.2724
2026-09-25 21:40:01,1790365201237,eth,1790364600,Up,0.84,0.34,59.5,300,1.03,0.93,stopped,60.1,20.0,7.3185,4.1598,-3.1587
2026-09-25 21:41:11,1790365271258,btc,1790364600,Up,0.42,0.21,50.0,230,1.03,0.89,hedged,15.0,20.0,18.3498,20.0,1.6502
2026-09-25 21:41:11,1790365271260,eth,1790364600,Up,0.25,0.16,36.0,230,1.04,0.92,stopped,60.3,20.0,3.5975,2.4417,-1.1559
2026-09-25 21:41:36,1790365296273,btc,1790364600,Up,0.35,0.27,22.9,205,1.03,0.98,stopped,65.3,20.0,5.8822,3.3934,-2.4889
2026-09-25 21:42:36,1790365356268,eth,1790364600,Up,0.16,0.13,18.8,145,1.04,1.03,stopped,60.0,20.0,2.9686,0.3726,-2.596
2026-09-25 21:42:46,1790365366293,btc,1790364600,Up,0.21,0.15,28.6,135,1.03,1.02,stopped,60.0,20.0,3.3882,0.9335,-2.4547
2026-09-25 21:43:51,1790365431328,btc,1790364600,Up,0.07,0.04,42.9,70,1.03,0.93,held_to_resolution,,20.0,1.0665,,
2026-09-25 21:43:41,1790365421280,eth,1790364600,Up,0.06,0.05,16.7,80,1.03,1.03,held_to_resolution,,20.0,1.279,,
2026-09-25 21:45:11,1790365511372,btc,1790365500,Down,0.51,0.39,23.5,890,1.03,1.03,stopped,64.9,20.0,8.336,5.706,-2.63
2026-09-25 21:45:11,1790365511373,eth,1790365500,Down,0.51,0.41,19.6,890,1.03,1.03,stopped,64.9,20.0,8.741,4.5446,-4.1964
2026-09-25 21:47:06,1790365626268,btc,1790365500,Down,0.28,0.23,17.9,775,1.03,0.94,stopped,60.0,20.0,5.0554,5.706,0.6506
2026-09-25 21:48:36,1790365716358,eth,1790365500,Down,0.23,0.16,30.4,685,1.03,0.98,stopped,64.9,20.0,3.5975,2.6314,-0.9661
2026-09-25 21:49:46,1790365786280,btc,1790365500,Down,0.45,0.38,15.6,615,1.03,0.94,stopped,64.3,20.0,8.1331,6.2905,-1.8426
2026-09-25 21:49:46,1790365786281,eth,1790365500,Down,0.2,0.16,20.0,615,1.04,1.0,stopped,64.3,20.0,3.5975,2.0629,-1.5346
2026-09-25 21:50:55,1790365855514,btc,1790365500,Down,0.38,0.3,21.1,545,1.03,0.98,stopped,60.0,20.0,6.4995,5.9005,-0.5989
2026-09-25 21:50:55,1790365855515,eth,1790365500,Down,0.13,0.1,23.1,545,1.03,0.97,stopped,60.0,20.0,2.3371,2.2522,-0.0849
2026-09-25 21:52:20,1790365940573,eth,1790365500,Down,0.19,0.16,15.8,460,1.03,0.91,hedged,60.0,20.0,18.86,20.0,1.14
2026-09-25 21:53:05,1790365985556,btc,1790365500,Up,0.68,0.56,17.6,415,1.03,0.88,hedged,35.0,20.0,18.2426,20.0,1.7574
2026-09-25 21:53:40,1790366020550,eth,1790365500,Down,0.24,0.17,29.2,380,1.03,1.0,stopped,60.0,20.0,3.8066,2.0629,-1.7437
2026-09-25 21:54:35,1790366075533,btc,1790365500,Down,0.32,0.26,18.8,325,1.03,0.99,stopped,60.0,20.0,5.6759,3.776,-1.8999
2026-09-25 21:55:55,1790366155553,btc,1790365500,Down,0.28,0.23,17.9,245,1.03,0.89,hedged,10.0,20.0,18.3739,20.0,1.6261
2026-09-25 21:55:35,1790366135558,eth,1790365500,Down,0.22,0.16,27.3,265,1.03,0.79,hedged,30.0,20.0,16.3274,20.0,3.6726
2026-09-25 21:56:10,1790366170556,eth,1790365500,Up,0.8,0.6,25.0,230,1.03,0.84,hedged,15.0,20.0,17.381,20.0,2.619
2026-09-25 21:56:25,1790366185573,btc,1790365500,Down,0.38,0.24,36.8,215,1.03,0.91,hedged,5.0,20.0,18.7767,20.0,1.2233
2026-09-25 21:56:30,1790366190559,eth,1790365500,Down,0.39,0.32,17.9,210,1.04,1.03,stopped,60.0,20.0,6.9095,1.6853,-5.2242
2026-09-25 21:56:40,1790366200552,btc,1790365500,Down,0.36,0.23,36.1,200,1.03,1.03,stopped,60.0,20.0,5.0554,0.3726,-4.6828
2026-09-25 21:57:45,1790366265538,eth,1790365500,Down,0.11,0.09,18.2,135,1.03,0.89,hedged,50.0,20.0,18.1583,20.0,1.8417
2026-09-25 21:57:45,1790366265536,btc,1790365500,Down,0.06,0.04,33.3,135,1.03,1.03,held_to_resolution,,20.0,1.0665,,
2026-09-25 21:58:40,1790366320580,eth,1790365500,Down,0.23,0.17,26.1,80,1.03,1.03,held_to_resolution,,20.0,3.8066,,
2026-09-25 22:00:15,1790366415577,eth,1790366400,Down,0.48,0.4,16.7,885,1.03,0.84,hedged,40.0,20.0,17.4818,20.0,2.5182
2026-09-25 22:00:30,1790366430554,btc,1790366400,Up,0.55,0.46,16.4,870,1.03,1.03,stopped,60.0,20.0,9.7487,6.8774,-2.8713
2026-09-25 22:01:00,1790366460555,eth,1790366400,Up,0.55,0.46,16.4,840,1.03,0.92,hedged,35.0,20.0,19.0952,20.0,0.9048
2026-09-25 22:01:55,1790366515537,eth,1790366400,Up,0.54,0.45,16.7,785,1.03,0.91,hedged,25.0,20.0,18.8943,20.0,1.1057
2026-09-25 22:01:55,1790366515536,btc,1790366400,Up,0.43,0.35,18.6,785,1.03,0.96,stopped,60.1,20.0,7.5226,6.2905,-1.2321
2026-09-25 22:03:55,1790366635597,btc,1790366400,Up,0.26,0.22,15.4,665,1.03,0.91,hedged,10.0,20.0,18.7526,20.0,1.2474
2026-09-25 22:03:30,1790366610568,eth,1790366400,Up,0.39,0.31,20.5,690,1.03,0.85,hedged,35.0,20.0,17.6534,20.0,2.3466
2026-09-25 22:04:20,1790366660563,btc,1790366400,Up,0.33,0.21,36.4,640,1.03,1.03,stopped,60.0,20.0,4.6402,2.8215,-1.8187
2026-09-25 22:04:20,1790366660564,eth,1790366400,Up,0.46,0.29,37.0,640,1.04,1.04,stopped,60.0,20.0,6.294,3.2025,-3.0915
2026-09-25 22:05:45,1790366745594,eth,1790366400,Up,0.24,0.2,16.7,555,1.03,1.01,stopped,60.0,20.0,4.4323,3.3934,-1.0389
2026-09-25 22:06:05,1790366765567,btc,1790366400,Up,0.17,0.13,23.5,535,1.03,1.0,stopped,60.0,20.0,2.9686,2.0629,-0.9056
2026-09-25 22:07:35,1790366855703,eth,1790366400,Up,0.13,0.1,23.1,445,1.03,0.96,stopped,64.9,20.0,2.3371,1.6853,-0.6517
2026-09-25 22:08:55,1790366935628,btc,1790366400,Up,0.12,0.1,16.7,365,1.03,0.99,stopped,65.0,20.0,2.3371,2.2522,-0.0849
2026-09-25 22:09:00,1790366940615,eth,1790366400,Up,0.1,0.08,20.0,360,1.03,0.85,stopped,60.0,20.0,1.9147,4.5446,2.63
2026-09-25 22:10:20,1790367020612,eth,1790366400,Up,0.24,0.19,20.8,280,1.03,1.03,stopped,60.0,20.0,4.224,0.7462,-3.4778
2026-09-25 22:10:30,1790367030634,btc,1790366400,Up,0.13,0.08,38.5,270,1.03,1.03,stopped,60.0,20.0,1.9147,0.5593,-1.3554
2026-09-25 22:11:35,1790367095622,btc,1790366400,Up,0.05,0.04,20.0,205,1.03,1.03,stopped,65.0,20.0,1.0665,0.1861,-0.8804
2026-09-25 22:12:00,1790367120613,eth,1790366400,Up,0.06,0.05,16.7,180,1.03,1.03,stopped,65.5,20.0,1.279,0.1861,-1.0928
2026-09-25 22:17:30,1790367450612,btc,1790367300,Down,0.43,0.36,16.3,750,1.03,0.98,stopped,60.0,20.0,7.7263,5.1241,-2.6023
2026-09-25 22:17:30,1790367450614,eth,1790367300,Down,0.42,0.32,23.8,750,1.03,0.92,stopped,60.0,20.0,6.9095,5.3178,-1.5918
2026-09-25 22:19:10,1790367550625,btc,1790367300,Down,0.34,0.27,20.6,650,1.03,0.95,stopped,60.5,20.0,5.8822,6.2905,0.4082
2026-09-25 22:19:10,1790367550626,eth,1790367300,Down,0.32,0.25,21.9,650,1.03,0.97,stopped,60.9,20.0,5.4694,4.9306,-0.5387
2026-09-25 22:21:05,1790367665677,eth,1790367300,Down,0.27,0.22,18.5,535,1.03,0.92,hedged,20.0,20.0,18.9474,20.0,1.0526
2026-09-25 22:22:10,1790367730731,eth,1790367300,Down,0.43,0.35,18.6,470,1.03,0.93,stopped,64.9,20.0,7.5226,2.6314,-4.8911
2026-09-25 22:22:30,1790367750687,btc,1790367300,Down,0.35,0.27,22.9,450,1.03,1.03,stopped,65.0,20.0,5.8822,2.8215,-3.0607
2026-09-25 22:23:45,1790367825657,btc,1790367300,Down,0.17,0.13,23.5,375,1.03,1.03,stopped,60.1,20.0,2.9686,0.1861,-2.7824
2026-09-25 22:23:45,1790367825658,eth,1790367300,Down,0.16,0.13,18.8,375,1.03,1.02,stopped,60.1,20.0,2.9686,0.1861,-2.7824
2026-09-25 22:30:25,1790368225713,btc,1790368200,Up,0.49,0.41,16.3,875,1.03,0.98,stopped,65.0,20.0,8.741,8.2569,-0.4842
2026-09-25 22:31:35,1790368295673,eth,1790368200,Up,0.49,0.41,16.3,805,1.03,0.94,stopped,65.1,20.0,8.741,7.4669,-1.2741
2026-09-25 22:34:45,1790368485796,eth,1790368200,Down,0.46,0.39,15.2,615,1.03,0.82,hedged,54.9,20.0,17.077,20.0,2.923
2026-09-25 22:35:45,1790368545788,eth,1790368200,Up,0.41,0.34,17.1,555,1.03,0.93,stopped,64.9,20.0,7.3185,7.0737,-0.2448
2026-09-25 22:37:20,1790368640712,eth,1790368200,Up,0.37,0.31,16.2,460,1.03,0.95,stopped,65.0,20.0,6.7046,2.6314,-4.0732
2026-09-25 22:38:05,1790368685701,btc,1790368200,Up,0.59,0.37,37.3,415,1.03,0.81,hedged,30.0,20.0,16.873,20.0,3.127
2026-09-25 22:38:45,1790368725709,btc,1790368200,Down,0.42,0.35,16.7,375,1.03,1.03,stopped,60.0,20.0,7.5226,2.0629,-5.4596
2026-09-25 22:38:50,1790368730714,eth,1790368200,Down,0.71,0.54,23.9,370,1.04,1.04,stopped,65.0,20.0,11.3465,7.664,-3.6825
2026-09-25 22:40:05,1790368805721,eth,1790368200,Down,0.44,0.27,38.6,295,1.03,0.74,hedged,40.0,20.0,15.43,20.0,4.57
2026-09-25 22:39:55,1790368795694,btc,1790368200,Down,0.13,0.11,15.4,305,1.03,1.02,stopped,65.0,20.0,2.5478,1.6853,-0.8625
2026-09-25 22:41:15,1790368875722,btc,1790368200,Down,0.12,0.09,25.0,225,1.03,0.84,hedged,10.0,20.0,17.1954,20.0,2.8046
2026-09-25 22:40:50,1790368850689,eth,1790368200,Up,0.45,0.35,22.2,250,1.03,1.0,stopped,60.0,20.0,7.5226,1.121,-6.4015
2026-09-25 22:41:30,1790368890686,btc,1790368200,Up,0.92,0.65,29.3,210,1.03,0.91,hedged,50.0,20.0,18.7767,20.0,1.2233
2026-09-25 22:42:15,1790368935729,eth,1790368200,Up,0.08,0.06,25.0,165,1.03,1.02,stopped,65.0,20.0,1.4911,0.9335,-0.5576
2026-09-25 22:42:40,1790368960775,btc,1790368200,Down,0.42,0.22,47.6,140,1.03,1.03,held_to_resolution,,20.0,4.8479,,
2026-09-25 22:43:50,1790369030684,eth,1790368200,Up,0.129,0.079,38.8,70,1.039,1.039,held_to_resolution,,20.0,1.8935,,
2026-09-25 22:45:35,1790369135759,eth,1790369100,Up,0.51,0.42,17.6,865,1.03,0.99,stopped,65.0,20.0,8.9431,8.059,-0.8842
2026-09-25 22:47:05,1790369225709,btc,1790369100,Up,0.4,0.34,15.0,775,1.03,1.03,stopped,60.0,20.0,7.3185,5.706,-1.6125
2026-09-25 22:49:25,1790369365741,btc,1790369100,Up,0.32,0.27,15.6,635,1.03,1.03,stopped,60.0,20.0,5.8822,0.9335,-4.9487
2026-09-25 22:50:11,1790369411640,eth,1790369100,Up,0.22,0.15,31.8,590,1.05,1.05,stopped,64.1,20.0,3.3882,1.497,-1.8912
2026-09-25 22:50:40,1790369440763,btc,1790369100,Up,0.06,0.05,16.7,560,1.03,1.02,stopped,60.1,20.0,1.279,0.1861,-1.0928
2026-09-25 22:52:45,1790369565749,eth,1790369100,Up,0.15,0.12,20.0,435,1.03,0.98,stopped,60.0,20.0,2.7583,1.6853,-1.073
2026-09-25 22:52:50,1790369570820,btc,1790369100,Up,0.07,0.05,28.6,430,1.03,0.99,stopped,64.9,20.0,1.279,0.3726,-0.9064
2026-09-25 22:53:50,1790369630731,eth,1790369100,Up,0.13,0.11,15.4,370,1.03,1.03,stopped,60.0,20.0,2.5478,0.1861,-2.3617
2026-09-25 23:00:16,1790370016205,eth,1790370000,Down,0.53,0.44,17.0,885,1.03,0.96,stopped,65.0,20.0,9.3465,7.2702,-2.0763
2026-09-25 23:00:35,1790370035760,btc,1790370000,Down,0.51,0.43,15.7,865,1.03,1.03,stopped,60.0,20.0,9.145,6.8774,-2.2675
2026-09-25 23:01:50,1790370110796,eth,1790370000,Down,0.49,0.41,16.3,790,1.03,0.84,hedged,15.0,20.0,17.4821,20.0,2.5179
2026-09-25 23:01:40,1790370100844,btc,1790370000,Up,0.63,0.52,17.5,800,1.03,0.94,stopped,60.0,20.0,10.9487,10.0506,-0.8982
2026-09-25 23:03:45,1790370225769,btc,1790370000,Up,0.48,0.4,16.7,675,1.03,1.03,stopped,60.1,20.0,8.5387,5.9005,-2.6381
2026-09-25 23:04:00,1790370240761,eth,1790370000,Up,0.41,0.34,17.1,660,1.04,0.99,stopped,60.1,20.0,7.3185,5.5117,-1.8068
2026-09-25 23:05:20,1790370320778,btc,1790370000,Up,0.3,0.22,26.7,580,1.03,1.03,stopped,60.4,20.0,4.8479,1.6853,-3.1626
2026-09-25 23:05:20,1790370320780,eth,1790370000,Up,0.3,0.21,30.0,580,1.04,1.03,stopped,60.4,20.0,4.6402,1.874,-2.7662
2026-09-25 23:06:25,1790370385814,btc,1790370000,Up,0.11,0.09,18.2,515,1.03,1.03,stopped,65.0,20.0,2.126,0.3726,-1.7534
2026-09-25 23:06:25,1790370385816,eth,1790370000,Up,0.12,0.09,25.0,515,1.03,1.02,stopped,65.0,20.0,2.126,0.7462,-1.3798
2026-09-25 23:07:35,1790370455810,btc,1790370000,Up,0.06,0.04,33.3,445,1.03,1.03,stopped,60.0,20.0,1.0665,0.1861,-0.8804
2026-09-25 23:07:35,1790370455811,eth,1790370000,Up,0.09,0.06,33.3,445,1.04,1.04,stopped,60.0,20.0,1.4911,0.5593,-0.9319
2026-09-25 23:08:50,1790370530795,eth,1790370000,Up,0.06,0.05,16.7,370,1.03,1.01,stopped,60.0,20.0,1.279,0.3726,-0.9064
2026-09-25 23:15:55,1790370955853,eth,1790370900,Up,0.57,0.48,15.8,845,1.04,1.04,stopped,65.0,20.0,10.1499,7.0737,-3.0762
2026-09-25 23:17:20,1790371040840,btc,1790370900,Up,0.38,0.29,23.7,760,1.03,0.94,stopped,60.0,20.0,6.294,6.0954,-0.1986
2026-09-25 23:17:20,1790371040841,eth,1790370900,Up,0.44,0.36,18.2,760,1.04,0.91,stopped,60.0,20.0,7.7263,6.4858,-1.2405
2026-09-25 23:18:35,1790371115838,btc,1790370900,Up,0.33,0.28,15.2,685,1.03,1.0,stopped,60.1,20.0,6.0883,4.1598,-1.9285
2026-09-25 23:19:55,1790371195828,btc,1790370900,Up,0.3,0.25,16.7,605,1.03,0.95,stopped,60.0,20.0,5.4694,5.9005,0.4312
2026-09-25 23:19:55,1790371195829,eth,1790370900,Up,0.37,0.3,18.9,605,1.04,0.96,stopped,60.0,20.0,6.4995,6.4858,-0.0136
2026-09-25 23:22:20,1790371340868,btc,1790370900,Up,0.52,0.44,15.4,460,1.03,1.03,stopped,65.0,20.0,9.3465,5.9005,-3.446
2026-09-25 23:22:45,1790371365850,eth,1790370900,Up,0.38,0.3,21.1,435,1.03,0.97,stopped,65.0,20.0,6.4995,6.4858,-0.0136
2026-09-25 23:23:50,1790371430835,btc,1790370900,Down,0.66,0.46,30.3,370,1.03,1.03,stopped,60.0,20.0,9.7487,6.0954,-3.6534
2026-09-25 23:25:05,1790371505840,btc,1790370900,Up,0.68,0.56,17.6,295,1.03,0.95,stopped,60.0,20.0,11.7431,11.8669,0.1238
2026-09-25 23:25:05,1790371505842,eth,1790370900,Up,0.43,0.31,27.9,295,1.05,0.96,stopped,60.0,20.0,6.7046,5.706,-0.9986
2026-09-25 23:26:10,1790371570874,eth,1790370900,Down,0.74,0.44,40.5,230,1.03,0.85,hedged,10.5,20.0,17.6825,20.0,2.3175
2026-09-25 23:26:10,1790371570872,btc,1790370900,Down,0.39,0.22,43.6,230,1.03,0.99,stopped,60.0,20.0,4.8479,3.0118,-1.8361
2026-09-25 23:26:25,1790371585855,eth,1790370900,Up,0.59,0.39,33.9,215,1.04,0.97,stopped,60.0,20.0,8.336,6.6815,-1.6545
2026-09-25 23:27:15,1790371635872,btc,1790370900,Down,0.18,0.13,27.8,165,1.03,1.03,stopped,60.0,20.0,2.9686,0.1861,-2.7824
2026-09-25 23:27:30,1790371650839,eth,1790370900,Down,0.63,0.51,19.0,150,1.04,1.04,stopped,60.0,20.0,10.7494,0.5593,-10.1902
2026-09-25 23:28:40,1790371720930,eth,1790370900,Down,0.06,0.05,16.7,80,1.04,1.03,held_to_resolution,,20.0,1.279,,
2026-09-25 23:31:10,1790371870910,eth,1790371800,Down,0.44,0.37,15.9,830,1.03,0.96,stopped,65.0,20.0,7.9298,8.059,0.1291
2026-09-25 23:34:20,1790372060900,btc,1790371800,Up,0.55,0.44,20.0,640,1.03,0.92,hedged,5.0,20.0,19.0952,20.0,0.9048
2026-09-25 23:34:35,1790372075876,btc,1790371800,Down,0.46,0.37,19.6,625,1.03,0.92,hedged,30.0,20.0,19.0776,20.0,0.9224
2026-09-25 23:34:20,1790372060902,eth,1790371800,Up,0.41,0.28,31.7,640,1.05,0.92,hedged,55.4,20.0,19.0146,20.0,0.9854
2026-09-25 23:35:15,1790372115883,btc,1790371800,Down,0.48,0.3,37.5,585,1.03,1.03,stopped,60.0,20.0,6.4995,3.9677,-2.5317
2026-09-25 23:36:55,1790372215902,btc,1790371800,Up,0.8,0.41,48.8,485,1.03,0.84,hedged,35.0,20.0,17.4821,20.0,2.5179
2026-09-25 23:36:55,1790372215904,eth,1790371800,Up,0.49,0.28,42.9,485,1.03,0.96,stopped,65.0,20.0,6.0883,2.4417,-3.6466
2026-09-25 23:37:35,1790372255945,btc,1790371800,Up,0.6,0.42,30.0,445,1.03,1.03,stopped,65.0,20.0,8.9431,7.0737,-1.8695
2026-09-25 23:38:10,1790372290894,eth,1790371800,Up,0.16,0.13,18.8,410,1.04,0.92,hedged,50.0,20.0,18.8088,20.0,1.1912
2026-09-25 23:38:55,1790372335938,btc,1790371800,Down,0.65,0.52,20.0,365,1.03,1.03,stopped,65.0,20.0,10.9487,4.7375,-6.2112
2026-09-25 23:40:00,1790372400918,eth,1790371800,Down,0.68,0.55,19.1,300,1.03,0.95,stopped,60.0,20.0,11.545,5.9005,-5.6444
2026-09-25 23:40:05,1790372405930,btc,1790371800,Down,0.27,0.2,25.9,295,1.03,0.94,stopped,60.0,20.0,4.4323,2.0629,-2.3693
2026-09-25 23:41:45,1790372505957,btc,1790371800,Down,0.13,0.09,30.8,195,1.03,1.03,stopped,65.0,20.0,2.126,0.1861,-1.9399
2026-09-25 23:41:50,1790372510923,eth,1790371800,Down,0.53,0.35,34.0,190,1.04,1.04,stopped,60.0,20.0,7.5226,2.2522,-5.2704
2026-09-25 23:42:55,1790372575917,eth,1790371800,Down,0.16,0.11,31.2,125,1.03,1.03,held_to_resolution,,20.0,2.5478,,
2026-09-25 23:45:20,1790372720930,eth,1790372700,Up,0.52,0.42,19.2,880,1.04,1.0,stopped,60.5,20.0,8.9431,8.059,-0.8842
2026-09-25 23:46:25,1790372785944,btc,1790372700,Down,0.45,0.36,20.0,815,1.03,0.92,hedged,60.0,20.0,19.0728,20.0,0.9272
2026-09-25 23:47:35,1790372855934,eth,1790372700,Up,0.43,0.35,18.6,745,1.03,0.98,stopped,60.0,20.0,7.5226,6.4858,-1.0367
2026-09-25 23:49:25,1790372965961,eth,1790372700,Down,0.53,0.45,15.1,635,1.03,0.9,hedged,25.0,20.0,18.6927,20.0,1.3073
2026-09-25 23:49:05,1790372945965,btc,1790372700,Down,0.39,0.29,25.6,655,1.03,1.03,stopped,65.0,20.0,6.294,3.5845,-2.7095
2026-09-25 23:52:45,1790373165977,eth,1790372700,Down,0.32,0.26,18.8,435,1.05,0.76,hedged,20.0,20.0,17.8146,20.0,2.1854
2026-09-25 23:53:15,1790373195974,eth,1790372700,Up,0.58,0.47,19.0,405,1.03,1.02,stopped,65.0,20.0,9.9494,5.706,-4.2434
2026-09-25 23:55:05,1790373305954,eth,1790372700,Up,0.32,0.19,40.6,295,1.03,0.9,hedged,40.0,20.0,18.518,20.0,1.482
2026-09-25 23:55:25,1790373325953,btc,1790372700,Down,0.23,0.19,17.4,275,1.03,1.03,stopped,60.0,20.0,4.224,1.874,-2.35
2026-09-25 23:57:20,1790373440977,eth,1790372700,Up,0.17,0.12,29.4,160,1.03,0.94,stopped,60.0,20.0,2.7583,1.874,-0.8843
2026-09-25 23:57:50,1790373470972,btc,1790372700,Down,0.15,0.11,26.7,130,1.03,1.03,stopped,60.0,20.0,2.5478,0.1861,-2.3617
2026-09-25 23:59:00,1790373540967,btc,1790372700,Up,0.99,0.34,65.7,60,1.04,1.04,held_to_resolution,,20.0,7.3185,,
2026-09-25 23:59:00,1790373540969,eth,1790372700,Up,0.12,0.06,50.0,60,1.03,1.03,held_to_resolution,,20.0,1.4911,,
2026-09-26 00:00:11,1790373611026,eth,1790373600,Down,0.49,0.37,24.5,890,1.03,0.92,hedged,20.3,20.0,19.0776,20.0,0.9224
2026-09-26 00:01:06,1790373666050,eth,1790373600,Up,0.53,0.42,20.8,835,1.03,0.89,hedged,45.0,20.0,18.4909,20.0,1.5091
2026-09-26 00:02:45,1790373765980,eth,1790373600,Down,0.38,0.31,18.4,735,1.03,1.03,stopped,60.0,20.0,6.7046,3.9677,-2.7369
2026-09-26 00:03:36,1790373816037,btc,1790373600,Down,0.32,0.24,25.0,685,1.03,1.0,stopped,64.9,20.0,5.2625,2.6314,-2.6311
2026-09-26 00:04:01,1790373841005,eth,1790373600,Down,0.24,0.2,16.7,660,1.03,1.0,stopped,60.0,20.0,4.4323,3.2025,-1.2298
2026-09-26 00:05:05,1790373905973,btc,1790373600,Down,0.15,0.1,33.3,595,1.03,1.0,stopped,60.0,20.0,2.3371,1.121,-1.216
2026-09-26 00:05:05,1790373905974,eth,1790373600,Down,0.2,0.13,35.0,595,1.04,1.02,stopped,60.0,20.0,2.9686,1.3089,-1.6597
2026-09-26 00:08:11,1790374091020,eth,1790373600,Down,0.1,0.08,20.0,410,1.03,1.03,stopped,60.1,20.0,1.9147,0.3726,-1.5421
2026-09-26 00:08:56,1790374136009,btc,1790373600,Down,0.05,0.04,20.0,365,1.03,1.03,stopped,60.0,20.0,1.0665,0.1861,-0.8804
2026-09-26 00:09:16,1790374156060,eth,1790373600,Down,0.06,0.04,33.3,345,1.03,1.03,stopped,60.4,20.0,1.0665,0.1861,-0.8804
2026-09-26 00:16:36,1790374596040,btc,1790374500,Down,0.43,0.36,16.3,805,1.03,0.98,stopped,60.0,20.0,7.7263,6.6815,-1.0448
2026-09-26 00:16:36,1790374596041,eth,1790374500,Down,0.42,0.35,16.7,805,1.03,1.0,stopped,60.0,20.0,7.5226,5.5117,-2.0108
2026-09-26 00:18:06,1790374686039,eth,1790374500,Up,0.69,0.58,15.9,715,1.03,0.92,hedged,25.0,20.0,19.0482,20.0,0.9518
2026-09-26 00:19:31,1790374771049,eth,1790374500,Down,0.31,0.26,16.1,630,1.04,1.02,stopped,60.0,20.0,5.6759,4.7375,-0.9384
2026-09-26 00:20:31,1790374831087,btc,1790374500,Up,0.72,0.6,16.7,570,1.03,1.0,stopped,65.0,20.0,12.5331,10.0506,-2.4825
2026-09-26 00:21:26,1790374886047,eth,1790374500,Down,0.28,0.22,21.4,515,1.04,1.03,stopped,60.0,20.0,4.8479,1.497,-3.351
2026-09-26 00:22:41,1790374961054,eth,1790374500,Down,0.1,0.08,20.0,440,1.03,1.03,stopped,60.0,20.0,1.9147,1.121,-0.7936
2026-09-26 00:23:56,1790375036063,btc,1790374500,Down,0.26,0.22,15.4,365,1.03,0.95,stopped,60.0,20.0,4.8479,2.2522,-2.5958
2026-09-26 00:24:06,1790375046061,eth,1790374500,Down,0.08,0.06,25.0,355,1.03,1.02,stopped,60.0,20.0,1.4911,0.5593,-0.9319
2026-09-26 00:25:11,1790375111063,btc,1790374500,Down,0.15,0.12,20.0,290,1.03,1.03,stopped,60.0,20.0,2.7583,1.121,-1.6373
2026-09-26 00:25:11,1790375111065,eth,1790374500,Down,0.05,0.04,20.0,290,1.03,1.03,stopped,60.0,20.0,1.0665,0.1861,-0.8804
2026-09-26 00:27:16,1790375236090,btc,1790374500,Down,0.13,0.11,15.4,165,1.03,0.42,hedged,55.0,20.0,8.8418,20.0,11.1582
2026-09-26 00:28:36,1790375316076,btc,1790374500,Up,0.34,0.27,20.6,85,1.03,1.03,held_to_resolution,,20.0,5.8822,,
2026-09-26 00:31:51,1790375511089,eth,1790375400,Down,0.4,0.33,17.5,790,1.04,1.04,stopped,60.0,20.0,7.1142,3.776,-3.3382
2026-09-26 00:32:01,1790375521074,btc,1790375400,Down,0.35,0.21,40.0,780,1.03,1.03,stopped,60.0,20.0,4.6402,3.0118,-1.6284
2026-09-26 00:34:06,1790375646602,btc,1790375400,Down,0.15,0.12,20.0,655,1.03,1.02,stopped,64.6,20.0,2.7583,1.121,-1.6373
2026-09-26 00:34:21,1790375661107,eth,1790375400,Down,0.1,0.06,40.0,640,1.03,1.03,stopped,65.5,20.0,1.4911,0.3726,-1.1186
2026-09-26 00:35:51,1790375751103,btc,1790375400,Down,0.06,0.05,16.7,550,1.03,1.02,stopped,65.1,20.0,1.279,0.7462,-0.5327
2026-09-26 00:37:01,1790375821100,btc,1790375400,Down,0.06,0.05,16.7,480,1.03,1.03,stopped,60.0,20.0,1.279,0.3726,-0.9064
2026-09-26 00:38:06,1790375886104,btc,1790375400,Down,0.05,0.04,20.0,415,1.03,1.025,stopped,60.0,20.0,1.0665,0.1861,-0.8804
2026-09-26 00:47:11,1790376431143,eth,1790376300,Up,0.57,0.46,19.3,770,1.03,0.99,stopped,60.0,20.0,9.7487,9.2506,-0.4982
2026-09-26 00:48:51,1790376531149,btc,1790376300,Up,0.55,0.41,25.5,670,1.03,0.99,stopped,65.0,20.0,8.741,6.2905,-2.4506
2026-09-26 00:52:36,1790376756152,btc,1790376300,Down,0.55,0.39,29.1,445,1.03,1.03,stopped,60.0,20.0,8.336,4.3521,-3.9839
2026-09-26 00:52:36,1790376756153,eth,1790376300,Down,0.58,0.42,27.6,445,1.03,1.01,stopped,60.0,20.0,8.9431,3.9677,-4.9754
2026-09-26 00:53:51,1790376831216,eth,1790376300,Up,0.76,0.59,22.4,370,1.05,0.95,stopped,60.0,20.0,12.336,12.0702,-0.2658
2026-09-26 00:54:06,1790376846184,btc,1790376300,Down,0.31,0.25,19.4,355,1.03,1.03,stopped,60.0,20.0,5.4694,1.6853,-3.784
2026-09-26 00:55:06,1790376906187,eth,1790376300,Down,0.35,0.25,28.6,295,1.04,1.04,stopped,60.0,20.0,5.4694,3.5845,-1.8848
2026-09-26 00:55:31,1790376931190,btc,1790376300,Down,0.11,0.09,18.2,270,1.03,0.96,stopped,65.0,20.0,2.126,1.3089,-0.8171
2026-09-26 00:56:41,1790377001180,eth,1790376300,Down,0.18,0.15,16.7,200,1.04,0.9,stopped,65.0,20.0,3.3882,1.874,-1.5142
2026-09-26 00:56:51,1790377011190,btc,1790376300,Down,0.09,0.07,22.2,190,1.03,0.97,stopped,60.0,20.0,1.703,1.121,-0.582
2026-09-26 00:58:06,1790377086185,btc,1790376300,Down,0.08,0.06,25.0,115,1.03,0.54,hedged,40.0,20.0,11.2399,20.0,8.7601
2026-09-26 00:58:21,1790377101188,eth,1790376300,Down,0.23,0.13,43.5,100,1.03,0.79,hedged,25.0,20.0,16.2871,20.0,3.7129
2026-09-26 00:58:51,1790377131204,eth,1790376300,Down,0.4,0.34,15.0,70,1.03,0.43,hedged,20.0,20.0,9.0215,20.0,10.9785
2026-09-26 00:59:01,1790377141200,btc,1790376300,Up,0.43,0.33,23.3,60,1.04,0.71,hedged,20.0,20.0,14.8405,20.0,5.1595
2026-09-26 00:59:26,1790377166222,btc,1790376300,Up,0.67,0.4,40.3,35,1.03,0.48,hedged,10.0,20.0,10.0298,20.0,9.9702
2026-09-26 00:59:41,1790377181206,btc,1790376300,Down,0.29,0.09,69.0,20,1.03,1.03,held_to_resolution,,20.0,2.126,,
2026-09-26 01:03:11,1790377391233,eth,1790377200,Down,0.48,0.39,18.7,710,1.03,1.03,stopped,65.0,20.0,8.336,6.2905,-2.0455
2026-09-26 01:04:56,1790377496227,eth,1790377200,Up,0.66,0.52,21.2,605,1.03,0.92,hedged,10.0,20.0,19.0818,20.0,0.9182
2026-09-26 01:05:11,1790377511213,eth,1790377200,Down,0.47,0.39,17.0,590,1.03,1.0,stopped,65.0,20.0,8.336,5.1241,-3.2119
2026-09-26 01:07:11,1790377631284,btc,1790377200,Down,0.4,0.34,15.0,470,1.03,1.02,stopped,65.0,20.0,7.3185,5.1241,-2.1944
2026-09-26 01:07:11,1790377631286,eth,1790377200,Down,0.43,0.36,16.3,470,1.04,0.94,stopped,65.0,20.0,7.7263,6.8774,-0.8489
2026-09-26 01:08:21,1790377701224,btc,1790377200,Down,0.35,0.29,17.1,400,1.03,0.98,stopped,60.0,20.0,6.294,5.9005,-0.3935
2026-09-26 01:08:21,1790377701226,eth,1790377200,Down,0.47,0.35,25.5,400,1.04,1.03,stopped,60.0,20.0,7.5226,4.9306,-2.5919
2026-09-26 01:10:11,1790377811270,btc,1790377200,Down,0.42,0.3,28.6,290,1.03,0.89,hedged,20.0,20.0,18.4405,20.0,1.5595
2026-09-26 01:09:46,1790377786251,eth,1790377200,Down,0.31,0.26,16.1,315,1.04,1.01,stopped,65.0,20.0,5.6759,1.874,-3.8019
2026-09-26 01:10:36,1790377836245,btc,1790377200,Up,0.7,0.55,21.4,265,1.03,0.92,hedged,20.0,20.0,19.0675,20.0,0.9325
2026-09-26 01:10:56,1790377856233,eth,1790377200,Down,0.12,0.09,25.0,245,1.03,1.03,stopped,65.0,20.0,2.126,0.3726,-1.7534
2026-09-26 01:11:41,1790377901243,btc,1790377200,Down,0.35,0.27,22.9,200,1.03,0.96,stopped,60.0,20.0,5.8822,5.5117,-0.3705
2026-09-26 01:12:56,1790377976219,btc,1790377200,Up,0.69,0.48,30.4,125,1.03,0.92,hedged,15.1,20.0,19.093,20.0,0.907
2026-09-26 01:13:16,1790377996254,btc,1790377200,Up,0.57,0.44,22.8,105,1.03,0.98,stopped,60.0,20.0,9.3465,9.0513,-0.2952
2026-09-26 01:14:26,1790378066232,btc,1790377200,Up,0.51,0.09,82.4,35,1.03,1.03,held_to_resolution,,20.0,2.126,,
2026-09-26 01:18:06,1790378286316,eth,1790378100,Up,0.42,0.34,19.0,715,1.04,0.93,stopped,65.0,20.0,7.3185,7.4669,0.1484
2026-09-26 01:20:26,1790378426286,eth,1790378100,Up,0.38,0.3,21.1,575,1.03,0.96,stopped,60.0,20.0,6.4995,6.0954,-0.4041
2026-09-26 01:23:06,1790378586309,eth,1790378100,Up,0.38,0.26,31.6,415,1.03,0.92,hedged,30.0,20.0,18.9944,20.0,1.0056
2026-09-26 01:22:46,1790378566284,btc,1790378100,Up,0.67,0.54,19.4,435,1.03,0.94,stopped,65.0,20.0,11.3465,11.664,0.3175
2026-09-26 01:24:06,1790378646294,btc,1790378100,Up,0.6,0.41,31.7,355,1.03,1.03,stopped,60.0,20.0,8.741,2.8215,-5.9195
2026-09-26 01:24:06,1790378646295,eth,1790378100,Up,0.38,0.22,42.1,355,1.03,1.0,stopped,60.0,20.0,4.8479,1.874,-2.9739
2026-09-26 01:25:21,1790378721296,eth,1790378100,Up,0.12,0.1,16.7,280,1.03,1.02,stopped,60.5,20.0,2.3371,0.5593,-1.7778
2026-09-26 01:26:31,1790378791306,btc,1790378100,Down,0.74,0.54,27.0,210,1.03,0.99,stopped,65.0,20.0,11.3465,7.8613,-3.4852
2026-09-26 01:26:51,1790378811264,eth,1790378100,Up,0.09,0.07,22.2,190,1.03,0.95,stopped,60.0,20.0,1.703,1.121,-0.582
2026-09-26 01:28:01,1790378881312,btc,1790378100,Down,0.41,0.25,39.0,120,1.03,0.97,stopped,65.0,20.0,5.4694,1.874,-3.5954
2026-09-26 01:28:11,1790378891334,eth,1790378100,Up,0.13,0.1,23.1,110,1.03,1.03,stopped,60.0,20.0,2.3371,0.1861,-2.1509
2026-09-26 01:29:11,1790378951350,btc,1790378100,Down,0.12,0.05,58.3,50,1.03,1.03,held_to_resolution,,20.0,1.279,,
2026-09-26 01:30:21,1790379021362,btc,1790379000,Up,0.55,0.43,21.8,880,1.03,0.92,hedged,45.0,20.0,19.0944,20.0,0.9056
2026-09-26 01:32:01,1790379121319,eth,1790379000,Up,0.55,0.43,21.8,780,1.03,0.91,hedged,25.0,20.0,18.8937,20.0,1.1063
2026-09-26 01:32:01,1790379121317,btc,1790379000,Up,0.55,0.44,20.0,780,1.03,0.92,hedged,40.0,20.0,19.0952,20.0,0.9048
2026-09-26 01:32:41,1790379161317,eth,1790379000,Down,0.46,0.34,26.1,740,1.03,0.91,stopped,60.0,20.0,7.3185,7.664,0.3455
2026-09-26 01:34:16,1790379256340,eth,1790379000,Up,0.57,0.44,22.8,645,1.04,0.97,stopped,60.5,20.0,9.3465,7.0737,-2.2728
2026-09-26 01:36:06,1790379366319,btc,1790379000,Down,0.61,0.51,16.4,535,1.03,0.96,stopped,60.0,20.0,10.7494,10.855,0.1056
2026-09-26 01:36:06,1790379366320,eth,1790379000,Down,0.54,0.4,25.9,535,1.03,0.96,stopped,60.0,20.0,8.5387,8.455,-0.0836
2026-09-26 01:38:51,1790379531353,eth,1790379000,Down,0.43,0.36,16.3,370,1.04,0.84,hedged,60.0,20.0,17.4751,20.0,2.5249
2026-09-26 01:39:56,1790379596334,eth,1790379000,Up,0.57,0.47,17.5,305,1.03,0.91,hedged,20.5,20.0,18.8926,20.0,1.1074
2026-09-26 01:40:21,1790379621639,eth,1790379000,Down,0.53,0.37,30.2,280,1.04,0.79,hedged,60.1,20.0,16.4685,20.0,3.5315
2026-09-26 01:41:26,1790379686359,eth,1790379000,Up,0.58,0.41,29.3,215,1.03,0.91,hedged,25.0,20.0,18.8909,20.0,1.1091
2026-09-26 01:41:21,1790379681785,btc,1790379000,Up,0.42,0.31,26.2,220,1.03,0.91,hedged,34.6,20.0,18.8433,20.0,1.1567
2026-09-26 01:42:01,1790379721360,eth,1790379000,Up,0.54,0.37,31.5,180,1.03,0.86,hedged,20.0,20.0,17.8793,20.0,2.1207
2026-09-26 01:42:01,1790379721358,btc,1790379000,Up,0.41,0.24,41.5,180,1.03,0.92,hedged,60.0,20.0,18.972,20.0,1.028
2026-09-26 01:43:06,1790379786363,btc,1790379000,Up,0.34,0.27,20.6,115,1.03,1.03,stopped,60.0,20.0,5.8822,0.9335,-4.9487
2026-09-26 01:43:06,1790379786365,eth,1790379000,Up,0.5,0.41,18.0,115,1.03,1.03,stopped,60.0,20.0,8.741,0.1861,-8.5549
2026-09-26 01:44:16,1790379856391,btc,1790379000,Up,0.07,0.04,42.9,45,1.03,1.03,held_to_resolution,,20.0,1.0665,,
2026-09-26 01:47:16,1790380036385,eth,1790379900,Up,0.49,0.4,18.4,765,1.03,0.97,stopped,65.0,20.0,8.5387,7.4669,-1.0717
2026-09-26 01:50:01,1790380201383,eth,1790379900,Down,0.64,0.48,25.0,599,1.03,0.8,hedged,60.0,20.0,16.6493,20.0,3.3507
2026-09-26 01:54:01,1790380441413,btc,1790379900,Up,0.63,0.29,54.0,359,1.03,1.03,stopped,60.0,20.0,6.294,4.7375,-1.5565
2026-09-26 01:54:01,1790380441414,eth,1790379900,Up,0.44,0.19,56.8,359,1.03,1.02,stopped,60.0,20.0,4.224,3.3934,-0.8306
2026-09-26 01:55:26,1790380526406,eth,1790379900,Up,0.22,0.18,18.2,274,1.03,1.03,stopped,60.0,20.0,4.0155,0.7462,-3.2692
2026-09-26 01:56:31,1790380591405,eth,1790379900,Up,0.09,0.06,33.3,209,1.03,1.03,stopped,65.0,20.0,1.4911,0.1861,-1.305
2026-09-26 01:58:01,1790380681387,btc,1790379900,Up,0.29,0.2,31.0,119,1.03,0.94,stopped,60.0,20.0,4.4323,5.1241,0.6918
2026-09-26 01:59:06,1790380746419,btc,1790379900,Down,0.72,0.22,69.4,54,1.03,1.03,held_to_resolution,,20.0,4.8479,,
2026-09-26 02:00:56,1790380856415,eth,1790380800,Down,0.55,0.43,21.8,844,1.03,0.91,hedged,15.1,20.0,19.0944,20.0,0.9056
2026-09-26 02:01:01,1790380861421,btc,1790380800,Up,0.48,0.38,20.8,839,1.03,1.0,stopped,60.0,20.0,8.1331,7.4669,-0.6661
2026-09-26 02:01:21,1790380881960,eth,1790380800,Up,0.46,0.38,17.4,819,1.04,0.95,stopped,64.5,20.0,8.1331,5.706,-2.4271
2026-09-26 02:02:16,1790380936434,btc,1790380800,Up,0.39,0.33,15.4,764,1.03,0.99,stopped,60.1,20.0,7.1142,4.9306,-2.1835
2026-09-26 02:02:51,1790380971417,eth,1790380800,Up,0.26,0.21,19.2,729,1.03,0.91,stopped,60.0,20.0,4.6402,4.9306,0.2904
2026-09-26 02:04:01,1790381041441,eth,1790380800,Up,0.28,0.23,17.9,659,1.03,1.03,stopped,60.1,20.0,5.0554,2.2522,-2.8032
2026-09-26 02:07:01,1790381221440,eth,1790380800,Up,0.22,0.14,36.4,479,1.03,0.82,hedged,30.0,20.0,16.888,20.0,3.112
2026-09-26 02:07:21,1790381241529,btc,1790380800,Down,0.81,0.63,22.2,459,1.03,0.96,stopped,64.9,20.0,13.1226,4.5446,-8.5779
2026-09-26 02:07:36,1790381256474,eth,1790380800,Down,0.66,0.55,16.7,444,1.03,1.03,stopped,65.0,20.0,11.545,1.3089,-10.2361
2026-09-26 02:08:31,1790381311443,btc,1790380800,Down,0.4,0.22,45.0,389,1.03,0.9,hedged,15.6,20.0,18.5575,20.0,1.4425
2026-09-26 02:09:11,1790381351519,eth,1790380800,Down,0.23,0.17,26.1,349,1.05,0.92,hedged,29.9,20.0,18.876,20.0,1.124
2026-09-26 02:10:01,1790381401481,eth,1790380800,Down,0.39,0.33,15.4,299,1.03,0.94,stopped,65.0,20.0,7.1142,6.2905,-0.8237
2026-09-26 02:11:31,1790381491506,eth,1790380800,Down,0.32,0.2,37.5,209,1.03,0.92,hedged,15.0,20.0,18.9205,20.0,1.0795
2026-09-26 02:11:46,1790381506468,btc,1790380800,Up,0.35,0.29,17.1,194,1.03,1.03,stopped,65.0,20.0,6.294,1.121,-5.173
2026-09-26 02:11:51,1790381511465,eth,1790380800,Up,0.8,0.68,15.0,189,1.05,0.99,stopped,60.0,20.0,14.0995,10.0506,-4.0489
2026-09-26 02:13:01,1790381581470,eth,1790380800,Up,0.34,0.21,38.2,119,1.05,0.81,hedged,10.1,20.0,16.7789,20.0,3.2211
2026-09-26 02:13:21,1790381601477,eth,1790380800,Up,0.44,0.22,50.0,99,1.04,0.42,hedged,30.0,20.0,8.8634,20.0,11.1366
2026-09-26 02:12:56,1790381576459,btc,1790380800,Up,0.09,0.07,22.2,124,1.03,0.38,hedged,60.0,20.0,7.997,20.0,12.003
2026-09-26 02:14:01,1790381641510,btc,1790380800,Up,0.72,0.33,54.2,59,1.07,1.01,held_to_resolution,,20.0,7.1142,,
2026-09-26 02:13:56,1790381636461,eth,1790380800,Down,0.81,0.04,95.1,64,1.03,0.97,held_to_resolution,,20.0,1.0665,,
2026-09-26 02:16:56,1790381816478,eth,1790381700,Up,0.27,0.21,22.2,784,1.03,0.94,stopped,60.1,20.0,4.6402,4.7375,0.0973
2026-09-26 02:19:46,1790381986489,eth,1790381700,Up,0.17,0.14,17.6,614,1.03,0.92,stopped,65.0,20.0,3.1785,4.1598,0.9813
2026-09-26 02:22:21,1790382141519,btc,1790381700,Up,0.42,0.26,38.1,459,1.03,0.98,stopped,60.0,20.0,5.6759,3.5845,-2.0914
2026-09-26 02:22:16,1790382136522,eth,1790381700,Up,0.42,0.29,31.0,464,1.03,1.02,stopped,65.0,20.0,6.294,2.6314,-3.6626
2026-09-26 02:23:41,1790382221496,eth,1790381700,Up,0.2,0.17,15.0,379,1.04,1.0,stopped,60.0,20.0,3.8066,2.2522,-1.5545
2026-09-26 02:25:11,1790382311553,eth,1790381700,Up,0.13,0.08,38.5,289,1.03,0.99,stopped,60.0,20.0,1.9147,1.3089,-0.6058
2026-09-26 02:26:51,1790382411514,btc,1790381700,Up,0.19,0.15,21.1,189,1.03,1.03,stopped,60.0,20.0,3.3882,0.1861,-3.202
2026-09-26 02:26:16,1790382376505,eth,1790381700,Up,0.11,0.09,18.2,224,1.04,1.04,stopped,160.0,20.0,2.126,0.1861,-1.9399
2026-09-26 02:31:31,1790382691529,eth,1790382600,Up,0.48,0.36,25.0,809,1.04,1.04,stopped,60.0,20.0,7.7263,1.6853,-6.041
2026-09-26 02:31:46,1790382706632,btc,1790382600,Up,0.39,0.32,17.9,794,1.03,1.03,stopped,64.9,20.0,6.9095,4.1598,-2.7498
2026-09-26 02:32:56,1790382776529,eth,1790382600,Up,0.14,0.11,21.4,724,1.03,1.01,stopped,60.0,20.0,2.5478,1.3089,-1.239
2026-09-26 02:34:06,1790382846538,btc,1790382600,Up,0.2,0.16,20.0,654,1.03,1.02,stopped,65.1,20.0,3.5975,1.874,-1.7235
2026-09-26 02:34:41,1790382881538,eth,1790382600,Up,0.12,0.1,16.7,619,1.03,1.03,stopped,60.0,20.0,2.3371,1.121,-1.216
2026-09-26 02:35:46,1790382946550,eth,1790382600,Up,0.08,0.06,25.0,554,1.03,1.02,stopped,65.1,20.0,1.4911,0.9335,-0.5576
2026-09-26 02:36:31,1790382991551,btc,1790382600,Up,0.11,0.09,18.2,509,1.03,1.03,stopped,60.0,20.0,2.126,0.7462,-1.3798
2026-09-26 02:37:31,1790383051558,eth,1790382600,Up,0.06,0.05,16.7,449,1.04,1.03,stopped,60.0,20.0,1.279,0.3726,-0.9064
2026-09-26 02:38:01,1790383081549,btc,1790382600,Up,0.06,0.05,16.7,419,1.03,1.03,stopped,65.0,20.0,1.279,0.3726,-0.9064
2026-09-26 02:38:51,1790383131552,eth,1790382600,Up,0.05,0.04,20.0,369,1.03,1.03,stopped,60.0,20.0,1.0665,0.1861,-0.8804
2026-09-26 02:40:56,1790383256557,btc,1790382600,Up,0.108,0.09,16.7,244,1.023,1.023,stopped,65.0,20.0,2.126,0.7462,-1.3798
2026-09-26 02:41:06,1790383266572,eth,1790382600,Up,0.12,0.07,41.7,234,1.03,0.97,stopped,65.0,20.0,1.703,2.0629,0.3599
2026-09-26 02:42:26,1790383346572,eth,1790382600,Up,0.13,0.11,15.4,154,1.03,0.759,hedged,35.0,20.0,15.6508,20.0,4.3492
2026-09-26 02:43:26,1790383406560,btc,1790382600,Up,0.17,0.14,17.6,94,1.026,1.026,held_to_resolution,,20.0,3.1785,,
2026-09-26 02:43:36,1790383416594,eth,1790382600,Up,0.22,0.12,45.5,84,1.03,1.03,held_to_resolution,,20.0,2.7583,,
2026-09-26 02:49:41,1790383781606,eth,1790383500,Down,0.43,0.36,16.3,619,1.04,1.04,stopped,65.0,20.0,7.7263,2.0629,-5.6634
2026-09-26 02:49:46,1790383786600,btc,1790383500,Down,0.5,0.36,28.0,614,1.03,1.0,stopped,65.0,20.0,7.7263,4.5446,-3.1817
2026-09-26 02:51:06,1790383866594,btc,1790383500,Down,0.25,0.21,16.0,534,1.03,0.98,stopped,60.0,20.0,4.6402,3.2025,-1.4378
2026-09-26 02:53:11,1790383991599,btc,1790383500,Down,0.52,0.43,17.3,409,1.03,0.97,stopped,60.1,20.0,9.145,6.0954,-3.0496
2026-09-26 02:53:06,1790383986613,eth,1790383500,Down,0.39,0.26,33.3,414,1.04,0.95,stopped,65.0,20.0,5.6759,2.8215,-2.8544
2026-09-26 02:54:16,1790384056606,btc,1790383500,Down,0.4,0.34,15.0,344,1.03,0.9,hedged,25.0,20.0,18.665,20.0,1.335
2026-09-26 02:54:16,1790384056607,eth,1790383500,Down,0.22,0.17,22.7,344,1.03,0.87,hedged,25.0,20.0,17.9061,20.0,2.0939
2026-09-26 02:55:06,1790384106613,btc,1790383500,Down,0.46,0.3,34.8,294,1.03,1.03,stopped,60.0,20.0,6.4995,4.3521,-2.1474
2026-09-26 02:55:06,1790384106615,eth,1790383500,Down,0.33,0.16,51.5,294,1.03,1.03,stopped,60.0,20.0,3.5975,0.9335,-2.664
2026-09-26 02:57:06,1790384226630,btc,1790383500,Down,0.26,0.22,15.4,174,1.03,0.84,hedged,15.0,20.0,17.381,20.0,2.619
2026-09-26 02:56:41,1790384201709,eth,1790383500,Down,0.11,0.09,18.2,199,1.03,1.02,stopped,64.9,20.0,2.126,1.3089,-0.8171
2026-09-26 02:57:26,1790384246622,btc,1790383500,Up,0.75,0.55,26.7,154,1.03,0.87,stopped,65.0,20.0,11.545,13.5005,1.9556
2026-09-26 02:57:51,1790384271600,eth,1790383500,Down,0.1,0.07,30.0,129,1.04,1.04,stopped,60.0,20.0,1.703,0.3726,-1.3305
2026-09-26 02:58:56,1790384336608,btc,1790383500,Down,0.42,0.32,23.8,64,1.03,0.92,hedged,5.0,20.0,19.0482,20.0,0.9518
2026-09-26 02:59:26,1790384366614,btc,1790383500,Up,0.2,0.05,75.0,34,1.03,1.03,held_to_resolution,,20.0,1.279,,
2026-09-26 02:58:56,1790384336609,eth,1790383500,Down,0.05,0.04,20.0,64,1.03,0.99,held_to_resolution,,20.0,1.0665,,
2026-09-26 03:00:26,1790384426642,eth,1790384400,Down,0.42,0.35,16.7,874,1.03,0.99,stopped,65.0,20.0,7.5226,3.776,-3.7466
2026-09-26 03:00:46,1790384446617,btc,1790384400,Down,0.41,0.34,17.1,854,1.03,1.03,stopped,65.0,20.0,7.3185,3.3934,-3.9251
2026-09-26 03:01:36,1790384496612,eth,1790384400,Down,0.2,0.16,20.0,804,1.03,1.03,stopped,65.1,20.0,3.5975,2.0629,-1.5346
2026-09-26 03:03:01,1790384581691,btc,1790384400,Down,0.19,0.16,15.8,719,1.03,1.0,stopped,64.9,20.0,3.5975,2.0629,-1.5346
2026-09-26 03:03:01,1790384581693,eth,1790384400,Down,0.13,0.11,15.4,719,1.03,1.02,stopped,64.9,20.0,2.5478,0.7462,-1.8016
2026-09-26 03:04:51,1790384691640,btc,1790384400,Up,0.87,0.6,31.0,609,1.03,0.92,hedged,25.1,20.0,19.0325,20.0,0.9675
2026-09-26 03:04:56,1790384696632,eth,1790384400,Up,0.95,0.79,16.8,604,1.03,0.91,hedged,35.0,20.0,18.5611,20.0,1.4389
2026-09-26 03:05:31,1790384731653,btc,1790384400,Down,0.31,0.23,25.8,569,1.03,1.03,stopped,65.0,20.0,5.0554,3.3934,-1.662
2026-09-26 03:06:01,1790384761629,eth,1790384400,Down,0.1,0.07,30.0,539,1.03,0.99,stopped,60.0,20.0,1.703,0.7462,-0.9568
2026-09-26 03:06:41,1790384801658,btc,1790384400,Down,0.2,0.15,25.0,499,1.03,0.97,stopped,65.0,20.0,3.3882,3.0118,-0.3763
2026-09-26 03:08:31,1790384911666,eth,1790384400,Down,0.09,0.07,22.2,389,1.03,1.02,stopped,65.0,20.0,1.703,0.5593,-1.1438
2026-09-26 03:08:36,1790384916657,btc,1790384400,Down,0.16,0.13,18.8,384,1.03,0.96,stopped,65.0,20.0,2.9686,2.0629,-0.9056
2026-09-26 03:09:46,1790384986662,btc,1790384400,Up,0.87,0.66,24.1,314,1.03,0.92,hedged,35.0,20.0,18.972,20.0,1.028
2026-09-26 03:10:21,1790385021684,eth,1790384400,Down,0.13,0.07,46.2,279,1.03,1.03,stopped,60.4,20.0,1.703,0.1861,-1.5169
2026-09-26 03:10:26,1790385026666,btc,1790384400,Down,0.32,0.12,62.5,274,1.03,1.03,stopped,60.0,20.0,2.7583,1.3089,-1.4495
2026-09-26 03:11:56,1790385116676,btc,1790384400,Down,0.08,0.06,25.0,184,1.03,0.86,hedged,25.0,20.0,17.5234,20.0,2.4766
2026-09-26 03:12:31,1790385151657,btc,1790384400,Down,0.23,0.14,39.1,149,1.03,1.03,stopped,60.0,20.0,3.1785,0.5593,-2.6192
2026-09-26 03:12:36,1790385156681,eth,1790384400,Down,0.13,0.1,23.1,144,1.03,1.03,stopped,60.0,20.0,2.3371,0.1861,-2.1509
2026-09-26 03:13:41,1790385221653,btc,1790384400,Down,0.05,0.04,20.0,79,1.03,1.03,held_to_resolution,,20.0,1.0665,,
2026-09-26 03:15:46,1790385346669,btc,1790385300,Down,0.47,0.39,17.0,854,1.03,1.02,stopped,60.1,20.0,8.336,5.3178,-3.0182
2026-09-26 03:15:46,1790385346670,eth,1790385300,Down,0.5,0.41,18.0,854,1.03,1.0,stopped,60.1,20.0,8.741,4.9306,-3.8104
2026-09-26 03:18:16,1790385496686,eth,1790385300,Up,0.6,0.51,15.0,704,1.04,0.91,hedged,40.5,20.0,18.8825,20.0,1.1175
2026-09-26 03:19:06,1790385546661,eth,1790385300,Down,0.38,0.3,21.1,654,1.03,0.92,hedged,55.0,20.0,19.0325,20.0,0.9675
2026-09-26 03:20:01,1790385601686,btc,1790385300,Up,0.65,0.53,18.5,599,1.03,0.91,hedged,35.0,20.0,18.8741,20.0,1.1259
2026-09-26 03:20:06,1790385606688,eth,1790385300,Down,0.42,0.35,16.7,594,1.04,0.99,stopped,65.1,20.0,7.5226,3.9677,-3.5548
2026-09-26 03:21:01,1790385661670,btc,1790385300,Down,0.38,0.32,15.8,539,1.03,1.0,stopped,60.1,20.0,6.9095,4.9306,-1.9789
2026-09-26 03:21:41,1790385701678,eth,1790385300,Down,0.23,0.19,17.4,499,1.03,0.99,stopped,60.0,20.0,4.224,3.3934,-0.8306
2026-09-26 03:23:11,1790385791683,btc,1790385300,Up,0.63,0.43,31.7,409,1.03,0.88,hedged,20.0,20.0,18.2899,20.0,1.7101
2026-09-26 03:23:21,1790385801717,eth,1790385300,Down,0.48,0.4,16.7,399,1.03,0.98,stopped,65.0,20.0,8.5387,8.059,-0.4797
2026-09-26 03:23:56,1790385836682,btc,1790385300,Down,0.42,0.31,26.2,364,1.03,0.98,stopped,60.0,20.0,6.7046,6.0954,-0.6093
2026-09-26 03:25:01,1790385901713,eth,1790385300,Up,0.46,0.39,15.2,299,1.03,0.8,hedged,10.0,20.0,16.672,20.0,3.328
2026-09-26 03:25:11,1790385911697,btc,1790385300,Down,0.4,0.28,30.0,289,1.03,0.91,hedged,55.1,20.0,18.8181,20.0,1.1819
2026-09-26 03:25:21,1790385921743,eth,1790385300,Up,0.63,0.51,19.0,279,1.04,1.03,stopped,60.4,20.0,10.7494,7.0737,-3.6758
2026-09-26 03:26:41,1790386001729,eth,1790385300,Down,0.48,0.37,22.9,199,1.04,0.9,hedged,25.0,20.0,18.6793,20.0,1.3207
2026-09-26 03:26:11,1790385971727,btc,1790385300,Down,0.35,0.29,17.1,229,1.03,0.99,stopped,60.0,20.0,6.294,3.3934,-2.9006
2026-09-26 03:27:11,1790386031765,eth,1790385300,Down,0.52,0.4,23.1,169,1.03,0.91,hedged,4.9,20.0,18.8887,20.0,1.1113
2026-09-26 03:27:21,1790386041709,eth,1790385300,Up,0.61,0.46,24.6,159,1.04,1.02,stopped,60.0,20.0,9.7487,4.1598,-5.589
2026-09-26 03:28:26,1790386106726,eth,1790385300,Up,0.26,0.13,50.0,94,1.03,0.86,hedged,35.0,20.0,17.6508,20.0,2.3492
2026-09-26 03:28:56,1790386136687,btc,1790385300,Down,0.17,0.11,35.3,64,1.03,1.03,held_to_resolution,,20.0,2.5478,,
2026-09-26 03:29:06,1790386146714,eth,1790385300,Up,0.31,0.1,67.7,54,1.03,1.03,held_to_resolution,,20.0,2.3371,,
2026-09-26 03:35:06,1790386506702,btc,1790386200,Down,0.43,0.35,18.6,594,1.03,0.95,stopped,60.0,20.0,7.5226,6.2905,-1.2321
2026-09-26 03:35:06,1790386506703,eth,1790386200,Down,0.4,0.29,27.5,594,1.04,0.95,stopped,60.0,20.0,6.294,4.3521,-1.9419
2026-09-26 03:36:26,1790386586730,eth,1790386200,Down,0.24,0.2,16.7,514,1.03,1.03,stopped,65.0,20.0,4.4323,1.3089,-3.1234
2026-09-26 03:36:41,1790386601739,btc,1790386200,Down,0.29,0.24,17.2,499,1.03,1.03,stopped,65.0,20.0,5.2625,4.1598,-1.1027
2026-09-26 03:38:41,1790386721719,btc,1790386200,Down,0.18,0.14,22.2,379,1.03,1.03,stopped,60.0,20.0,3.1785,0.7462,-2.4323
2026-09-26 03:38:41,1790386721721,eth,1790386200,Down,0.06,0.05,16.7,379,1.03,1.03,stopped,60.0,20.0,1.279,0.1861,-1.0928
2026-09-26 03:39:46,1790386786744,btc,1790386200,Down,0.08,0.06,25.0,314,1.03,1.03,stopped,60.0,20.0,1.4911,0.1861,-1.305
2026-09-26 03:46:26,1790387186822,eth,1790387100,Down,0.48,0.39,18.7,814,1.04,0.92,hedged,39.9,20.0,19.0854,20.0,0.9146
2026-09-26 03:47:06,1790387226759,btc,1790387100,Up,0.62,0.52,16.1,774,1.03,0.91,hedged,10.0,20.0,18.8786,20.0,1.1214
2026-09-26 03:48:31,1790387311755,eth,1790387100,Up,0.47,0.36,23.4,689,1.03,1.03,stopped,60.0,20.0,7.7263,5.3178,-2.4086
2026-09-26 03:51:01,1790387461786,eth,1790387100,Up,0.33,0.23,30.3,539,1.03,0.88,hedged,60.0,20.0,18.1779,20.0,1.8221
2026-09-26 03:51:11,1790387471814,btc,1790387100,Down,0.6,0.48,20.0,529,1.03,0.93,stopped,65.0,20.0,10.1499,7.2702,-2.8797
2026-09-26 03:52:41,1790387561803,btc,1790387100,Down,0.42,0.3,28.6,439,1.03,1.03,stopped,65.0,20.0,6.4995,3.9677,-2.5317
2026-09-26 03:52:41,1790387561804,eth,1790387100,Down,0.64,0.54,15.6,439,1.03,1.01,stopped,65.0,20.0,11.3465,8.8522,-2.4943
2026-09-26 03:54:11,1790387651779,btc,1790387100,Down,0.2,0.17,15.0,349,1.03,1.02,stopped,65.1,20.0,3.8066,2.4417,-1.365
2026-09-26 03:54:41,1790387681798,eth,1790387100,Down,0.49,0.36,26.5,319,1.04,0.88,hedged,45.0,20.0,18.8741,20.0,1.1259
2026-09-26 03:55:21,1790387721814,btc,1790387100,Up,0.85,0.72,15.3,279,1.03,0.96,stopped,60.4,20.0,14.8759,14.7375,-0.1384
2026-09-26 03:55:31,1790387731790,eth,1790387100,Up,0.5,0.42,16.0,269,1.03,1.0,stopped,60.0,20.0,8.9431,2.6314,-6.3117
2026-09-26 03:56:36,1790387796783,eth,1790387100,Up,0.22,0.11,50.0,204,1.03,1.03,stopped,65.0,20.0,2.5478,0.1861,-2.3617
2026-09-26 03:57:01,1790387821803,btc,1790387100,Down,0.29,0.24,17.2,179,1.03,1.03,stopped,65.0,20.0,5.2625,1.3089,-3.9536
2026-09-26 03:58:16,1790387896788,btc,1790387100,Down,0.09,0.06,33.3,104,1.03,1.03,held_to_resolution,,20.0,1.4911,,
2026-09-26 04:00:46,1790388046825,eth,1790388000,Up,0.44,0.32,27.3,854,1.03,1.03,stopped,60.0,20.0,6.9095,3.0118,-3.8977
2026-09-26 04:00:51,1790388051786,btc,1790388000,Up,0.45,0.33,26.7,849,1.03,1.03,stopped,60.0,20.0,7.1142,3.3934,-3.7208
2026-09-26 04:02:21,1790388141820,eth,1790388000,Up,0.19,0.16,15.8,759,1.03,1.02,stopped,60.0,20.0,3.5975,2.2522,-1.3454
2026-09-26 04:02:26,1790388146825,btc,1790388000,Up,0.19,0.15,21.1,754,1.03,0.88,hedged,65.0,20.0,18.0704,20.0,1.9296
2026-09-26 04:04:06,1790388246807,btc,1790388000,Up,0.31,0.24,22.6,654,1.03,0.93,stopped,65.0,20.0,5.2625,6.0954,0.8329
2026-09-26 04:05:06,1790388306802,eth,1790388000,Down,0.76,0.62,18.4,594,1.03,0.87,hedged,45.0,20.0,17.9817,20.0,2.0183
2026-09-26 04:05:46,1790388346793,btc,1790388000,Up,0.35,0.28,20.0,554,1.03,1.03,stopped,60.0,20.0,6.0883,4.9306,-1.1576
2026-09-26 04:05:56,1790388356823,eth,1790388000,Up,0.32,0.25,21.9,544,1.03,0.91,stopped,60.0,20.0,5.4694,5.1241,-0.3453
2026-09-26 04:07:46,1790388466798,eth,1790388000,Down,0.72,0.58,19.4,434,1.03,0.94,stopped,65.0,20.0,12.1387,11.8669,-0.2717
2026-09-26 04:07:56,1790388476817,btc,1790388000,Up,0.26,0.22,15.4,424,1.03,1.01,stopped,65.0,20.0,4.8479,3.9677,-0.8802
2026-09-26 04:10:26,1790388626832,eth,1790388000,Down,0.72,0.55,23.6,274,1.04,0.79,hedged,15.0,20.0,16.3929,20.0,3.6071
2026-09-26 04:10:16,1790388616824,btc,1790388000,Up,0.2,0.17,15.0,284,1.03,1.01,stopped,65.5,20.0,3.8066,2.4417,-1.365
2026-09-26 04:11:06,1790388666799,eth,1790388000,Down,0.83,0.6,27.7,234,1.03,0.94,stopped,60.0,20.0,12.5331,10.4522,-2.0808
2026-09-26 04:12:12,1790388732342,eth,1790388000,Down,0.56,0.31,44.6,169,1.03,0.99,stopped,64.5,20.0,6.7046,2.6314,-4.0732
2026-09-26 04:12:16,1790388736829,btc,1790388000,Down,0.87,0.64,26.4,164,1.03,0.92,hedged,65.0,20.0,18.9944,20.0,1.0056
2026-09-26 04:13:36,1790388816892,btc,1790388000,Up,0.26,0.21,19.2,84,1.03,0.65,hedged,35.0,20.0,14.188,20.0,5.812
2026-09-26 04:14:21,1790388861846,btc,1790388000,Down,0.42,0.17,59.5,39,1.04,1.04,held_to_resolution,,20.0,3.8066,,
2026-09-26 04:13:26,1790388806862,eth,1790388000,Down,0.14,0.07,50.0,94,1.03,1.01,held_to_resolution,,20.0,1.703,,
2026-09-26 04:18:16,1790389096859,btc,1790388900,Up,0.52,0.42,19.2,704,1.03,0.91,hedged,10.0,20.0,18.8926,20.0,1.1074
2026-09-26 04:17:46,1790389066856,eth,1790388900,Up,0.57,0.48,15.8,734,1.03,0.94,stopped,60.0,20.0,10.1499,10.0506,-0.0993
2026-09-26 04:19:11,1790389151823,btc,1790388900,Down,0.45,0.38,15.6,649,1.03,0.98,stopped,60.0,20.0,8.1331,7.8613,-0.2717
2026-09-26 04:20:26,1790389226886,btc,1790388900,Up,0.54,0.38,29.6,574,1.03,1.03,stopped,60.1,20.0,8.1331,4.9306,-3.2024
2026-09-26 04:20:26,1790389226887,eth,1790388900,Up,0.51,0.43,15.7,574,1.03,1.03,stopped,60.1,20.0,9.145,5.9005,-3.2444
2026-09-26 04:21:36,1790389296869,eth,1790388900,Up,0.33,0.28,15.2,504,1.04,0.99,stopped,60.0,20.0,6.0883,4.9306,-1.1576
2026-09-26 04:21:41,1790389301842,btc,1790388900,Up,0.25,0.19,24.0,499,1.03,1.03,stopped,60.0,20.0,4.224,2.8215,-1.4025
2026-09-26 04:22:46,1790389366861,eth,1790388900,Down,0.72,0.61,15.3,434,1.05,0.91,hedged,35.0,20.0,18.8181,20.0,1.1819
2026-09-26 04:22:46,1790389366859,btc,1790388900,Down,0.84,0.71,15.5,434,1.03,0.96,stopped,65.0,20.0,14.6822,14.9446,0.2624
2026-09-26 04:24:01,1790389441851,eth,1790388900,Up,0.24,0.16,33.3,359,1.03,0.92,hedged,20.0,20.0,18.86,20.0,1.14
2026-09-26 04:24:01,1790389441849,btc,1790388900,Up,0.23,0.17,26.1,359,1.03,1.0,stopped,60.0,20.0,3.8066,1.121,-2.6856
2026-09-26 04:24:41,1790389481858,eth,1790388900,Up,0.25,0.21,16.0,319,1.03,0.93,stopped,60.0,20.0,4.6402,5.5117,0.8715
2026-09-26 04:26:56,1790389616868,eth,1790388900,Up,0.17,0.14,17.6,184,1.03,0.96,stopped,60.0,20.0,3.1785,2.0629,-1.1156
2026-09-26 04:27:11,1790389631852,btc,1790388900,Up,0.13,0.11,15.4,169,1.03,1.03,stopped,60.0,20.0,2.5478,0.1861,-2.3617
2026-09-26 04:28:16,1790389696872,eth,1790388900,Up,0.24,0.12,50.0,104,1.03,1.03,held_to_resolution,,20.0,2.7583,,
2026-09-26 04:30:46,1790389846876,btc,1790389800,Up,0.42,0.34,19.0,854,1.03,0.87,hedged,15.0,20.0,18.0679,20.0,1.9321
2026-09-26 04:30:11,1790389811871,eth,1790389800,Up,0.48,0.4,16.7,889,1.03,0.96,stopped,60.5,20.0,8.5387,8.2569,-0.2818
2026-09-26 04:32:56,1790389976893,eth,1790389800,Down,0.59,0.47,20.3,724,1.04,1.02,stopped,60.1,20.0,9.9494,8.6535,-1.2959
2026-09-26 04:34:06,1790390046867,eth,1790389800,Down,0.48,0.4,16.7,654,1.03,1.02,stopped,60.0,20.0,8.5387,5.1241,-3.4146
2026-09-26 04:34:41,1790390081918,btc,1790389800,Down,0.49,0.39,20.4,619,1.03,0.9,hedged,40.0,20.0,18.686,20.0,1.314
2026-09-26 04:35:21,1790390121888,eth,1790389800,Up,0.72,0.6,16.7,579,1.03,1.03,stopped,60.5,20.0,12.5331,9.2506,-3.2825
2026-09-26 04:37:06,1790390226932,btc,1790389800,Up,0.33,0.28,15.2,474,1.03,0.83,hedged,20.0,20.0,17.236,20.0,2.764
2026-09-26 04:36:56,1790390216912,eth,1790389800,Up,0.43,0.36,16.3,484,1.04,0.88,hedged,30.0,20.0,18.2762,20.0,1.7238
2026-09-26 04:37:31,1790390251899,btc,1790389800,Down,0.75,0.52,30.7,449,1.03,0.98,stopped,60.0,20.0,10.9487,9.8501,-1.0986
2026-09-26 04:37:31,1790390251900,eth,1790389800,Down,0.77,0.51,33.8,449,1.04,0.97,stopped,60.0,20.0,10.7494,7.8613,-2.8881
2026-09-26 04:38:36,1790390316909,eth,1790389800,Down,0.58,0.43,25.9,384,1.03,0.87,hedged,35.5,20.0,18.0881,20.0,1.9119
2026-09-26 04:39:26,1790390366930,eth,1790389800,Up,0.4,0.18,55.0,334,1.03,0.92,hedged,30.0,20.0,18.8914,20.0,1.1086
2026-09-26 04:39:12,1790390352397,btc,1790389800,Up,0.46,0.39,15.2,349,1.03,0.95,stopped,64.5,20.0,8.336,8.6535,0.3175
2026-09-26 04:40:06,1790390406893,eth,1790389800,Up,0.3,0.23,23.3,294,1.03,0.85,hedged,15.0,20.0,17.5884,20.0,2.4116
2026-09-26 04:40:21,1790390421885,btc,1790389800,Down,0.62,0.5,19.4,279,1.03,0.84,hedged,15.1,20.0,17.4594,20.0,2.5406
2026-09-26 04:40:46,1790390446905,btc,1790389800,Down,0.69,0.37,46.4,254,1.03,0.84,hedged,5.0,20.0,17.4776,20.0,2.5224
2026-09-26 04:40:31,1790390431896,eth,1790389800,Up,0.41,0.33,19.5,269,1.03,0.96,stopped,60.0,20.0,7.1142,1.497,-5.6172
2026-09-26 04:40:56,1790390456908,btc,1790389800,Up,0.64,0.42,34.4,244,1.03,1.02,stopped,60.0,20.0,8.9431,3.9677,-4.9754
2026-09-26 04:42:11,1790390531896,btc,1790389800,Up,0.23,0.17,26.1,169,1.03,0.79,hedged,25.0,20.0,16.3397,20.0,3.6603
2026-09-26 04:42:01,1790390521923,eth,1790389800,Up,0.11,0.09,18.2,179,1.04,0.92,hedged,35.0,20.0,18.7326,20.0,1.2674
2026-09-26 04:42:41,1790390561910,btc,1790389800,Down,0.83,0.65,21.7,139,1.03,0.98,stopped,60.1,20.0,13.5142,9.65,-3.8642
2026-09-26 04:42:51,1790390571928,eth,1790389800,Up,0.32,0.21,34.4,129,1.03,0.829,hedged,55.0,20.0,17.1536,20.0,2.8464
2026-09-26 04:43:46,1790390626944,btc,1790389800,Down,0.68,0.32,52.9,74,1.03,0.71,hedged,20.0,20.0,14.8394,20.0,5.1606
2026-09-26 04:44:11,1790390651933,btc,1790389800,Down,0.64,0.49,23.4,49,1.03,0.83,hedged,10.0,20.0,17.2595,20.0,2.7405
2026-09-26 04:44:26,1790390666958,btc,1790389800,Up,0.32,0.25,21.9,34,1.05,1.05,held_to_resolution,,20.0,5.4694,,
2026-09-26 04:43:56,1790390636938,eth,1790389800,Up,0.167,0.14,16.2,64,1.04,1.04,held_to_resolution,,20.0,3.1785,,
2026-09-26 04:46:22,1790390782329,eth,1790390700,Up,0.52,0.39,25.0,819,1.03,0.97,stopped,64.6,20.0,8.336,7.8613,-0.4747
2026-09-26 04:49:01,1790390941939,btc,1790390700,Down,0.51,0.33,35.3,659,1.03,1.03,stopped,60.0,20.0,7.1142,5.706,-1.4082
2026-09-26 04:49:01,1790390941941,eth,1790390700,Down,0.62,0.44,29.0,659,1.03,0.98,stopped,60.0,20.0,9.3465,9.0513,-0.2952
2026-09-26 04:52:36,1790391156955,btc,1790390700,Up,0.62,0.51,17.7,444,1.05,0.9,hedged,45.0,20.0,18.6793,20.0,1.3207
2026-09-26 04:52:36,1790391156956,eth,1790390700,Up,0.33,0.28,15.2,444,1.05,1.03,stopped,65.0,20.0,6.0883,4.5446,-1.5436
2026-09-26 04:54:26,1790391266990,eth,1790390700,Up,0.19,0.16,15.8,334,1.03,1.03,stopped,60.0,20.0,3.5975,1.497,-2.1006
2026-09-26 04:55:31,1790391331981,eth,1790390700,Up,0.12,0.1,16.7,269,1.03,1.02,stopped,65.0,20.0,2.3371,1.497,-0.8401
2026-09-26 04:56:46,1790391406959,btc,1790390700,Down,0.51,0.41,19.6,194,1.03,0.96,stopped,60.0,20.0,8.741,8.8522,0.1112
2026-09-26 04:56:57,1790391417000,eth,1790390700,Up,0.1,0.08,20.0,184,1.03,1.03,stopped,65.0,20.0,1.9147,0.1861,-1.7285
2026-09-26 04:59:12,1790391552027,btc,1790390700,Up,0.55,0.28,49.1,49,1.03,1.03,held_to_resolution,,20.0,6.0883,,
2026-09-26 05:01:36,1790391696953,eth,1790391600,Up,0.38,0.32,15.8,804,1.03,1.0,stopped,60.0,20.0,6.9095,4.9306,-1.9789
2026-09-26 05:03:21,1790391801970,eth,1790391600,Up,0.26,0.22,15.4,699,1.03,0.92,hedged,40.0,20.0,18.9474,20.0,1.0526
2026-09-26 05:06:52,1790392012032,btc,1790391600,Down,0.57,0.45,21.1,489,1.03,0.98,stopped,65.0,20.0,9.5478,9.0513,-0.4965
2026-09-26 05:07:26,1790392046979,eth,1790391600,Up,0.32,0.21,34.4,454,1.03,1.0,stopped,60.0,20.0,4.6402,3.5845,-1.0557
2026-09-26 05:08:42,1790392122021,btc,1790391600,Down,0.52,0.44,15.4,379,1.03,0.99,stopped,65.0,20.0,9.3465,7.8613,-1.4852
2026-09-26 05:09:06,1790392146986,eth,1790391600,Up,0.19,0.15,21.1,354,1.03,0.93,stopped,60.0,20.0,3.3882,1.121,-2.2671
2026-09-26 05:09:57,1790392197010,btc,1790391600,Up,0.58,0.48,17.2,304,1.03,1.02,stopped,60.0,20.0,10.1499,2.0629,-8.0869
2026-09-26 05:10:17,1790392217033,eth,1790391600,Up,0.08,0.06,25.0,284,1.03,1.03,stopped,65.4,20.0,1.4911,0.1861,-1.305
2026-09-26 05:11:22,1790392282447,btc,1790391600,Up,0.16,0.12,25.0,219,1.03,1.03,stopped,64.6,20.0,2.7583,0.1861,-2.5722
2026-09-26 05:18:22,1790392702052,eth,1790392500,Down,0.27,0.21,22.2,699,1.03,1.03,stopped,65.0,20.0,4.6402,2.8215,-1.8187
2026-09-26 05:19:42,1790392782039,eth,1790392500,Down,0.24,0.17,29.2,619,1.03,1.02,stopped,65.0,20.0,3.8066,2.6314,-1.1752
2026-09-26 05:21:07,1790392867022,btc,1790392500,Up,0.58,0.49,15.5,534,1.03,0.92,hedged,30.0,20.0,19.091,20.0,0.909
2026-09-26 05:20:57,1790392857085,eth,1790392500,Down,0.16,0.12,25.0,544,1.03,1.01,stopped,65.0,20.0,2.7583,0.7462,-2.0121
2026-09-26 05:22:07,1790392927048,btc,1790392500,Down,0.31,0.25,19.4,474,1.03,1.03,stopped,65.0,20.0,5.4694,3.9677,-1.5016
2026-09-26 05:24:07,1790393047059,eth,1790392500,Down,0.06,0.05,16.7,354,1.03,1.02,stopped,60.0,20.0,1.279,0.3726,-0.9064
2026-09-26 05:25:27,1790393127036,btc,1790392500,Down,0.18,0.09,50.0,274,1.03,1.03,stopped,60.1,20.0,2.126,0.1861,-1.9399
2026-09-26 05:25:17,1790393117146,eth,1790392500,Down,0.05,0.04,20.0,284,1.03,1.03,held_to_resolution,,20.0,1.0665,,
2026-09-26 05:30:37,1790393437051,btc,1790393400,Down,0.61,0.49,19.7,864,1.03,1.03,stopped,60.0,20.0,10.35,7.0737,-3.2763
2026-09-26 05:30:37,1790393437052,eth,1790393400,Down,0.65,0.48,26.2,864,1.03,1.03,stopped,60.0,20.0,10.1499,6.0954,-4.0545
2026-09-26 05:31:57,1790393517078,btc,1790393400,Down,0.38,0.32,15.8,784,1.03,0.97,stopped,65.0,20.0,6.9095,6.8774,-0.0321
2026-09-26 05:34:47,1790393687079,btc,1790393400,Up,0.43,0.31,27.9,614,1.03,1.02,stopped,65.0,20.0,6.7046,5.3178,-1.3869
2026-09-26 05:34:47,1790393687080,eth,1790393400,Up,0.53,0.35,34.0,614,1.03,0.94,stopped,65.0,20.0,7.5226,7.8613,0.3388
2026-09-26 05:38:37,1790393917114,btc,1790393400,Up,0.33,0.28,15.2,384,1.03,0.81,hedged,30.0,20.0,16.8377,20.0,3.1623
2026-09-26 05:39:02,1790393942093,eth,1790393400,Down,0.57,0.47,17.5,359,1.03,0.88,stopped,60.9,20.0,9.9494,11.664,1.7146
2026-09-26 05:40:02,1790394002172,btc,1790393400,Up,0.38,0.21,44.7,299,1.03,1.03,stopped,64.9,20.0,4.6402,1.3089,-3.3314
2026-09-26 05:40:07,1790394007155,eth,1790393400,Up,0.69,0.36,47.8,294,1.03,1.03,stopped,65.0,20.0,7.7263,3.0118,-4.7145
2026-09-26 05:41:17,1790394077087,eth,1790393400,Up,0.23,0.18,21.7,224,1.03,1.01,stopped,60.0,20.0,4.0155,0.5593,-3.4562
2026-09-26 05:42:17,1790394137130,btc,1790393400,Up,0.06,0.05,16.7,164,1.03,1.03,stopped,65.0,20.0,1.279,0.1861,-1.0928
2026-09-26 05:42:27,1790394147097,eth,1790393400,Up,0.05,0.03,40.0,154,1.03,1.02,stopped,60.0,20.0,0.8538,0.1861,-0.6676
2026-09-26 05:46:37,1790394397112,btc,1790394300,Up,0.4,0.34,15.0,804,1.03,0.92,stopped,65.0,20.0,7.3185,8.059,0.7405
2026-09-26 05:49:52,1790394592097,eth,1790394300,Up,0.49,0.41,16.3,609,1.03,0.85,hedged,20.0,20.0,17.6842,20.0,2.3158
2026-09-26 05:50:17,1790394617123,eth,1790394300,Down,0.6,0.42,30.0,584,1.03,0.91,hedged,10.0,20.0,18.8926,20.0,1.1074
2026-09-26 05:50:17,1790394617122,btc,1790394300,Down,0.64,0.52,18.8,584,1.03,0.93,stopped,60.0,20.0,10.9487,8.6535,-2.2952
2026-09-26 05:52:12,1790394732253,btc,1790394300,Up,0.56,0.44,21.4,469,1.03,1.03,stopped,64.9,20.0,9.3465,6.8774,-2.4691
2026-09-26 05:52:12,1790394732255,eth,1790394300,Up,0.51,0.41,19.6,469,1.03,1.0,stopped,64.9,20.0,8.741,7.8613,-0.8797
2026-09-26 05:53:22,1790394802113,eth,1790394300,Down,0.61,0.5,18.0,399,1.03,1.0,stopped,60.0,20.0,10.5499,8.059,-2.4909
2026-09-26 05:53:37,1790394817147,btc,1790394300,Down,0.61,0.49,19.7,384,1.03,0.98,stopped,60.0,20.0,10.35,9.4501,-0.8999
2026-09-26 05:54:42,1790394882156,btc,1790394300,Up,0.5,0.36,28.0,319,1.03,1.02,stopped,65.0,20.0,7.7263,6.6815,-1.0448
2026-09-26 05:54:42,1790394882158,eth,1790394300,Up,0.54,0.42,22.2,319,1.03,1.03,stopped,65.0,20.0,8.9431,5.706,-3.2371
2026-09-26 05:55:57,1790394957142,eth,1790394300,Up,0.32,0.27,15.6,244,1.03,1.03,stopped,65.0,20.0,5.8822,2.8215,-3.0607
2026-09-26 05:56:17,1790394977144,btc,1790394300,Up,0.29,0.24,17.2,224,1.03,1.03,stopped,65.0,20.0,5.2625,2.6314,-2.6311
2026-09-26 05:57:52,1790395072137,btc,1790394300,Up,0.13,0.1,23.1,129,1.03,0.99,stopped,60.0,20.0,2.3371,2.2522,-0.0849
2026-09-26 05:59:07,1790395147137,btc,1790394300,Down,0.83,0.59,28.9,54,1.04,0.65,hedged,30.0,20.0,13.4025,20.0,6.5975
2026-09-26 05:58:17,1790395097147,eth,1790394300,Up,0.17,0.09,47.1,104,1.03,0.99,held_to_resolution,,20.0,2.126,,
2026-09-26 06:01:17,1790395277166,btc,1790395200,Down,0.46,0.34,26.1,824,1.03,1.03,stopped,65.0,20.0,7.3185,3.5845,-3.734
2026-09-26 06:01:17,1790395277167,eth,1790395200,Down,0.47,0.39,17.0,824,1.03,1.03,stopped,65.0,20.0,8.336,4.9306,-3.4054
2026-09-26 06:02:42,1790395362143,eth,1790395200,Down,0.28,0.22,21.4,739,1.03,1.03,stopped,60.0,20.0,4.8479,3.5845,-1.2634
2026-09-26 06:04:07,1790395447181,btc,1790395200,Down,0.19,0.16,15.8,654,1.03,1.03,stopped,65.0,20.0,3.5975,2.4417,-1.1559
2026-09-26 06:06:47,1790395607156,btc,1790395200,Down,0.15,0.12,20.0,494,1.03,1.02,stopped,60.0,20.0,2.7583,1.3089,-1.4495
2026-09-26 06:06:42,1790395602208,eth,1790395200,Down,0.15,0.12,20.0,499,1.03,1.02,stopped,65.0,20.0,2.7583,1.497,-1.2614
2026-09-26 06:08:07,1790395687164,btc,1790395200,Down,0.09,0.05,44.4,414,1.03,1.02,stopped,60.0,20.0,1.279,0.5593,-0.7197
2026-09-26 06:08:37,1790395717187,eth,1790395200,Down,0.06,0.05,16.7,384,1.04,1.03,stopped,60.0,20.0,1.279,0.3726,-0.9064
2026-09-26 06:09:12,1790395752257,btc,1790395200,Down,0.05,0.03,40.0,349,1.03,1.019,stopped,64.9,20.0,0.8538,0.3912,-0.4625
2026-09-26 06:11:32,1790395892187,btc,1790395200,Down,0.06,0.03,50.0,209,1.03,0.98,stopped,65.0,20.0,0.8538,0.5779,-0.2758
2026-09-26 06:12:42,1790395962186,btc,1790395200,Down,0.05,0.03,40.0,139,1.024,1.024,stopped,80.0,20.0,0.8538,0.1861,-0.6676
2026-09-26 06:17:07,1790396227203,eth,1790396100,Up,0.67,0.55,17.9,774,1.03,0.87,hedged,55.0,20.0,18.0444,20.0,1.9556
2026-09-26 06:18:02,1790396282226,btc,1790396100,Down,0.31,0.25,19.4,719,1.03,0.97,stopped,65.0,20.0,5.4694,3.0118,-2.4575
2026-09-26 06:18:52,1790396332196,eth,1790396100,Down,0.39,0.32,17.9,669,1.03,1.03,stopped,65.0,20.0,6.9095,4.3521,-2.5575
2026-09-26 06:20:07,1790396407239,btc,1790396100,Down,0.17,0.14,17.6,594,1.03,0.95,stopped,65.0,20.0,3.1785,2.6314,-0.5471
2026-09-26 06:20:12,1790396412272,eth,1790396100,Down,0.23,0.18,21.7,589,1.03,0.98,stopped,60.0,20.0,4.0155,3.776,-0.2395
2026-09-26 06:21:17,1790396477241,btc,1790396100,Down,0.22,0.16,27.3,524,1.03,0.9,hedged,55.0,20.0,18.4735,20.0,1.5265
2026-09-26 06:21:17,1790396477242,eth,1790396100,Down,0.23,0.18,21.7,524,1.03,0.83,hedged,55.0,20.0,17.138,20.0,2.862
2026-09-26 06:22:32,1790396552243,eth,1790396100,Up,0.61,0.5,18.0,449,1.03,1.03,stopped,60.0,20.0,10.5499,4.1598,-6.3901
2026-09-26 06:23:02,1790396582214,btc,1790396100,Up,0.48,0.38,20.8,419,1.03,1.03,stopped,60.0,20.0,8.1331,2.2522,-5.8809
2026-09-26 06:23:52,1790396632228,eth,1790396100,Up,0.22,0.18,18.2,369,1.03,1.03,stopped,60.0,20.0,4.0155,0.5593,-3.4562
2026-09-26 06:24:07,1790396647220,btc,1790396100,Up,0.26,0.14,46.2,354,1.03,1.02,stopped,60.6,20.0,3.1785,0.7462,-2.4323
2026-09-26 06:25:03,1790396703121,eth,1790396100,Up,0.05,0.04,20.0,299,1.03,0.95,stopped,64.1,20.0,1.0665,0.5593,-0.5072
2026-09-26 06:25:12,1790396712352,btc,1790396100,Up,0.07,0.05,28.6,289,1.03,0.96,stopped,64.9,20.0,1.279,0.5593,-0.7197
2026-09-26 06:26:32,1790396792272,btc,1790396100,Up,0.05,0.03,40.0,209,1.03,1.03,stopped,95.0,20.0,0.8538,0.1861,-0.6676
2026-09-26 06:26:32,1790396792274,eth,1790396100,Up,0.11,0.05,54.5,209,1.04,1.04,stopped,100.0,20.0,1.279,0.1861,-1.0928
2026-09-26 06:31:27,1790397087272,btc,1790397000,Down,0.53,0.39,26.4,814,1.03,0.97,stopped,60.0,20.0,8.336,6.2905,-2.0455
2026-09-26 06:31:22,1790397082691,eth,1790397000,Down,0.61,0.44,27.9,819,1.03,1.03,stopped,64.6,20.0,9.3465,7.8613,-1.4852
2026-09-26 06:34:57,1790397297274,eth,1790397000,Up,0.62,0.4,35.5,604,1.03,0.91,hedged,10.0,20.0,18.8887,20.0,1.1113
2026-09-26 06:34:57,1790397297273,btc,1790397000,Up,0.64,0.43,32.8,604,1.03,0.9,hedged,50.0,20.0,18.6927,20.0,1.3073
2026-09-26 06:35:22,1790397322272,eth,1790397000,Up,0.53,0.45,15.1,579,1.03,0.94,stopped,60.4,20.0,9.5478,9.0513,-0.4965
2026-09-26 06:35:52,1790397352267,btc,1790397000,Down,0.55,0.42,23.6,549,1.03,1.03,stopped,60.1,20.0,8.9431,5.5117,-3.4314
2026-09-26 06:36:32,1790397392257,eth,1790397000,Down,0.5,0.36,28.0,509,1.03,0.92,hedged,60.1,20.0,19.0728,20.0,0.9272
2026-09-26 06:38:17,1790397497303,eth,1790397000,Up,0.51,0.42,17.6,404,1.05,0.84,hedged,25.0,20.0,17.4818,20.0,2.5182
2026-09-26 06:38:42,1790397522273,btc,1790397000,Down,0.41,0.27,34.1,379,1.03,1.02,stopped,65.0,20.0,5.8822,3.3934,-2.4889
2026-09-26 06:39:07,1790397547285,eth,1790397000,Down,0.42,0.34,19.0,354,1.04,1.04,stopped,60.0,20.0,7.3185,3.3934,-3.9251
2026-09-26 06:40:57,1790397657298,eth,1790397000,Down,0.21,0.16,23.8,244,1.03,1.03,stopped,65.0,20.0,3.5975,0.7462,-2.8513
2026-09-26 06:41:12,1790397672293,btc,1790397000,Down,0.15,0.09,40.0,229,1.03,1.01,stopped,60.0,20.0,2.126,0.1861,-1.9399
2026-09-26 06:42:07,1790397727310,eth,1790397000,Down,0.06,0.04,33.3,174,1.03,1.03,held_to_resolution,,20.0,1.0665,,
2026-09-26 06:48:12,1790398092409,eth,1790397900,Down,0.48,0.35,27.1,709,1.03,0.96,stopped,64.9,20.0,7.5226,7.4669,-0.0556
2026-09-26 06:49:32,1790398172313,eth,1790397900,Down,0.41,0.32,22.0,629,1.03,0.96,stopped,60.0,20.0,6.9095,4.9306,-1.9789
2026-09-26 06:50:12,1790398212379,btc,1790397900,Up,0.66,0.54,18.2,589,1.03,0.95,stopped,60.1,20.0,11.3465,11.4613,0.1148
2026-09-26 06:55:17,1790398517400,eth,1790397900,Down,0.19,0.13,31.6,284,1.03,1.03,stopped,65.4,20.0,2.9686,1.121,-1.8475
2026-09-26 06:56:27,1790398587342,eth,1790397900,Down,0.08,0.06,25.0,214,1.03,0.96,stopped,60.0,20.0,1.4911,1.121,-0.3701
2026-09-26 06:56:42,1790398602333,btc,1790397900,Up,0.74,0.53,28.4,199,1.03,0.99,stopped,65.0,20.0,11.1478,8.8522,-2.2955
2026-09-26 06:57:52,1790398672319,btc,1790397900,Down,0.51,0.4,21.6,129,1.03,0.99,stopped,60.0,20.0,8.5387,2.8215,-5.7172
2026-09-26 06:58:07,1790398687329,eth,1790397900,Down,0.06,0.05,16.7,114,1.04,1.04,stopped,65.0,20.0,1.279,0.1861,-1.0928
2026-09-26 06:58:57,1790398737331,btc,1790397900,Down,0.22,0.18,18.2,64,1.03,1.03,held_to_resolution,,20.0,4.0155,,
2026-09-26 07:08:37,1790399317379,eth,1790398800,Down,0.57,0.42,26.3,384,1.03,0.91,hedged,55.0,20.0,18.8926,20.0,1.1074
2026-09-26 07:09:22,1790399362363,btc,1790398800,Up,0.89,0.73,18.0,339,1.03,0.97,stopped,60.0,20.0,15.0694,14.1178,-0.9516
2026-09-26 07:10:12,1790399412371,eth,1790398800,Up,0.54,0.45,16.7,289,1.03,1.03,stopped,60.0,20.0,9.5478,5.3178,-4.23
2026-09-26 07:12:02,1790399522372,eth,1790398800,Up,0.28,0.17,39.3,178,1.03,1.03,stopped,60.0,20.0,3.8066,0.1861,-3.6205
2026-09-26 07:12:27,1790399547388,btc,1790398800,Up,0.62,0.31,50.0,153,1.03,1.03,stopped,70.0,20.0,6.7046,0.3726,-6.3321
2026-09-26 07:14:07,1790399647412,btc,1790398800,Up,0.17,0.14,17.6,53,1.03,1.03,held_to_resolution,,20.0,3.1785,,
2026-09-26 07:17:22,1790399842369,btc,1790399700,Up,0.31,0.26,16.1,758,1.03,1.03,stopped,60.0,20.0,5.6759,4.3521,-1.3239
2026-09-26 07:18:32,1790399912386,eth,1790399700,Up,0.37,0.31,16.2,688,1.03,0.85,hedged,55.0,20.0,17.6534,20.0,2.3466
2026-09-26 07:18:57,1790399937373,btc,1790399700,Up,0.25,0.21,16.0,663,1.03,0.93,stopped,60.0,20.0,4.6402,5.3178,0.6775
2026-09-26 07:19:32,1790399972390,eth,1790399700,Down,0.76,0.59,22.4,628,1.04,0.99,stopped,60.0,20.0,12.336,11.664,-0.672
2026-09-26 07:21:07,1790400067376,eth,1790399700,Down,0.52,0.44,15.4,533,1.03,1.01,stopped,60.0,20.0,9.3465,4.3521,-4.9944
2026-09-26 07:21:37,1790400097387,btc,1790399700,Down,0.61,0.51,16.4,503,1.03,1.0,stopped,60.0,20.0,10.7494,10.0506,-0.6989
2026-09-26 07:23:27,1790400207407,eth,1790399700,Down,0.27,0.21,22.2,393,1.03,1.03,stopped,60.0,20.0,4.6402,0.3726,-4.2677
2026-09-26 07:23:42,1790400222400,btc,1790399700,Down,0.56,0.44,21.4,378,1.03,1.03,stopped,60.0,20.0,9.3465,2.8215,-6.525
2026-09-26 07:24:42,1790400282419,eth,1790399700,Down,0.05,0.04,20.0,318,1.03,1.01,stopped,60.0,20.0,1.0665,0.7462,-0.3203
2026-09-26 07:25:37,1790400337444,btc,1790399700,Up,0.85,0.64,24.7,263,1.03,0.92,hedged,45.4,20.0,18.9944,20.0,1.0056
2026-09-26 07:25:47,1790400347402,eth,1790399700,Down,0.06,0.04,33.3,253,1.04,1.04,stopped,60.0,20.0,1.0665,0.1861,-0.8804
2026-09-26 07:26:27,1790400387418,btc,1790399700,Down,0.27,0.22,18.5,213,1.03,0.57,hedged,40.0,20.0,11.9621,20.0,8.0379
2026-09-26 07:27:27,1790400447399,btc,1790399700,Up,0.33,0.24,27.3,153,1.03,1.03,stopped,60.0,20.0,5.2625,0.9335,-4.329
2026-09-26 07:27:47,1790400467399,eth,1790399700,Up,0.54,0.45,16.7,133,1.03,1.0,stopped,60.0,20.0,9.5478,2.0629,-7.4848
2026-09-26 07:28:32,1790400512441,btc,1790399700,Up,0.07,0.05,28.6,88,1.03,1.03,held_to_resolution,,20.0,1.279,,
2026-09-26 07:28:57,1790400537409,eth,1790399700,Up,0.13,0.05,61.5,63,1.04,0.97,held_to_resolution,,20.0,1.279,,
2026-09-26 07:30:27,1790400627419,eth,1790400600,Up,0.51,0.41,19.6,873,1.03,0.99,stopped,60.0,20.0,8.741,7.2702,-1.4709
2026-09-26 07:31:47,1790400707401,eth,1790400600,Up,0.39,0.27,30.8,793,1.04,1.0,stopped,60.0,20.0,5.8822,3.9677,-1.9145
2026-09-26 07:32:27,1790400747441,btc,1790400600,Up,0.4,0.34,15.0,753,1.03,1.02,stopped,65.0,20.0,7.3185,5.1241,-2.1944
2026-09-26 07:34:32,1790400872434,eth,1790400600,Up,0.21,0.15,28.6,628,1.03,0.96,stopped,60.0,20.0,3.3882,3.776,0.3878
2026-09-26 07:35:42,1790400942461,eth,1790400600,Up,0.25,0.19,24.0,558,1.03,1.03,stopped,65.0,20.0,4.224,1.6853,-2.5387
2026-09-26 07:37:07,1790401027443,eth,1790400600,Up,0.11,0.09,18.2,473,1.03,0.71,hedged,20.5,20.0,14.6591,20.0,5.3409
2026-09-26 07:37:27,1790401047937,btc,1790400600,Down,0.77,0.56,27.3,453,1.03,1.02,stopped,64.5,20.0,11.7431,7.664,-4.0791
2026-09-26 07:37:32,1790401052458,eth,1790400600,Down,0.92,0.56,39.1,448,1.07,0.94,stopped,65.0,20.0,11.7431,7.0737,-4.6695
2026-09-26 07:38:37,1790401117444,btc,1790400600,Down,0.53,0.4,24.5,383,1.03,1.03,stopped,60.0,20.0,8.5387,2.4417,-6.097
2026-09-26 07:38:52,1790401132445,eth,1790400600,Down,0.43,0.3,30.2,368,1.03,0.93,stopped,60.0,20.0,6.4995,5.5117,-0.9877
2026-09-26 07:40:32,1790401232458,eth,1790400600,Down,0.4,0.28,30.0,268,1.03,0.9,stopped,60.0,20.0,6.0883,1.874,-4.2143
2026-09-26 07:40:47,1790401247470,btc,1790400600,Down,0.31,0.26,16.1,253,1.03,1.03,stopped,60.0,20.0,5.6759,1.6853,-3.9906
2026-09-26 07:41:57,1790401317425,eth,1790400600,Down,0.19,0.16,15.8,183,1.03,1.03,stopped,60.1,20.0,3.5975,0.7462,-2.8513
2026-09-26 07:42:42,1790401362490,btc,1790400600,Down,0.11,0.09,18.2,138,1.03,1.03,stopped,65.0,20.0,2.126,0.1861,-1.9399
2026-09-26 07:43:02,1790401382477,eth,1790400600,Down,0.1,0.07,30.0,118,1.04,0.97,held_to_resolution,,20.0,1.703,,
2026-09-26 07:46:57,1790401617497,eth,1790401500,Down,0.39,0.32,17.9,783,1.03,0.89,hedged,20.0,20.0,18.4545,20.0,1.5455
2026-09-26 07:46:52,1790401612483,btc,1790401500,Down,0.39,0.33,15.4,788,1.03,0.99,stopped,60.0,20.0,7.1142,6.2905,-0.8237
2026-09-26 07:48:42,1790401722494,eth,1790401500,Up,0.55,0.36,34.5,678,1.03,0.92,hedged,15.0,20.0,19.0728,20.0,0.9272
2026-09-26 07:48:02,1790401682467,btc,1790401500,Down,0.35,0.28,20.0,718,1.03,0.97,stopped,65.0,20.0,6.0883,5.3178,-0.7705
2026-09-26 07:50:07,1790401807534,eth,1790401500,Up,0.47,0.37,21.3,593,1.04,0.92,stopped,65.0,20.0,7.9298,8.455,0.5252
2026-09-26 07:51:42,1790401902515,btc,1790401500,Up,0.73,0.31,57.5,498,1.03,1.01,stopped,65.0,20.0,6.7046,5.5117,-1.1929
2026-09-26 07:51:42,1790401902516,eth,1790401500,Up,0.46,0.1,78.3,498,1.04,0.94,stopped,65.0,20.0,2.3371,2.2522,-0.0849
2026-09-26 07:53:47,1790402027520,btc,1790401500,Up,0.27,0.19,29.6,373,1.03,1.03,stopped,65.0,20.0,4.224,1.6853,-2.5387
2026-09-26 07:53:47,1790402027521,eth,1790401500,Up,0.1,0.08,20.0,373,1.03,1.03,stopped,65.0,20.0,1.9147,0.3726,-1.5421
2026-09-26 07:54:57,1790402097481,btc,1790401500,Up,0.13,0.09,30.8,303,1.03,0.97,stopped,60.5,20.0,2.126,2.0629,-0.0631
2026-09-26 07:56:22,1790402182928,btc,1790401500,Up,0.2,0.17,15.0,218,1.03,1.03,stopped,64.6,20.0,3.8066,0.9335,-2.8731
2026-09-26 07:57:52,1790402272498,btc,1790401500,Up,0.06,0.05,16.7,128,1.03,1.03,stopped,65.0,20.0,1.279,0.1861,-1.0928
2026-09-26 08:02:02,1790402522527,btc,1790402400,Up,0.52,0.43,17.3,778,1.03,1.03,stopped,60.0,20.0,9.145,5.9005,-3.2444
2026-09-26 08:02:02,1790402522529,eth,1790402400,Up,0.4,0.34,15.0,778,1.03,1.03,stopped,60.0,20.0,7.3185,4.1598,-3.1587
2026-09-26 08:04:27,1790402667546,eth,1790402400,Up,0.24,0.16,33.3,633,1.03,0.84,hedged,25.0,20.0,17.3071,20.0,2.6929
2026-09-26 08:04:57,1790402697545,eth,1790402400,Down,0.66,0.51,22.7,603,1.03,0.92,hedged,10.0,20.0,19.0854,20.0,0.9146
2026-09-26 08:04:57,1790402697543,btc,1790402400,Down,0.61,0.36,41.0,603,1.03,0.93,stopped,65.0,20.0,7.7263,6.4858,-1.2405
2026-09-26 08:06:17,1790402777532,eth,1790402400,Down,0.6,0.5,16.7,523,1.03,0.94,stopped,60.1,20.0,10.5499,11.0569,0.507
2026-09-26 08:07:47,1790402867535,btc,1790402400,Up,0.65,0.54,16.9,433,1.03,1.03,stopped,60.0,20.0,11.3465,6.0954,-5.2511
2026-09-26 08:08:02,1790402882522,eth,1790402400,Up,0.38,0.32,15.8,418,1.03,1.03,stopped,65.0,20.0,6.9095,3.3934,-3.5162
2026-09-26 08:09:32,1790402972536,btc,1790402400,Down,0.66,0.51,22.7,328,1.03,1.03,stopped,60.0,20.0,10.7494,7.0737,-3.6758
2026-09-26 08:09:32,1790402972538,eth,1790402400,Down,0.76,0.62,18.4,328,1.03,1.01,stopped,60.0,20.0,12.9263,7.2702,-5.6562
2026-09-26 08:11:12,1790403072574,eth,1790402400,Up,0.63,0.52,17.5,228,1.06,1.01,stopped,60.0,20.0,10.9487,8.059,-2.8898
2026-09-26 08:12:22,1790403142595,btc,1790402400,Down,0.4,0.29,27.5,158,1.03,0.8,hedged,39.9,20.0,16.644,20.0,3.356
2026-09-26 08:13:47,1790403227545,eth,1790402400,Down,0.64,0.42,34.4,73,1.06,0.6,hedged,15.0,20.0,12.5407,20.0,7.4593
2026-09-26 08:14:07,1790403247548,btc,1790402400,Up,0.5,0.13,74.0,53,1.03,1.03,held_to_resolution,,20.0,2.9686,,
2026-09-26 08:14:07,1790403247549,eth,1790402400,Up,0.51,0.1,80.4,53,1.05,1.05,held_to_resolution,,20.0,2.3371,,
2026-09-26 08:15:27,1790403327561,btc,1790403300,Down,0.5,0.42,16.0,873,1.03,1.01,stopped,60.0,20.0,8.9431,8.059,-0.8842
2026-09-26 08:17:12,1790403432585,eth,1790403300,Up,0.38,0.31,18.4,768,1.04,1.02,stopped,65.0,20.0,6.7046,4.5446,-2.16
2026-09-26 08:17:32,1790403452608,btc,1790403300,Up,0.49,0.39,20.4,748,1.03,0.98,stopped,64.9,20.0,8.336,7.664,-0.672
2026-09-26 08:19:02,1790403542567,eth,1790403300,Down,0.72,0.61,15.3,658,1.04,1.03,stopped,60.8,20.0,12.7298,6.4858,-6.244
2026-09-26 08:19:22,1790403562565,btc,1790403300,Down,0.52,0.43,17.3,638,1.03,1.02,stopped,60.0,20.0,9.145,7.0737,-2.0713
2026-09-26 08:22:07,1790403727589,eth,1790403300,Up,0.54,0.43,20.4,473,1.05,0.9,hedged,30.0,20.0,18.6927,20.0,1.3073
2026-09-26 08:22:47,1790403767574,eth,1790403300,Down,0.45,0.33,26.7,433,1.03,0.9,hedged,35.0,20.0,18.6591,20.0,1.3409
2026-09-26 08:22:42,1790403762597,btc,1790403300,Down,0.36,0.28,22.2,438,1.03,0.87,hedged,60.0,20.0,18.0293,20.0,1.9707
2026-09-26 08:23:42,1790403822587,eth,1790403300,Up,0.51,0.41,19.6,378,1.05,1.03,stopped,60.0,20.0,8.741,6.2905,-2.4506
2026-09-26 08:25:12,1790403912630,eth,1790403300,Up,0.39,0.33,15.4,288,1.04,0.87,hedged,30.0,20.0,18.0629,20.0,1.9371
2026-09-26 08:24:47,1790403887582,btc,1790403300,Down,0.4,0.3,25.0,313,1.03,1.03,stopped,60.0,20.0,6.4995,3.9677,-2.5317
2026-09-26 08:25:47,1790403947593,eth,1790403300,Down,0.74,0.43,41.9,253,1.03,0.9,hedged,15.0,20.0,18.6927,20.0,1.3073
2026-09-26 08:26:12,1790403972618,btc,1790403300,Up,0.72,0.61,15.3,228,1.03,0.9,hedged,35.0,20.0,18.6121,20.0,1.3879
2026-09-26 08:26:07,1790403967599,eth,1790403300,Up,0.45,0.36,20.0,233,1.04,1.04,stopped,65.0,20.0,7.7263,1.121,-6.6053
2026-09-26 08:27:07,1790404027596,btc,1790403300,Up,0.75,0.62,17.3,173,1.03,0.86,hedged,55.0,20.0,17.7743,20.0,2.2257
2026-09-26 08:28:32,1790404112592,btc,1790403300,Up,0.8,0.54,32.5,88,1.03,0.87,hedged,20.0,20.0,18.0511,20.0,1.9489
2026-09-26 08:27:52,1790404072634,eth,1790403300,Up,0.06,0.05,16.7,128,1.03,1.01,stopped,70.0,20.0,1.279,0.9335,-0.3455
2026-09-26 08:28:57,1790404137641,btc,1790403300,Down,0.31,0.23,25.8,63,1.03,1.03,held_to_resolution,,20.0,5.0554,,
2026-09-26 08:30:17,1790404217632,btc,1790404200,Down,0.48,0.39,18.7,883,1.03,0.99,stopped,65.4,20.0,8.336,7.8613,-0.4747
2026-09-26 08:30:17,1790404217633,eth,1790404200,Down,0.46,0.32,30.4,883,1.04,1.02,stopped,65.4,20.0,6.9095,5.9005,-1.009
2026-09-26 08:32:02,1790404322656,btc,1790404200,Down,0.5,0.4,20.0,778,1.03,1.01,stopped,65.0,20.0,8.5387,6.4858,-2.0528
2026-09-26 08:32:02,1790404322658,eth,1790404200,Down,0.43,0.29,32.6,778,1.03,1.03,stopped,65.0,20.0,6.294,2.6314,-3.6626
2026-09-26 08:34:32,1790404472606,btc,1790404200,Up,0.72,0.56,22.2,628,1.03,1.01,stopped,60.0,20.0,11.7431,10.855,-0.8881
2026-09-26 08:34:47,1790404487597,eth,1790404200,Up,0.71,0.53,25.4,613,1.03,1.0,stopped,60.0,20.0,11.1478,7.664,-3.4838
2026-09-26 08:35:52,1790404552636,eth,1790404200,Up,0.43,0.29,32.6,548,1.04,0.93,stopped,60.0,20.0,6.294,7.0737,0.7797
2026-09-26 08:36:57,1790404617614,btc,1790404200,Down,0.45,0.35,22.2,483,1.05,0.91,hedged,45.0,20.0,18.8691,20.0,1.1309
2026-09-26 08:38:27,1790404707625,eth,1790404200,Down,0.58,0.41,29.3,393,1.03,1.01,stopped,65.0,20.0,8.741,5.1241,-3.617
2026-09-26 08:39:37,1790404777618,eth,1790404200,Down,0.36,0.23,36.1,323,1.03,1.03,stopped,60.0,20.0,5.0554,3.0118,-2.0435
2026-09-26 08:40:57,1790404857662,eth,1790404200,Down,0.17,0.12,29.4,243,1.03,0.87,hedged,30.0,20.0,17.8277,20.0,2.1723
2026-09-26 08:41:27,1790404887624,btc,1790404200,Up,0.48,0.36,25.0,213,1.03,1.0,stopped,60.1,20.0,7.7263,2.4417,-5.2847
2026-09-26 08:42:02,1790404922635,eth,1790404200,Up,0.73,0.38,47.9,178,1.03,0.83,hedged,45.0,20.0,17.278,20.0,2.722
2026-09-26 08:42:57,1790404977622,eth,1790404200,Up,0.58,0.35,39.7,123,1.04,0.86,hedged,25.0,20.0,17.8726,20.0,2.1274
2026-09-26 08:42:52,1790404972646,btc,1790404200,Up,0.2,0.16,20.0,128,1.03,1.03,stopped,60.0,20.0,3.5975,1.874,-1.7235
2026-09-26 08:44:07,1790405047645,btc,1790404200,Up,0.19,0.05,73.7,53,1.04,1.04,held_to_resolution,,20.0,1.279,,
2026-09-26 08:43:47,1790405027659,eth,1790404200,Down,0.49,0.14,71.4,73,1.04,1.0,held_to_resolution,,20.0,3.1785,,
2026-09-26 08:47:37,1790405257760,btc,1790405100,Down,0.52,0.39,25.0,743,1.03,1.0,stopped,64.9,20.0,8.336,6.2905,-2.0455
2026-09-26 08:47:42,1790405262619,eth,1790405100,Down,0.58,0.36,37.9,738,1.04,0.99,stopped,60.1,20.0,7.7263,3.776,-3.9503
2026-09-26 08:49:07,1790405347644,eth,1790405100,Down,0.26,0.22,15.4,653,1.05,1.05,stopped,60.1,20.0,4.8479,3.2025,-1.6455
2026-09-26 08:52:07,1790405527675,eth,1790405100,Down,0.28,0.23,17.9,473,1.03,0.64,hedged,60.0,20.0,13.3914,20.0,6.6086
2026-09-26 08:53:42,1790405622677,eth,1790405100,Down,0.58,0.48,17.2,378,1.05,0.94,stopped,60.0,20.0,10.1499,10.0506,-0.0993
2026-09-26 08:54:47,1790405687684,eth,1790405100,Down,0.53,0.41,22.6,313,1.05,0.99,stopped,60.0,20.0,8.741,8.2569,-0.4842
2026-09-26 08:56:02,1790405762680,eth,1790405100,Down,0.4,0.33,17.5,238,1.03,1.03,stopped,60.1,20.0,7.1142,3.5845,-3.5296
2026-09-26 08:57:17,1790405837698,eth,1790405100,Down,0.21,0.17,19.0,163,1.03,1.03,stopped,60.0,20.0,3.8066,0.1861,-3.6205
2026-09-26 08:58:17,1790405897712,btc,1790405100,Down,0.33,0.27,18.2,103,1.03,0.33,hedged,50.0,20.0,11.7645,20.0,8.2355
2026-09-26 08:58:22,1790405902669,eth,1790405100,Down,0.05,0.03,40.0,98,1.03,0.94,stopped,60.0,20.0,0.8538,0.1861,-0.6676
2026-09-26 08:59:12,1790405952770,btc,1790405100,Up,0.27,0.14,48.1,48,1.05,1.04,held_to_resolution,,20.0,3.1785,,
2026-09-26 09:00:42,1790406042719,eth,1790406000,Down,0.46,0.39,15.2,858,1.03,0.98,stopped,60.5,20.0,8.336,7.664,-0.672
2026-09-26 09:03:12,1790406192758,btc,1790406000,Down,0.37,0.28,24.3,708,1.03,1.03,stopped,60.0,20.0,6.0883,2.4417,-3.6466
2026-09-26 09:03:12,1790406192760,eth,1790406000,Down,0.41,0.27,34.1,708,1.03,1.03,stopped,60.0,20.0,5.8822,2.2522,-3.6301
2026-09-26 09:04:17,1790406257708,eth,1790406000,Down,0.17,0.14,17.6,643,1.03,1.03,stopped,60.1,20.0,3.1785,0.7462,-2.4323
2026-09-26 09:04:27,1790406267709,btc,1790406000,Down,0.15,0.12,20.0,633,1.03,0.98,stopped,60.0,20.0,2.7583,1.6853,-1.073
2026-09-26 09:05:47,1790406347714,eth,1790406000,Down,0.06,0.05,16.7,553,1.04,1.03,stopped,60.0,20.0,1.279,0.3726,-0.9064
2026-09-26 09:06:17,1790406377726,btc,1790406000,Down,0.1,0.08,20.0,523,1.03,1.02,stopped,65.0,20.0,1.9147,1.121,-0.7936
2026-09-26 09:07:02,1790406422710,eth,1790406000,Down,0.05,0.04,20.0,478,1.03,1.03,stopped,60.0,20.0,1.0665,0.3726,-0.6939
2026-09-26 09:08:07,1790406487730,btc,1790406000,Down,0.07,0.05,28.6,413,1.03,1.02,stopped,65.1,20.0,1.279,0.5593,-0.7197
2026-09-26 09:09:32,1790406572761,btc,1790406000,Down,0.09,0.07,22.2,328,1.03,1.02,stopped,65.0,20.0,1.703,0.7462,-0.9568
2026-09-26 09:10:07,1790406607725,eth,1790406000,Down,0.06,0.05,16.7,293,1.039,1.039,stopped,60.0,20.0,1.279,0.1861,-1.0928
2026-09-26 09:10:47,1790406647723,btc,1790406000,Down,0.06,0.04,33.3,253,1.03,1.03,stopped,65.0,20.0,1.0665,0.1861,-0.8804
2026-09-26 09:19:02,1790407142765,eth,1790406900,Down,0.66,0.53,19.7,658,1.03,1.0,stopped,60.8,20.0,11.1478,10.4522,-0.6955
2026-09-26 09:19:02,1790407142763,btc,1790406900,Down,0.59,0.38,35.6,658,1.03,0.98,stopped,65.0,20.0,8.1331,7.0737,-1.0594
2026-09-26 09:20:42,1790407242755,eth,1790406900,Down,0.56,0.43,23.2,558,1.04,0.98,stopped,60.0,20.0,9.145,8.8522,-0.2927
2026-09-26 09:22:07,1790407327759,btc,1790406900,Up,0.63,0.5,20.6,473,1.03,0.86,hedged,60.0,20.0,17.8684,20.0,2.1316
2026-09-26 09:22:42,1790407362763,eth,1790406900,Down,0.51,0.43,15.7,438,1.03,0.98,stopped,60.0,20.0,9.145,8.8522,-0.2927
2026-09-26 09:24:02,1790407442811,btc,1790406900,Down,0.41,0.34,17.1,358,1.03,0.84,hedged,65.0,20.0,17.4684,20.0,2.5316
2026-09-26 09:25:07,1790407507774,eth,1790406900,Up,0.53,0.37,30.2,293,1.05,1.05,stopped,60.0,20.0,7.9298,4.1598,-3.7701
2026-09-26 09:27:02,1790407622771,eth,1790406900,Up,0.3,0.24,20.0,178,1.04,1.01,stopped,60.1,20.0,5.2625,2.8215,-2.441
2026-09-26 09:28:22,1790407702812,btc,1790406900,Down,0.32,0.23,28.1,98,1.03,0.93,stopped,65.0,20.0,5.0554,1.3089,-3.7465
2026-09-26 09:28:17,1790407697779,eth,1790406900,Up,0.18,0.13,27.8,103,1.05,1.05,held_to_resolution,,20.0,2.9686,,
2026-09-26 09:33:17,1790407997778,eth,1790407800,Up,0.46,0.37,19.6,703,1.03,0.99,stopped,60.1,20.0,7.9298,6.0954,-1.8345
2026-09-26 09:37:07,1790408227828,eth,1790407800,Down,0.71,0.6,15.5,473,1.04,0.99,stopped,65.0,20.0,12.5331,12.0702,-0.4629
2026-09-26 09:38:42,1790408322848,btc,1790407800,Down,0.36,0.15,58.3,378,1.03,0.91,hedged,15.0,20.0,18.6507,20.0,1.3493
2026-09-26 09:38:42,1790408322850,eth,1790407800,Down,0.66,0.28,57.6,378,1.03,0.96,stopped,65.0,20.0,6.0883,5.706,-0.3823
2026-09-26 09:39:37,1790408377874,btc,1790407800,Down,0.23,0.18,21.7,323,1.03,1.03,stopped,65.0,20.0,4.0155,1.3089,-2.7066
2026-09-26 09:40:42,1790408442843,eth,1790407800,Down,0.32,0.18,43.8,258,1.03,1.03,stopped,60.0,20.0,4.0155,2.8215,-1.194
2026-09-26 09:41:52,1790408512818,eth,1790407800,Up,0.84,0.65,22.6,188,1.03,0.89,hedged,15.0,20.0,18.3621,20.0,1.6379
2026-09-26 09:40:47,1790408447834,btc,1790407800,Down,0.14,0.08,42.9,253,1.03,1.03,stopped,130.0,20.0,1.9147,0.1861,-1.7285
2026-09-26 09:42:12,1790408532838,eth,1790407800,Down,0.34,0.23,32.4,168,1.03,0.57,hedged,55.0,20.0,11.9649,20.0,8.0351
2026-09-26 09:43:12,1790408592901,eth,1790407800,Up,0.32,0.23,28.1,108,1.08,0.99,stopped,60.0,20.0,5.0554,0.3726,-4.6828
2026-09-26 09:43:22,1790408602825,btc,1790407800,Down,0.1,0.06,40.0,98,1.03,1.03,held_to_resolution,,20.0,1.4911,,
2026-09-26 09:45:13,1790408713029,btc,1790408700,Down,0.4,0.34,15.0,888,1.03,0.99,stopped,64.8,20.0,7.3185,6.4858,-0.8327
2026-09-26 09:47:02,1790408822850,btc,1790408700,Down,0.36,0.27,25.0,778,1.04,0.97,stopped,60.1,20.0,5.8822,4.5446,-1.3376
2026-09-26 09:47:02,1790408822852,eth,1790408700,Down,0.42,0.28,33.3,778,1.03,0.99,stopped,60.1,20.0,6.0883,5.706,-0.3823
2026-09-26 09:48:52,1790408932861,eth,1790408700,Down,0.31,0.25,19.4,668,1.03,0.93,stopped,65.0,20.0,5.4694,6.0954,0.626
2026-09-26 09:49:07,1790408947829,btc,1790408700,Down,0.24,0.2,16.7,653,1.03,1.01,stopped,65.1,20.0,4.4323,3.5845,-0.8477
2026-09-26 09:53:17,1790409197848,eth,1790408700,Up,0.54,0.4,25.9,403,1.03,1.01,stopped,65.0,20.0,8.5387,4.7375,-3.8012
2026-09-26 09:53:47,1790409227850,btc,1790408700,Down,0.37,0.31,16.2,373,1.03,1.03,stopped,60.0,20.0,6.7046,3.2025,-3.5022
2026-09-26 09:54:57,1790409297851,eth,1790408700,Up,0.28,0.23,17.9,303,1.03,0.45,hedged,5.8,20.0,9.4876,20.0,10.5124
2026-09-26 09:55:02,1790409302882,btc,1790408700,Down,0.21,0.12,42.9,298,1.03,1.03,stopped,65.0,20.0,2.7583,0.1861,-2.5722
2026-09-26 09:55:42,1790409342882,eth,1790408700,Down,0.25,0.15,40.0,258,1.03,1.0,stopped,65.0,20.0,3.3882,1.497,-1.8912
2026-09-26 09:57:12,1790409432923,eth,1790408700,Down,0.11,0.09,18.2,168,1.03,1.03,stopped,60.1,20.0,2.126,0.3726,-1.7534
2026-09-26 10:00:17,1790409617886,btc,1790409600,Up,0.45,0.33,26.7,883,1.03,0.87,hedged,50.0,20.0,18.0629,20.0,1.9371
2026-09-26 10:01:07,1790409667899,eth,1790409600,Down,0.51,0.43,15.7,833,1.05,0.78,hedged,5.0,20.0,16.2591,20.0,3.7409
2026-09-26 10:01:12,1790409672931,btc,1790409600,Up,0.49,0.31,36.7,828,1.03,1.01,stopped,60.0,20.0,6.7046,5.3178,-1.3869
2026-09-26 10:02:17,1790409737880,btc,1790409600,Up,0.3,0.25,16.7,763,1.03,1.02,stopped,65.0,20.0,5.4694,4.3521,-1.1173
2026-09-26 10:02:47,1790409767875,eth,1790409600,Up,0.28,0.23,17.9,733,1.03,1.01,stopped,60.0,20.0,5.0554,3.9677,-1.0876
2026-09-26 10:04:27,1790409867920,eth,1790409600,Up,0.2,0.17,15.0,633,1.03,1.0,stopped,60.0,20.0,3.8066,2.8215,-0.9851
2026-09-26 10:05:57,1790409957892,btc,1790409600,Up,0.16,0.12,25.0,543,1.03,1.03,stopped,60.0,20.0,2.7583,1.497,-1.2614
2026-09-26 10:05:57,1790409957893,eth,1790409600,Up,0.16,0.11,31.2,543,1.03,1.01,stopped,60.0,20.0,2.5478,1.874,-0.6738
2026-09-26 10:07:37,1790410057925,btc,1790409600,Up,0.09,0.07,22.2,443,1.03,0.99,stopped,65.0,20.0,1.703,1.3089,-0.3942
2026-09-26 10:07:37,1790410057927,eth,1790409600,Up,0.1,0.08,20.0,443,1.03,0.94,stopped,65.0,20.0,1.9147,2.2522,0.3375
2026-09-26 10:10:07,1790410207904,btc,1790409600,Up,0.11,0.09,18.2,293,1.03,1.03,stopped,60.0,20.0,2.126,0.5593,-1.5667
2026-09-26 10:10:22,1790410222976,eth,1790409600,Up,0.11,0.09,18.2,278,1.04,1.04,stopped,60.4,20.0,2.126,0.7462,-1.3798
2026-09-26 10:17:22,1790410642932,btc,1790410500,Up,0.64,0.54,15.6,758,1.03,1.03,stopped,60.0,20.0,11.3465,7.664,-3.6825
2026-09-26 10:17:22,1790410642933,eth,1790410500,Up,0.62,0.52,16.1,758,1.04,1.04,stopped,60.0,20.0,10.9487,8.059,-2.8898
2026-09-26 10:20:07,1790410807926,eth,1790410500,Down,0.56,0.42,25.0,593,1.05,0.91,hedged,10.1,20.0,18.8926,20.0,1.1074
2026-09-26 10:20:18,1790410818052,btc,1790410500,Up,0.5,0.4,20.0,583,1.03,1.0,stopped,65.3,20.0,8.5387,6.4858,-2.0528
2026-09-26 10:20:57,1790410857940,eth,1790410500,Up,0.51,0.39,23.5,543,1.03,0.99,stopped,60.0,20.0,8.336,6.4858,-1.8502
2026-09-26 10:23:22,1790411002951,eth,1790410500,Up,0.27,0.21,22.2,398,1.03,0.98,stopped,60.1,20.0,4.6402,2.6314,-2.0088
2026-09-26 10:24:47,1790411087967,btc,1790410500,Up,0.22,0.12,45.5,313,1.03,0.74,hedged,15.0,20.0,15.2914,20.0,4.7086
2026-09-26 10:24:47,1790411087968,eth,1790410500,Up,0.14,0.09,35.7,313,1.03,0.95,stopped,65.0,20.0,2.126,1.3089,-0.8171
2026-09-26 10:25:07,1790411107922,btc,1790410500,Down,0.92,0.63,31.5,293,1.03,0.9,hedged,60.0,20.0,18.5919,20.0,1.4081
2026-09-26 10:26:12,1790411172986,btc,1790410500,Up,0.25,0.18,28.0,228,1.03,0.53,hedged,15.0,20.0,11.1296,20.0,8.8704
2026-09-26 10:26:07,1790411167952,eth,1790410500,Up,0.08,0.06,25.0,233,1.03,0.54,hedged,20.0,20.0,11.2399,20.0,8.7601
2026-09-26 10:26:32,1790411192977,eth,1790410500,Up,0.55,0.36,34.5,208,1.03,0.89,hedged,10.0,20.0,18.4758,20.0,1.5242
2026-09-26 10:27:02,1790411222923,btc,1790410500,Down,0.31,0.26,16.1,178,1.03,1.03,stopped,60.0,20.0,5.6759,1.497,-4.179
2026-09-26 10:28:47,1790411327981,btc,1790410500,Down,0.06,0.05,16.7,73,1.03,1.03,held_to_resolution,,20.0,1.279,,
2026-09-26 10:28:57,1790411337963,eth,1790410500,Down,0.19,0.13,31.6,63,1.04,1.04,held_to_resolution,,20.0,2.9686,,
2026-09-26 10:30:57,1790411457991,btc,1790411400,Down,0.48,0.37,22.9,843,1.03,1.01,stopped,60.0,20.0,7.9298,3.3934,-4.5365
2026-09-26 10:30:57,1790411457992,eth,1790411400,Down,0.41,0.28,31.7,843,1.03,1.0,stopped,60.0,20.0,6.0883,2.8215,-3.2668
2026-09-26 10:32:02,1790411522963,eth,1790411400,Down,0.2,0.13,35.0,778,1.03,1.03,stopped,60.0,20.0,2.9686,0.7462,-2.2223
2026-09-26 10:32:52,1790411572957,btc,1790411400,Down,0.16,0.13,18.8,728,1.03,1.03,stopped,60.1,20.0,2.9686,0.7462,-2.2223
2026-09-26 10:33:17,1790411597996,eth,1790411400,Down,0.06,0.05,16.7,703,1.03,1.03,stopped,60.0,20.0,1.279,0.3726,-0.9064
2026-09-26 10:34:37,1790411677997,btc,1790411400,Down,0.06,0.05,16.7,623,1.03,1.02,stopped,60.0,20.0,1.279,0.5593,-0.7197
2026-09-26 10:35:57,1790411757986,btc,1790411400,Down,0.06,0.05,16.7,543,1.03,1.03,stopped,60.0,20.0,1.279,0.1861,-1.0928
2026-09-26 10:40:52,1790412052985,eth,1790411400,Down,0.13,0.09,30.8,248,1.03,1.02,stopped,60.0,20.0,2.126,0.7462,-1.3798
2026-09-26 10:41:58,1790412118060,eth,1790411400,Down,0.07,0.04,42.9,183,1.035,1.029,stopped,65.0,20.0,1.0665,0.1861,-0.8804
2026-09-26 10:46:38,1790412398024,btc,1790412300,Up,0.33,0.26,21.2,803,1.03,1.02,stopped,65.0,20.0,5.6759,4.3521,-1.3239
2026-09-26 10:49:28,1790412568000,btc,1790412300,Up,0.21,0.15,28.6,633,1.03,1.03,stopped,60.1,20.0,3.3882,1.874,-1.5142
2026-09-26 10:49:23,1790412563046,eth,1790412300,Up,0.25,0.17,32.0,638,1.03,1.03,stopped,65.0,20.0,3.8066,2.2522,-1.5545
2026-09-26 10:50:43,1790412643049,eth,1790412300,Up,0.15,0.12,20.0,558,1.03,1.02,stopped,60.0,20.0,2.7583,1.3089,-1.4495
2026-09-26 10:51:58,1790412718156,btc,1790412300,Up,0.09,0.07,22.2,483,1.03,1.02,stopped,64.9,20.0,1.703,0.9335,-0.7695
2026-09-26 10:53:48,1790412828072,eth,1790412300,Up,0.06,0.05,16.7,373,1.03,1.03,stopped,60.0,20.0,1.279,0.3726,-0.9064
2026-09-26 10:53:58,1790412838084,btc,1790412300,Up,0.06,0.05,16.7,363,1.03,1.03,stopped,65.0,20.0,1.279,0.3726,-0.9064
2026-09-26 11:05:18,1790413518200,btc,1790413200,Up,0.42,0.34,19.0,583,1.03,0.91,hedged,24.9,20.0,18.8635,20.0,1.1365
2026-09-26 11:06:43,1790413603150,eth,1790413200,Up,0.34,0.25,26.5,498,1.03,1.03,stopped,64.9,20.0,5.4694,3.3934,-2.076
2026-09-26 11:08:53,1790413733100,btc,1790413200,Up,0.48,0.4,16.7,368,1.03,1.03,stopped,60.0,20.0,8.5387,1.874,-6.6647
2026-09-26 11:09:08,1790413748120,eth,1790413200,Up,0.18,0.15,16.7,353,1.03,1.03,stopped,60.0,20.0,3.3882,1.121,-2.2671
2026-09-26 11:09:58,1790413798086,btc,1790413200,Up,0.17,0.11,35.3,303,1.03,1.03,stopped,60.0,20.0,2.5478,1.121,-1.4268
2026-09-26 11:10:23,1790413823125,eth,1790413200,Up,0.06,0.03,50.0,278,1.03,1.03,stopped,95.0,20.0,0.8538,0.1861,-0.6676
2026-09-26 11:11:03,1790413863135,btc,1790413200,Up,0.09,0.07,22.2,238,1.03,1.03,stopped,60.0,20.0,1.703,0.1861,-1.5169
2026-09-26 11:15:33,1790414133128,btc,1790414100,Up,0.49,0.41,16.3,868,1.03,0.91,hedged,15.0,20.0,18.8909,20.0,1.1091
2026-09-26 11:15:33,1790414133129,eth,1790414100,Up,0.57,0.46,19.3,868,1.03,0.89,hedged,25.0,20.0,18.4898,20.0,1.5102
2026-09-26 11:16:18,1790414178164,btc,1790414100,Down,0.48,0.39,18.7,823,1.03,0.92,hedged,10.0,20.0,19.0854,20.0,0.9146
2026-09-26 11:16:03,1790414163144,eth,1790414100,Down,0.49,0.39,20.4,838,1.03,0.87,hedged,55.0,20.0,18.0847,20.0,1.9153
2026-09-26 11:17:03,1790414223159,eth,1790414100,Up,0.58,0.44,24.1,778,1.03,0.97,stopped,60.0,20.0,9.3465,8.2569,-1.0896
2026-09-26 11:17:08,1790414228133,btc,1790414100,Up,0.42,0.35,16.7,773,1.03,0.94,stopped,60.0,20.0,7.5226,6.8774,-0.6451
2026-09-26 11:18:53,1790414333636,eth,1790414100,Down,0.59,0.43,27.1,668,1.03,1.02,stopped,64.5,20.0,9.145,3.9677,-5.1772
2026-09-26 11:20:03,1790414403173,btc,1790414100,Down,0.5,0.41,18.0,598,1.03,0.89,hedged,45.0,20.0,18.4898,20.0,1.5102
2026-09-26 11:20:53,1790414453166,btc,1790414100,Up,0.55,0.43,21.8,548,1.03,0.84,hedged,20.6,20.0,17.481,20.0,2.519
2026-09-26 11:20:53,1790414453168,eth,1790414100,Up,0.72,0.61,15.3,548,1.04,0.87,hedged,20.6,20.0,17.9923,20.0,2.0077
2026-09-26 11:21:18,1790414478159,btc,1790414100,Down,0.5,0.39,22.0,523,1.03,0.96,stopped,60.0,20.0,8.336,7.4669,-0.8691
2026-09-26 11:22:03,1790414523179,eth,1790414100,Down,0.31,0.26,16.1,478,1.04,0.97,stopped,60.0,20.0,5.6759,2.6314,-3.0445
2026-09-26 11:22:28,1790414548170,btc,1790414100,Down,0.41,0.32,22.0,453,1.03,0.99,stopped,65.0,20.0,6.9095,6.2905,-0.6191
2026-09-26 11:24:33,1790414673202,eth,1790414100,Down,0.24,0.19,20.8,328,1.03,0.82,hedged,30.9,20.0,16.9538,20.0,3.0462
2026-09-26 11:24:23,1790414663194,btc,1790414100,Up,0.71,0.59,16.9,338,1.03,0.93,stopped,60.0,20.0,12.336,7.4669,-4.8691
2026-09-26 11:25:08,1790414708216,eth,1790414100,Up,0.79,0.6,24.1,293,1.03,0.92,hedged,20.0,20.0,19.0325,20.0,0.9675
2026-09-26 11:25:43,1790414743190,eth,1790414100,Down,0.3,0.25,16.7,258,1.03,0.89,hedged,25.0,20.0,18.3957,20.0,1.6043
2026-09-26 11:27:08,1790414828196,btc,1790414100,Down,0.69,0.48,30.4,173,1.03,1.0,stopped,60.0,20.0,10.1499,1.6853,-8.4645
2026-09-26 11:27:08,1790414828197,eth,1790414100,Down,0.43,0.23,46.5,173,1.03,1.01,stopped,60.0,20.0,5.0554,0.5593,-4.4961
2026-09-26 11:28:23,1790414903219,btc,1790414100,Down,0.12,0.08,33.3,98,1.03,0.73,hedged,20.0,20.0,15.0372,20.0,4.9628
2026-09-26 11:28:38,1790414918233,eth,1790414100,Up,0.95,0.6,36.8,83,1.05,0.88,hedged,55.0,20.0,18.209,20.0,1.791
2026-09-26 11:29:08,1790414948213,btc,1790414100,Down,0.24,0.15,37.5,53,1.03,1.0,held_to_resolution,,20.0,3.3882,,
2026-09-26 11:29:38,1790414978209,eth,1790414100,Down,0.75,0.1,86.7,23,1.04,1.04,held_to_resolution,,20.0,2.3371,,
2026-09-26 11:30:43,1790415043243,btc,1790415000,Up,0.53,0.44,17.0,858,1.03,0.99,stopped,65.0,20.0,9.3465,8.8522,-0.4943
2026-09-26 11:30:43,1790415043244,eth,1790415000,Up,0.51,0.38,25.5,858,1.03,0.94,stopped,65.0,20.0,8.1331,8.6535,0.5204
2026-09-26 11:32:13,1790415133255,eth,1790415000,Up,0.46,0.38,17.4,768,1.03,0.99,stopped,65.0,20.0,8.1331,7.664,-0.4691
2026-09-26 11:33:23,1790415203225,btc,1790415000,Down,0.5,0.4,20.0,698,1.03,0.89,hedged,20.0,20.0,18.4881,20.0,1.5119
2026-09-26 11:33:23,1790415203226,eth,1790415000,Down,0.59,0.49,16.9,698,1.03,0.88,hedged,20.0,20.0,18.2798,20.0,1.7202
2026-09-26 11:33:53,1790415233218,btc,1790415000,Down,0.54,0.45,16.7,668,1.03,1.03,stopped,60.0,20.0,9.5478,6.4858,-3.0619
2026-09-26 11:33:53,1790415233219,eth,1790415000,Down,0.64,0.53,17.2,668,1.03,1.03,stopped,60.0,20.0,11.1478,7.8613,-3.2864
2026-09-26 11:36:18,1790415378226,eth,1790415000,Down,0.55,0.46,16.4,523,1.03,0.94,stopped,60.0,20.0,9.7487,8.455,-1.2937
2026-09-26 11:36:23,1790415383744,btc,1790415000,Up,0.66,0.5,24.2,518,1.03,0.96,stopped,64.5,20.0,10.5499,10.4522,-0.0976
2026-09-26 11:38:28,1790415508278,eth,1790415000,Up,0.53,0.45,15.1,393,1.03,1.0,stopped,65.0,20.0,9.5478,7.4669,-2.0808
2026-09-26 11:39:08,1790415548232,btc,1790415000,Up,0.55,0.42,23.6,353,1.03,0.94,stopped,60.0,20.0,8.9431,9.2506,0.3074
2026-09-26 11:40:18,1790415618301,eth,1790415000,Up,0.37,0.28,24.3,283,1.03,1.03,stopped,65.4,20.0,6.0883,4.1598,-1.9285
2026-09-26 11:42:23,1790415743253,eth,1790415000,Down,0.8,0.67,16.2,158,1.03,0.88,hedged,10.0,20.0,18.1286,20.0,1.8714
2026-09-26 11:41:48,1790415708251,btc,1790415000,Up,0.36,0.3,16.7,193,1.03,0.97,stopped,60.0,20.0,6.4995,4.3521,-2.1474
2026-09-26 11:42:38,1790415758254,eth,1790415000,Up,0.27,0.16,40.7,143,1.03,1.03,stopped,65.0,20.0,3.5975,0.7462,-2.8513
2026-09-26 11:43:08,1790415788811,btc,1790415000,Up,0.24,0.19,20.8,113,1.03,1.03,stopped,64.5,20.0,4.224,1.6853,-2.5387
2026-09-26 11:44:18,1790415858286,btc,1790415000,Up,0.17,0.07,58.8,43,1.03,1.03,held_to_resolution,,20.0,1.703,,
2026-09-26 11:43:53,1790415833261,eth,1790415000,Up,0.06,0.04,33.3,68,1.03,0.99,held_to_resolution,,20.0,1.0665,,
2026-09-26 11:45:33,1790415933272,eth,1790415900,Down,0.4,0.34,15.0,868,1.03,0.99,stopped,60.1,20.0,7.3185,5.706,-1.6125
2026-09-26 11:48:13,1790416093331,eth,1790415900,Up,0.78,0.66,15.4,708,1.03,0.99,stopped,60.1,20.0,13.7095,12.0702,-1.6394
2026-09-26 11:51:03,1790416263338,eth,1790415900,Up,0.57,0.46,19.3,538,1.03,0.88,hedged,40.0,20.0,18.2874,20.0,1.7126
2026-09-26 11:51:03,1790416263336,btc,1790415900,Up,0.63,0.5,20.6,538,1.03,1.01,stopped,65.0,20.0,10.5499,9.4501,-1.0997
2026-09-26 11:51:48,1790416308296,eth,1790415900,Down,0.52,0.39,25.0,493,1.03,0.98,stopped,60.0,20.0,8.336,7.2702,-1.0658
2026-09-26 11:54:58,1790416498336,eth,1790415900,Up,0.63,0.48,23.8,303,1.03,0.88,hedged,5.6,20.0,18.2829,20.0,1.7171
2026-09-26 11:55:03,1790416503330,btc,1790415900,Down,0.51,0.29,43.1,298,1.03,0.83,hedged,30.0,20.0,17.2427,20.0,2.7573
2026-09-26 11:55:38,1790416538324,btc,1790415900,Up,0.52,0.39,25.0,263,1.03,1.01,stopped,60.0,20.0,8.336,6.8774,-1.4586
2026-09-26 11:56:08,1790416568322,eth,1790415900,Down,0.49,0.3,38.8,233,1.06,0.87,hedged,50.0,20.0,18.0444,20.0,1.9556
2026-09-26 11:57:28,1790416648331,btc,1790415900,Down,0.67,0.51,23.9,153,1.03,0.92,hedged,5.0,20.0,19.0854,20.0,0.9146
2026-09-26 11:57:18,1790416638345,eth,1790415900,Down,0.46,0.3,34.8,163,1.04,0.8,hedged,55.5,20.0,17.0493,20.0,2.9507
2026-09-26 11:57:38,1790416658329,btc,1790415900,Up,0.5,0.42,16.0,143,1.03,1.03,stopped,60.1,20.0,8.9431,0.5593,-8.3839
2026-09-26 11:58:43,1790416723362,btc,1790415900,Up,0.08,0.05,37.5,78,1.03,0.89,hedged,30.1,20.0,18.0765,20.0,1.9235
2026-09-26 11:59:23,1790416763340,btc,1790415900,Up,0.2,0.08,60.0,38,1.03,1.03,held_to_resolution,,20.0,1.9147,,
2026-09-26 11:58:28,1790416708308,eth,1790415900,Down,0.52,0.43,17.3,93,1.06,0.93,held_to_resolution,,20.0,9.145,,
2026-09-26 12:00:48,1790416848382,eth,1790416800,Down,0.44,0.37,15.9,853,1.03,0.96,stopped,65.0,20.0,7.9298,7.0737,-0.8562
2026-09-26 12:01:13,1790416873445,btc,1790416800,Down,0.31,0.26,16.1,828,1.03,0.95,stopped,60.0,20.0,5.6759,4.7375,-0.9384
2026-09-26 12:02:23,1790416943380,btc,1790416800,Down,0.27,0.2,25.9,758,1.03,1.03,stopped,60.0,20.0,4.4323,1.6853,-2.7469
2026-09-26 12:02:18,1790416938366,eth,1790416800,Down,0.34,0.24,29.4,763,1.03,1.03,stopped,65.0,20.0,5.2625,2.0629,-3.1996
2026-09-26 12:03:28,1790417008354,eth,1790416800,Down,0.14,0.11,21.4,693,1.03,0.97,stopped,60.5,20.0,2.5478,1.497,-1.0509
2026-09-26 12:04:03,1790417043337,btc,1790416800,Down,0.22,0.17,22.7,658,1.03,1.03,stopped,60.1,20.0,3.8066,1.497,-2.3097
2026-09-26 12:04:33,1790417073376,eth,1790416800,Down,0.1,0.08,20.0,628,1.03,1.01,stopped,65.0,20.0,1.9147,1.3089,-0.6058
2026-09-26 12:05:08,1790417108378,btc,1790416800,Down,0.1,0.08,20.0,593,1.03,1.03,stopped,60.0,20.0,1.9147,0.7462,-1.1684
2026-09-26 12:05:53,1790417153366,eth,1790416800,Down,0.09,0.07,22.2,548,1.03,1.02,stopped,60.0,20.0,1.703,0.9335,-0.7695
2026-09-26 12:06:18,1790417178419,btc,1790416800,Down,0.06,0.05,16.7,522,1.03,1.03,stopped,60.0,20.0,1.279,0.3726,-0.9064
2026-09-26 12:08:28,1790417308411,eth,1790416800,Down,0.06,0.05,16.7,392,1.03,1.03,stopped,65.0,20.0,1.279,0.1861,-1.0928
2026-09-26 12:16:23,1790417783880,eth,1790417700,Down,0.53,0.43,18.9,817,1.03,1.03,stopped,64.5,20.0,9.145,5.706,-3.439
2026-09-26 12:17:18,1790417838414,btc,1790417700,Down,0.37,0.28,24.3,762,1.03,1.03,stopped,60.0,20.0,6.0883,3.776,-2.3123
2026-09-26 12:17:53,1790417873441,eth,1790417700,Down,0.34,0.28,17.6,727,1.03,1.02,stopped,65.0,20.0,6.0883,3.776,-2.3123
2026-09-26 12:19:13,1790417953520,eth,1790417700,Down,0.2,0.17,15.0,647,1.03,0.99,stopped,64.9,20.0,3.8066,3.5845,-0.2221
2026-09-26 12:21:03,1790418063445,btc,1790417700,Down,0.15,0.12,20.0,537,1.03,1.03,stopped,60.0,20.0,2.7583,0.5593,-2.1991
2026-09-26 12:21:03,1790418063446,eth,1790417700,Down,0.16,0.12,25.0,537,1.03,1.01,stopped,60.0,20.0,2.7583,1.3089,-1.4495
2026-09-26 12:22:08,1790418128455,btc,1790417700,Down,0.05,0.04,20.0,472,1.03,0.91,hedged,10.0,20.0,18.4351,20.0,1.5649
2026-09-26 12:22:28,1790418148452,btc,1790417700,Down,0.17,0.12,29.4,452,1.03,0.84,hedged,20.0,20.0,17.2466,20.0,2.7534
2026-09-26 12:22:53,1790418173472,btc,1790417700,Up,0.7,0.57,18.6,427,1.03,0.82,hedged,25.0,20.0,16.9964,20.0,3.0036
2026-09-26 12:23:18,1790418198436,eth,1790417700,Down,0.24,0.2,16.7,402,1.03,1.02,stopped,60.0,20.0,4.4323,1.874,-2.5583
2026-09-26 12:23:23,1790418203422,btc,1790417700,Down,0.39,0.23,41.0,397,1.03,1.03,stopped,60.0,20.0,5.0554,2.0629,-2.9924
2026-09-26 12:25:33,1790418333453,eth,1790417700,Down,0.2,0.13,35.0,267,1.03,0.91,hedged,30.1,20.0,18.6165,20.0,1.3835
2026-09-26 12:25:33,1790418333451,btc,1790417700,Down,0.19,0.14,26.3,267,1.03,1.02,stopped,65.0,20.0,3.1785,1.121,-2.0575
2026-09-26 12:27:03,1790418423463,eth,1790417700,Down,0.19,0.15,21.1,177,1.03,0.91,stopped,60.0,20.0,3.3882,4.1598,0.7716
2026-09-26 12:27:13,1790418433517,btc,1790417700,Down,0.11,0.08,27.3,167,1.03,0.91,stopped,65.0,20.0,1.9147,2.6314,0.7168
2026-09-26 12:28:28,1790418508468,btc,1790417700,Down,0.16,0.13,18.8,92,1.03,1.03,held_to_resolution,,20.0,2.9686,,
2026-09-26 12:28:43,1790418523515,eth,1790417700,Down,0.22,0.18,18.2,77,1.03,1.01,held_to_resolution,,20.0,4.0155,,
2026-09-26 12:30:48,1790418648510,eth,1790418600,Up,0.53,0.43,18.9,852,1.03,1.03,stopped,60.0,20.0,9.145,7.664,-1.481
2026-09-26 12:32:38,1790418758513,eth,1790418600,Up,0.43,0.36,16.3,742,1.04,0.94,stopped,60.0,20.0,7.7263,7.2702,-0.4562
2026-09-26 12:33:48,1790418828508,eth,1790418600,Up,0.4,0.33,17.5,672,1.03,0.98,stopped,60.0,20.0,7.1142,5.5117,-1.6024
2026-09-26 12:34:28,1790418868501,btc,1790418600,Up,0.46,0.33,28.3,632,1.03,0.99,stopped,60.6,20.0,7.1142,5.9005,-1.2136
2026-09-26 12:34:53,1790418893508,eth,1790418600,Up,0.28,0.21,25.0,607,1.03,0.96,stopped,65.0,20.0,4.6402,3.0118,-1.6284
2026-09-26 12:39:23,1790419163620,eth,1790418600,Up,0.17,0.13,23.5,337,1.03,0.79,hedged,34.9,20.0,16.8732,20.0,3.1268
2026-09-26 12:39:38,1790419178541,btc,1790418600,Down,0.71,0.53,25.4,322,1.03,0.87,hedged,25.0,20.0,18.0573,20.0,1.9427
2026-09-26 12:40:08,1790419208531,btc,1790418600,Up,0.5,0.38,24.0,292,1.08,0.82,hedged,35.1,20.0,17.0762,20.0,2.9238
2026-09-26 12:40:04,1790419204257,eth,1790418600,Up,0.34,0.26,23.5,297,1.04,0.83,hedged,39.4,20.0,17.2209,20.0,2.7791
2026-09-26 12:40:53,1790419253543,eth,1790418600,Up,0.46,0.38,17.4,247,1.04,0.91,hedged,60.0,20.0,18.8825,20.0,1.1175
2026-09-26 12:41:03,1790419263573,btc,1790418600,Down,0.45,0.38,15.6,237,1.03,0.99,stopped,60.0,20.0,8.1331,4.9306,-3.2024
2026-09-26 12:42:08,1790419328534,btc,1790418600,Down,0.28,0.19,32.1,172,1.03,0.81,hedged,20.0,20.0,16.7571,20.0,3.2429
2026-09-26 12:42:33,1790419353549,btc,1790418600,Down,0.41,0.33,19.5,147,1.03,0.81,hedged,50.0,20.0,16.8629,20.0,3.1371
2026-09-26 12:42:28,1790419348550,eth,1790418600,Up,0.61,0.16,73.8,152,1.03,0.89,stopped,60.0,20.0,3.5975,0.3726,-3.225
2026-09-26 12:43:33,1790419413549,btc,1790418600,Down,0.55,0.42,23.6,87,1.03,0.77,hedged,10.0,20.0,16.0573,20.0,3.9427
2026-09-26 12:43:48,1790419428556,btc,1790418600,Up,0.33,0.28,15.2,72,1.03,0.9,hedged,5.0,20.0,18.6213,20.0,1.3787
2026-09-26 12:44:03,1790419443527,btc,1790418600,Down,0.6,0.32,46.7,57,1.03,1.03,held_to_resolution,,20.0,6.9095,,
2026-09-26 12:43:43,1790419423558,eth,1790418600,Up,0.05,0.02,60.0,77,1.03,1.02,held_to_resolution,,20.0,0.6407,,
2026-09-26 12:45:53,1790419553557,btc,1790419500,Down,0.42,0.35,16.7,847,1.03,1.02,stopped,60.0,20.0,7.5226,5.5117,-2.0108
2026-09-26 12:45:48,1790419548595,eth,1790419500,Down,0.48,0.36,25.0,852,1.03,1.03,stopped,65.0,20.0,7.7263,5.9005,-1.8258
2026-09-26 12:48:33,1790419713564,btc,1790419500,Up,0.66,0.53,19.7,687,1.03,0.96,stopped,60.5,20.0,11.1478,10.855,-0.2927
2026-09-26 12:51:03,1790419863573,btc,1790419500,Down,0.42,0.28,33.3,537,1.03,1.0,stopped,60.0,20.0,6.0883,5.5117,-0.5765
2026-09-26 12:51:03,1790419863575,eth,1790419500,Down,0.24,0.17,29.2,537,1.03,0.95,stopped,60.0,20.0,3.8066,3.5845,-0.2221
2026-09-26 12:53:38,1790420018639,btc,1790419500,Up,0.72,0.61,15.3,382,1.03,0.98,stopped,65.0,20.0,12.7298,9.8501,-2.8797
2026-09-26 12:53:38,1790420018640,eth,1790419500,Up,0.68,0.57,16.2,382,1.04,1.04,stopped,65.0,20.0,11.941,6.2905,-5.6506
2026-09-26 12:55:28,1790420128620,btc,1790419500,Up,0.35,0.28,20.0,272,1.03,0.84,hedged,20.0,20.0,17.4348,20.0,2.5652
2026-09-26 12:54:58,1790420098579,eth,1790419500,Up,0.36,0.28,22.2,302,1.05,0.97,stopped,60.0,20.0,6.0883,6.0954,0.0071
2026-09-26 12:56:08,1790420168592,btc,1790419500,Down,0.4,0.25,37.5,232,1.03,1.03,stopped,60.0,20.0,5.4694,1.497,-3.9724
2026-09-26 12:56:03,1790420163616,eth,1790419500,Down,0.67,0.56,16.4,237,1.03,1.01,stopped,65.0,20.0,11.7431,10.6535,-1.0896
2026-09-26 12:57:33,1790420253631,btc,1790419500,Down,0.08,0.05,37.5,147,1.03,1.03,stopped,65.0,20.0,1.279,0.1861,-1.0928
2026-09-26 12:58:38,1790420318649,eth,1790419500,Down,0.57,0.42,26.3,82,1.03,0.83,hedged,25.0,20.0,17.2791,20.0,2.7209
2026-09-26 12:59:18,1790420358675,eth,1790419500,Up,0.4,0.27,32.5,42,1.04,1.04,held_to_resolution,,20.0,5.8822,,
2026-09-26 13:01:08,1790420468620,btc,1790420400,Up,0.56,0.41,26.8,832,1.03,1.0,stopped,60.0,20.0,8.741,7.2702,-1.4709
2026-09-26 13:01:18,1790420478610,eth,1790420400,Up,0.41,0.33,19.5,822,1.03,1.0,stopped,60.0,20.0,7.1142,5.3178,-1.7964
2026-09-26 13:03:18,1790420598653,eth,1790420400,Down,0.66,0.45,31.8,702,1.03,0.91,hedged,10.0,20.0,18.8943,20.0,1.1057
2026-09-26 13:03:18,1790420598651,btc,1790420400,Down,0.57,0.46,19.3,702,1.03,0.89,hedged,20.1,20.0,18.4898,20.0,1.5102
2026-09-26 13:03:43,1790420623633,btc,1790420400,Up,0.48,0.37,22.9,677,1.03,0.98,stopped,60.0,20.0,7.9298,5.706,-2.2238
2026-09-26 13:03:43,1790420623635,eth,1790420400,Up,0.44,0.33,25.0,677,1.04,0.95,stopped,60.0,20.0,7.1142,5.1241,-1.9901
2026-09-26 13:04:48,1790420688668,btc,1790420400,Up,0.4,0.32,20.0,612,1.03,0.9,hedged,15.0,20.0,18.6527,20.0,1.3473
2026-09-26 13:05:08,1790420708669,btc,1790420400,Up,0.45,0.37,17.8,592,1.03,1.03,stopped,60.0,20.0,7.9298,2.8215,-5.1083
2026-09-26 13:05:23,1790420723671,eth,1790420400,Up,0.26,0.21,19.2,577,1.03,0.99,stopped,60.4,20.0,4.6402,3.2025,-1.4378
2026-09-26 13:06:48,1790420808674,eth,1790420400,Up,0.28,0.23,17.9,492,1.03,0.99,stopped,65.0,20.0,5.0554,4.5446,-0.5107
2026-09-26 13:08:08,1790420888667,btc,1790420400,Down,0.77,0.42,45.5,412,1.03,0.88,hedged,30.0,20.0,18.2896,20.0,1.7104
2026-09-26 13:08:08,1790420888668,eth,1790420400,Down,0.78,0.37,52.6,412,1.03,0.83,hedged,30.0,20.0,17.2763,20.0,2.7237
2026-09-26 13:08:43,1790420923664,btc,1790420400,Up,0.53,0.43,18.9,377,1.03,1.0,stopped,60.0,20.0,9.145,7.4669,-1.678
2026-09-26 13:08:43,1790420923666,eth,1790420400,Up,0.58,0.38,34.5,377,1.03,0.99,stopped,60.0,20.0,8.1331,6.6815,-1.4516
2026-09-26 13:09:58,1790420998688,btc,1790420400,Up,0.39,0.28,28.2,302,1.03,1.0,stopped,60.0,20.0,6.0883,3.776,-2.3123
2026-09-26 13:10:43,1790421043737,eth,1790420400,Up,0.42,0.26,38.1,257,1.03,0.88,hedged,30.0,20.0,18.209,20.0,1.791
2026-09-26 13:12:03,1790421123686,eth,1790420400,Up,0.41,0.34,17.1,177,1.04,0.88,hedged,10.1,20.0,18.2672,20.0,1.7328
2026-09-26 13:12:23,1790421143717,eth,1790420400,Down,0.72,0.59,18.1,157,1.03,1.02,stopped,65.0,20.0,12.336,5.3178,-7.0182
2026-09-26 13:12:53,1790421173728,btc,1790420400,Up,0.11,0.09,18.2,127,1.03,0.89,hedged,45.0,20.0,18.1583,20.0,1.8417
2026-09-26 13:13:53,1790421233686,btc,1790420400,Down,0.62,0.32,48.4,67,1.03,1.03,held_to_resolution,,20.0,6.9095,,
2026-09-26 13:13:43,1790421223723,eth,1790420400,Down,0.24,0.15,37.5,77,1.03,1.03,held_to_resolution,,20.0,3.3882,,
2026-09-26 13:16:33,1790421393802,btc,1790421300,Down,0.49,0.39,20.4,807,1.03,1.03,stopped,64.9,20.0,8.336,6.8774,-1.4586
2026-09-26 13:16:38,1790421398719,eth,1790421300,Down,0.44,0.36,18.2,802,1.03,1.03,stopped,65.0,20.0,7.7263,3.776,-3.9503
2026-09-26 13:17:48,1790421468727,eth,1790421300,Down,0.27,0.21,22.2,732,1.03,0.98,stopped,60.0,20.0,4.6402,2.8215,-1.8187
2026-09-26 13:20:39,1790421639266,btc,1790421300,Up,0.57,0.48,15.8,562,1.03,1.02,stopped,64.4,20.0,10.1499,9.0513,-1.0986
2026-09-26 13:24:23,1790421863746,eth,1790421300,Down,0.22,0.18,18.2,337,1.03,1.03,stopped,65.0,20.0,4.0155,2.0629,-1.9525
2026-09-26 13:26:28,1790421988734,eth,1790421300,Down,0.12,0.05,58.3,212,1.03,0.89,stopped,65.0,20.0,1.279,3.2025,1.9235
2026-09-26 13:27:18,1790422038764,btc,1790421300,Up,0.39,0.31,20.5,162,1.03,1.03,stopped,65.0,20.0,6.7046,0.5593,-6.1454
2026-09-26 13:28:08,1790422088784,eth,1790421300,Down,0.36,0.29,19.4,112,1.03,1.03,stopped,65.0,20.0,6.294,0.7462,-5.5478
2026-09-26 13:28:28,1790422108759,btc,1790421300,Up,0.05,0.03,40.0,92,1.03,1.03,held_to_resolution,,20.0,0.8538,,
2026-09-26 13:29:18,1790422158848,eth,1790421300,Down,0.06,0.05,16.7,42,1.03,1.03,held_to_resolution,,20.0,1.279,,
2026-09-26 13:33:33,1790422413797,btc,1790422200,Down,0.43,0.36,16.3,687,1.03,1.01,stopped,65.0,20.0,7.7263,6.2905,-1.4359
2026-09-26 13:35:13,1790422513764,eth,1790422200,Down,0.28,0.23,17.9,587,1.04,1.04,stopped,60.0,20.0,5.0554,2.0629,-2.9924
2026-09-26 13:36:53,1790422613798,eth,1790422200,Down,0.13,0.11,15.4,487,1.04,0.99,stopped,65.0,20.0,2.5478,2.4417,-0.1062
2026-09-26 13:38:08,1790422688784,btc,1790422200,Down,0.2,0.16,20.0,412,1.03,1.03,stopped,60.1,20.0,3.5975,1.3089,-2.2887
2026-09-26 13:38:08,1790422688785,eth,1790422200,Down,0.16,0.1,37.5,412,1.03,1.03,stopped,60.1,20.0,2.3371,1.121,-1.216
2026-09-26 13:39:28,1790422768829,eth,1790422200,Down,0.08,0.06,25.0,332,1.03,1.03,stopped,65.0,20.0,1.4911,0.3726,-1.1186
2026-09-26 13:41:08,1790422868822,btc,1790422200,Down,0.32,0.27,15.6,232,1.03,1.02,stopped,65.1,20.0,5.8822,3.0118,-2.8704
2026-09-26 13:41:08,1790422868823,eth,1790422200,Down,0.08,0.06,25.0,232,1.03,1.03,stopped,65.1,20.0,1.4911,0.1861,-1.305
2026-09-26 13:42:18,1790422938836,btc,1790422200,Down,0.2,0.17,15.0,162,1.03,1.03,stopped,65.0,20.0,3.8066,1.121,-2.6856
2026-09-26 13:43:33,1790423013851,btc,1790422200,Down,0.07,0.03,57.1,87,1.03,1.03,held_to_resolution,,20.0,0.8538,,
2026-09-26 13:48:18,1790423298845,eth,1790423100,Up,0.52,0.41,21.2,702,1.03,0.99,stopped,60.0,20.0,8.741,7.8613,-0.8797
2026-09-26 13:50:03,1790423403883,btc,1790423100,Down,0.53,0.31,41.5,597,1.03,0.92,hedged,5.0,20.0,19.0406,20.0,0.9594
2026-09-26 13:50:04,1790423404538,eth,1790423100,Down,0.59,0.44,25.4,597,1.04,0.93,stopped,64.3,20.0,9.3465,7.4669,-1.8796
2026-09-26 13:53:53,1790423633854,eth,1790423100,Up,0.5,0.34,32.0,367,1.03,0.96,stopped,60.0,20.0,7.3185,6.2905,-1.028
2026-09-26 13:55:04,1790423704414,eth,1790423100,Up,0.37,0.29,21.6,297,1.03,0.87,hedged,34.5,20.0,18.0371,20.0,1.9629
2026-09-26 13:56:18,1790423778899,eth,1790423100,Up,0.39,0.33,15.4,222,1.03,1.03,stopped,65.0,20.0,7.1142,1.3089,-5.8053
2026-09-26 13:57:33,1790423853865,btc,1790423100,Up,0.77,0.61,20.8,147,1.04,0.84,hedged,25.0,20.0,17.3701,20.0,2.6299
2026-09-26 13:57:33,1790423853867,eth,1790423100,Up,0.11,0.07,36.4,147,1.05,0.96,stopped,60.0,20.0,1.703,1.3089,-0.3942
2026-09-26 13:58:23,1790423903877,btc,1790423100,Down,0.2,0.16,20.0,97,1.03,0.83,stopped,60.0,20.0,3.5975,2.2522,-1.3454
2026-09-26 13:59:48,1790423988908,btc,1790423100,Up,0.54,0.27,50.0,12,1.07,1.07,held_to_resolution,,20.0,5.8822,,
2026-09-26 13:58:38,1790423918895,eth,1790423100,Up,0.1,0.07,30.0,82,1.04,1.04,held_to_resolution,,20.0,1.703,,
2026-09-26 14:03:03,1790424183888,btc,1790424000,Up,0.43,0.36,16.3,717,1.03,1.03,stopped,60.0,20.0,7.7263,2.6314,-5.0949
2026-09-26 14:03:18,1790424198907,eth,1790424000,Up,0.45,0.31,31.1,702,1.03,1.03,stopped,65.0,20.0,6.7046,2.4417,-4.263
2026-09-26 14:04:09,1790424249654,btc,1790424000,Up,0.16,0.13,18.8,652,1.03,1.03,stopped,64.3,20.0,2.9686,1.3089,-1.6597
2026-09-26 14:05:33,1790424333914,eth,1790424000,Down,0.86,0.63,26.7,567,1.03,1.03,stopped,65.0,20.0,13.1226,9.8501,-3.2724
2026-09-26 14:07:08,1790424428911,btc,1790424000,Down,0.71,0.44,38.0,472,1.03,0.83,hedged,40.1,20.0,17.2763,20.0,2.7237
2026-09-26 14:06:58,1790424418992,eth,1790424000,Down,0.53,0.45,15.1,482,1.05,0.9,hedged,59.9,20.0,18.6927,20.0,1.3073
2026-09-26 14:07:53,1790424473937,btc,1790424000,Up,0.58,0.35,39.7,427,1.03,1.03,stopped,65.0,20.0,7.5226,3.776,-3.7466
2026-09-26 14:09:33,1790424573953,btc,1790424000,Down,0.8,0.58,27.5,327,1.03,0.9,hedged,20.0,20.0,18.6381,20.0,1.3619
2026-09-26 14:09:13,1790424553927,eth,1790424000,Down,0.49,0.35,28.6,347,1.05,0.83,hedged,45.0,20.0,17.2713,20.0,2.7287
2026-09-26 14:09:58,1790424598953,btc,1790424000,Up,0.3,0.16,46.7,302,1.03,1.03,stopped,65.0,20.0,3.5975,1.3089,-2.2887
2026-09-26 14:11:28,1790424688939,eth,1790424000,Up,0.35,0.18,48.6,212,1.03,1.01,stopped,60.0,20.0,4.0155,0.9335,-3.082
2026-09-26 14:11:28,1790424688938,btc,1790424000,Up,0.08,0.06,25.0,212,1.03,1.02,stopped,110.0,20.0,1.4911,0.1861,-1.305
2026-09-26 14:12:58,1790424778951,eth,1790424000,Up,0.11,0.06,45.5,122,1.03,0.91,hedged,25.0,20.0,18.4793,20.0,1.5207
2026-09-26 14:13:33,1790424813942,eth,1790424000,Up,0.18,0.15,16.7,87,1.03,0.99,stopped,60.1,20.0,3.3882,0.5593,-2.8289
2026-09-26 14:14:38,1790424878961,eth,1790424000,Up,0.09,0.03,66.7,22,1.04,1.04,held_to_resolution,,20.0,0.8538,,
2026-09-26 14:15:13,1790424913933,eth,1790424900,Down,0.46,0.39,15.2,887,1.04,1.04,stopped,60.1,20.0,8.336,4.1598,-4.1762
2026-09-26 14:15:29,1790424929010,btc,1790424900,Down,0.41,0.34,17.1,872,1.03,1.03,stopped,65.0,20.0,7.3185,4.3521,-2.9664
2026-09-26 14:17:38,1790425058988,eth,1790424900,Down,0.15,0.12,20.0,742,1.03,1.0,stopped,60.0,20.0,2.7583,1.874,-0.8843
2026-09-26 14:20:43,1790425243997,btc,1790424900,Up,0.68,0.57,16.2,557,1.03,1.03,stopped,60.0,20.0,11.941,6.2905,-5.6506
2026-09-26 14:21:24,1790425284427,eth,1790424900,Down,0.33,0.27,18.2,517,1.03,0.86,hedged,19.6,20.0,17.8233,20.0,2.1767
2026-09-26 14:22:09,1790425329034,eth,1790424900,Down,0.38,0.32,15.8,472,1.03,1.01,stopped,65.0,20.0,6.9095,4.3521,-2.5575
2026-09-26 14:22:23,1790425343975,btc,1790424900,Up,0.4,0.34,15.0,457,1.03,0.96,stopped,60.0,20.0,7.3185,6.6815,-0.637
2026-09-26 14:23:34,1790425414032,eth,1790424900,Down,0.21,0.17,19.0,387,1.03,0.92,hedged,35.0,20.0,18.876,20.0,1.124
2026-09-26 14:24:18,1790425458999,eth,1790424900,Up,0.73,0.62,15.1,342,1.03,0.89,hedged,30.0,20.0,18.3957,20.0,1.6043
2026-09-26 14:24:18,1790425458998,btc,1790424900,Up,0.3,0.23,23.3,342,1.03,1.03,stopped,60.1,20.0,5.0554,3.776,-1.2794
2026-09-26 14:24:59,1790425499021,eth,1790424900,Down,0.25,0.19,24.0,302,1.03,0.86,stopped,60.0,20.0,4.224,2.0629,-2.1611
2026-09-26 14:25:29,1790425529027,btc,1790424900,Down,0.75,0.59,21.3,272,1.03,0.8,hedged,40.0,20.0,16.56,20.0,3.44
2026-09-26 14:26:14,1790425574055,eth,1790424900,Down,0.2,0.14,30.0,227,1.03,1.01,stopped,65.0,20.0,3.1785,1.497,-1.6815
2026-09-26 14:26:34,1790425594049,btc,1790424900,Up,0.22,0.18,18.2,207,1.03,1.03,stopped,64.9,20.0,4.0155,0.3726,-3.6429
2026-09-26 14:27:24,1790425644013,eth,1790424900,Down,0.13,0.05,61.5,157,1.04,1.02,stopped,60.0,20.0,1.279,0.1861,-1.0928
2026-09-26 14:30:39,1790425839022,eth,1790425800,Down,0.49,0.41,16.3,862,1.03,0.9,hedged,5.0,20.0,18.6905,20.0,1.3095
2026-09-26 14:30:49,1790425849025,eth,1790425800,Up,0.6,0.49,18.3,852,1.05,0.93,stopped,60.0,20.0,10.35,10.6535,0.3035
2026-09-26 14:33:44,1790426024033,btc,1790425800,Down,0.41,0.31,24.4,677,1.03,1.02,stopped,60.0,20.0,6.7046,5.5117,-1.1929
2026-09-26 14:33:44,1790426024035,eth,1790425800,Down,0.5,0.42,16.0,677,1.04,0.94,stopped,60.0,20.0,8.9431,9.2506,0.3074
2026-09-26 14:34:49,1790426089050,eth,1790425800,Up,0.52,0.44,15.4,612,1.04,0.87,hedged,40.0,20.0,18.0875,20.0,1.9125
2026-09-26 14:35:34,1790426134071,btc,1790425800,Down,0.31,0.25,19.4,567,1.03,1.02,stopped,60.0,20.0,5.4694,4.3521,-1.1173
2026-09-26 14:36:19,1790426179055,eth,1790425800,Up,0.57,0.48,15.8,522,1.03,1.0,stopped,65.0,20.0,10.1499,2.8215,-7.3284
2026-09-26 14:36:44,1790426204033,btc,1790425800,Up,0.76,0.64,15.8,497,1.03,1.01,stopped,60.0,20.0,13.3185,8.8522,-4.4663
2026-09-26 14:37:39,1790426259073,eth,1790425800,Up,0.17,0.11,35.3,442,1.03,1.03,stopped,60.0,20.0,2.5478,0.3726,-2.1753
2026-09-26 14:38:09,1790426289043,btc,1790425800,Up,0.45,0.33,26.7,412,1.03,1.02,stopped,60.0,20.0,7.1142,5.1241,-1.9901
2026-09-26 14:40:04,1790426404082,btc,1790425800,Down,0.72,0.57,20.8,297,1.03,0.92,hedged,20.0,20.0,19.0552,20.0,0.9448
2026-09-26 14:41:04,1790426464073,btc,1790425800,Up,0.34,0.28,17.6,237,1.03,1.03,stopped,60.0,20.0,6.0883,0.1861,-5.9021
2026-09-26 14:45:49,1790426749098,eth,1790426700,Down,0.41,0.3,26.8,852,1.04,0.98,stopped,60.1,20.0,6.4995,3.776,-2.7235
2026-09-26 14:46:24,1790426784511,btc,1790426700,Down,0.41,0.34,17.1,817,1.03,0.98,stopped,64.6,20.0,7.3185,6.8774,-0.4411
2026-09-26 14:47:44,1790426864123,btc,1790426700,Down,0.38,0.32,15.8,737,1.03,1.02,stopped,60.0,20.0,6.9095,5.706,-1.2035
2026-09-26 14:47:44,1790426864125,eth,1790426700,Down,0.23,0.14,39.1,737,1.03,1.0,stopped,60.0,20.0,3.1785,2.0629,-1.1156
2026-09-26 14:49:39,1790426979132,eth,1790426700,Down,0.24,0.15,37.5,622,1.03,1.03,stopped,65.0,20.0,3.3882,2.0629,-1.3252
2026-09-26 14:52:59,1790427179124,eth,1790426700,Down,0.13,0.11,15.4,422,1.03,1.03,stopped,60.0,20.0,2.5478,1.121,-1.4268
2026-09-26 14:54:04,1790427244160,btc,1790426700,Up,0.81,0.5,38.3,357,1.03,0.92,hedged,35.0,20.0,19.0885,20.0,0.9115
2026-09-26 14:54:19,1790427259155,eth,1790426700,Down,0.18,0.14,22.2,342,1.03,1.03,stopped,65.0,20.0,3.1785,1.3089,-1.8696
2026-09-26 14:55:09,1790427309120,btc,1790426700,Up,0.71,0.6,15.5,292,1.03,1.02,stopped,60.0,20.0,12.5331,10.855,-1.678
2026-09-26 14:55:59,1790427359150,eth,1790426700,Down,0.1,0.08,20.0,242,1.03,0.95,stopped,65.0,20.0,1.9147,1.3089,-0.6058
2026-09-26 14:57:09,1790427429146,eth,1790426700,Down,0.11,0.06,45.5,172,1.03,1.03,stopped,60.0,20.0,1.4911,0.3726,-1.1186
2026-09-26 14:58:04,1790427484218,btc,1790426700,Down,0.36,0.28,22.2,117,1.03,0.98,stopped,65.0,20.0,6.0883,0.3726,-5.7157
2026-09-26 15:01:04,1790427664188,eth,1790427600,Down,0.59,0.42,28.8,837,1.03,1.02,stopped,65.0,20.0,8.9431,5.3178,-3.6254
2026-09-26 15:01:09,1790427669226,btc,1790427600,Down,0.58,0.49,15.5,832,1.03,1.0,stopped,65.0,20.0,10.35,7.8613,-2.4887
2026-09-26 15:02:19,1790427739184,btc,1790427600,Down,0.48,0.39,18.7,762,1.03,1.03,stopped,60.1,20.0,8.336,5.5117,-2.8243
2026-09-26 15:02:14,1790427734248,eth,1790427600,Down,0.3,0.24,20.0,767,1.03,0.98,stopped,65.0,20.0,5.2625,3.5845,-1.678
2026-09-26 15:03:24,1790427804213,eth,1790427600,Up,0.81,0.6,25.9,697,1.03,1.03,stopped,60.0,20.0,12.5331,10.0506,-2.4825
2026-09-26 15:05:49,1790427949205,eth,1790427600,Down,0.45,0.35,22.2,552,1.03,1.03,stopped,60.0,20.0,7.5226,3.0118,-4.5107
2026-09-26 15:06:04,1790427964162,btc,1790427600,Down,0.27,0.22,18.5,537,1.03,1.03,stopped,60.0,20.0,4.8479,1.497,-3.351
2026-09-26 15:06:59,1790428019195,eth,1790427600,Down,0.18,0.15,16.7,482,1.03,1.01,stopped,60.0,20.0,3.3882,2.0629,-1.3252
2026-09-26 15:07:14,1790428034261,btc,1790427600,Down,0.11,0.08,27.3,467,1.03,1.0,stopped,60.0,20.0,1.9147,1.121,-0.7936
2026-09-26 15:08:19,1790428099189,eth,1790427600,Down,0.13,0.08,38.5,402,1.03,0.82,hedged,25.0,20.0,16.7906,20.0,3.2094
2026-09-26 15:09:39,1790428179236,btc,1790427600,Down,0.26,0.22,15.4,322,1.03,0.9,hedged,10.0,20.0,18.5575,20.0,1.4425
2026-09-26 15:09:09,1790428149220,eth,1790427600,Down,0.33,0.22,33.3,352,1.03,0.83,hedged,40.0,20.0,17.1839,20.0,2.8161
2026-09-26 15:10:24,1790428224225,eth,1790427600,Up,0.58,0.42,27.6,277,1.03,0.91,hedged,15.0,20.0,18.8926,20.0,1.1074
2026-09-26 15:10:24,1790428224223,btc,1790427600,Up,0.63,0.35,44.4,277,1.03,0.93,stopped,60.5,20.0,7.5226,1.497,-6.0256
2026-09-26 15:11:34,1790428294234,eth,1790427600,Up,0.06,0.05,16.7,207,1.03,0.96,stopped,65.0,20.0,1.279,1.874,0.595
2026-09-26 15:11:39,1790428299220,btc,1790427600,Up,0.08,0.06,25.0,202,1.03,1.01,stopped,65.0,20.0,1.4911,1.121,-0.3701
2026-09-26 15:13:09,1790428389216,btc,1790427600,Up,0.08,0.05,37.5,112,1.03,1.02,held_to_resolution,,20.0,1.279,,
2026-09-26 15:13:24,1790428404248,eth,1790427600,Up,0.06,0.04,33.3,97,1.03,1.02,held_to_resolution,,20.0,1.0665,,
2026-09-26 15:15:49,1790428549236,btc,1790428500,Up,0.52,0.43,17.3,852,1.03,1.03,stopped,60.0,20.0,9.145,6.2905,-2.8545
2026-09-26 15:15:49,1790428549237,eth,1790428500,Up,0.53,0.35,34.0,852,1.03,1.03,stopped,60.0,20.0,7.5226,5.5117,-2.0108
2026-09-26 15:17:49,1790428669267,btc,1790428500,Down,0.53,0.44,17.0,732,1.03,0.88,hedged,15.0,20.0,18.2896,20.0,1.7104
2026-09-26 15:18:04,1790428684262,eth,1790428500,Up,0.37,0.29,21.6,717,1.04,0.99,stopped,60.0,20.0,6.294,5.3178,-0.9762
2026-09-26 15:18:09,1790428689254,btc,1790428500,Up,0.5,0.42,16.0,712,1.03,1.01,stopped,60.0,20.0,8.9431,7.4669,-1.4762
2026-09-26 15:20:24,1790428824244,eth,1790428500,Down,0.68,0.46,32.4,577,1.05,0.92,hedged,35.0,20.0,19.0952,20.0,0.9048
2026-09-26 15:20:24,1790428824242,btc,1790428500,Down,0.53,0.36,32.1,577,1.03,0.97,stopped,60.5,20.0,7.7263,7.0737,-0.6527
2026-09-26 15:22:09,1790428929288,btc,1790428500,Up,0.56,0.3,46.4,472,1.03,0.95,stopped,65.1,20.0,6.4995,3.9677,-2.5317
2026-09-26 15:22:49,1790428969286,eth,1790428500,Up,0.23,0.18,21.7,432,1.04,1.01,stopped,60.0,20.0,4.0155,2.6314,-1.384
2026-09-26 15:24:34,1790429074285,eth,1790428500,Up,0.12,0.09,25.0,327,1.03,1.03,stopped,60.0,20.0,2.126,0.3726,-1.7534
2026-09-26 15:24:54,1790429094290,btc,1790428500,Up,0.18,0.14,22.2,307,1.03,1.02,stopped,60.0,20.0,3.1785,1.3089,-1.8696
2026-09-26 15:25:59,1790429159271,eth,1790428500,Up,0.05,0.04,20.0,242,1.03,1.03,stopped,65.0,20.0,1.0665,0.1861,-0.8804
2026-09-26 15:26:19,1790429179280,btc,1790428500,Up,0.09,0.06,33.3,222,1.03,1.02,stopped,60.0,20.0,1.4911,0.1861,-1.305
2026-09-26 15:31:14,1790429474354,btc,1790429400,Down,0.54,0.42,22.2,827,1.03,0.99,stopped,60.0,20.0,8.9431,7.8613,-1.0818
2026-09-26 15:31:14,1790429474355,eth,1790429400,Down,0.48,0.4,16.7,827,1.03,1.01,stopped,60.0,20.0,8.5387,7.4669,-1.0717
2026-09-26 15:33:39,1790429619318,eth,1790429400,Up,0.49,0.41,16.3,682,1.03,1.0,stopped,60.0,20.0,8.741,7.4669,-1.2741
2026-09-26 15:35:04,1790429704772,eth,1790429400,Up,0.41,0.33,19.5,597,1.03,1.03,stopped,64.6,20.0,7.1142,5.1241,-1.9901
2026-09-26 15:35:29,1790429729307,btc,1790429400,Up,0.47,0.39,17.0,572,1.03,1.02,stopped,60.1,20.0,8.336,4.7375,-3.5985
2026-09-26 15:36:19,1790429779344,eth,1790429400,Up,0.29,0.24,17.2,522,1.03,0.92,hedged,50.0,20.0,18.972,20.0,1.028
2026-09-26 15:37:04,1790429824365,btc,1790429400,Down,0.67,0.56,16.4,477,1.03,1.03,stopped,60.0,20.0,11.7431,7.664,-4.0791
2026-09-26 15:37:54,1790429874341,eth,1790429400,Down,0.57,0.43,24.6,427,1.03,0.91,hedged,10.0,20.0,18.8937,20.0,1.1063
2026-09-26 15:38:49,1790429929342,eth,1790429400,Down,0.47,0.35,25.5,372,1.03,0.87,hedged,15.0,20.0,18.0724,20.0,1.9276
2026-09-26 15:38:49,1790429929341,btc,1790429400,Down,0.32,0.21,34.4,372,1.03,0.95,stopped,65.1,20.0,4.6402,3.776,-0.8642
2026-09-26 15:39:59,1790429999860,eth,1790429400,Up,0.57,0.45,21.1,302,1.07,1.03,stopped,64.5,20.0,9.5478,7.2702,-2.2776
2026-09-26 15:40:49,1790430049358,btc,1790429400,Down,0.24,0.17,29.2,252,1.03,0.8,hedged,25.0,20.0,16.5365,20.0,3.4635
2026-09-26 15:41:19,1790430079352,btc,1790429400,Up,0.82,0.62,24.4,222,1.03,0.86,hedged,25.0,20.0,18.3957,20.0,1.6043
2026-09-26 15:41:19,1790430079354,eth,1790429400,Up,0.37,0.2,45.9,222,1.04,0.89,hedged,60.0,20.0,18.3369,20.0,1.6631
2026-09-26 15:42:24,1790430144332,eth,1790429400,Down,0.77,0.65,15.6,157,1.03,0.91,hedged,35.1,20.0,18.7767,20.0,1.2233
2026-09-26 15:43:04,1790430184367,eth,1790429400,Up,0.26,0.17,34.6,117,1.03,1.03,stopped,60.0,20.0,3.8066,0.1861,-3.6205
2026-09-26 15:43:14,1790430194385,btc,1790429400,Down,0.18,0.11,38.9,107,1.04,0.96,stopped,65.0,20.0,2.5478,0.1861,-2.3617
2026-09-26 15:47:04,1790430424394,eth,1790430300,Down,0.31,0.23,25.8,776,1.03,1.0,stopped,65.0,20.0,5.0554,3.776,-1.2794
2026-09-26 15:48:24,1790430504405,btc,1790430300,Up,0.58,0.49,15.5,696,1.03,0.91,hedged,15.0,20.0,18.8887,20.0,1.1113
2026-09-26 15:48:29,1790430509424,eth,1790430300,Down,0.27,0.2,25.9,691,1.03,1.03,stopped,60.1,20.0,4.4323,2.4417,-1.9906
2026-09-26 15:48:44,1790430524381,btc,1790430300,Down,0.43,0.31,27.9,676,1.03,1.03,stopped,60.0,20.0,6.7046,4.5446,-2.16
2026-09-26 15:50:49,1790430649424,btc,1790430300,Down,0.28,0.23,17.9,551,1.03,0.89,hedged,35.4,20.0,18.3739,20.0,1.6261
2026-09-26 15:51:29,1790430689411,btc,1790430300,Up,0.7,0.55,21.4,511,1.03,1.01,stopped,65.0,20.0,11.545,10.2513,-1.2937
2026-09-26 15:52:29,1790430749409,eth,1790430300,Down,0.21,0.17,19.0,451,1.03,1.03,stopped,60.0,20.0,3.8066,1.6853,-2.1213
2026-09-26 15:53:04,1790430784468,btc,1790430300,Down,0.45,0.32,28.9,416,1.03,0.97,stopped,65.0,20.0,6.9095,5.5117,-1.3978
2026-09-26 15:54:19,1790430859441,btc,1790430300,Down,0.31,0.26,16.1,341,1.03,1.0,stopped,65.0,20.0,5.6759,1.6853,-3.9906
2026-09-26 15:54:19,1790430859443,eth,1790430300,Down,0.08,0.06,25.0,341,1.03,1.03,stopped,65.0,20.0,1.4911,0.1861,-1.305
2026-09-26 15:55:39,1790430939396,btc,1790430300,Down,0.12,0.09,25.0,261,1.03,1.03,stopped,60.0,20.0,2.126,0.5593,-1.5667
2026-09-26 15:56:59,1790431019432,btc,1790430300,Down,0.05,0.04,20.0,181,1.03,1.02,stopped,60.0,20.0,1.0665,0.1861,-0.8804
2026-09-26 16:00:14,1790431214462,btc,1790431200,Up,0.55,0.45,18.2,886,1.03,0.99,stopped,65.0,20.0,9.5478,8.8522,-0.6955
2026-09-26 16:00:14,1790431214464,eth,1790431200,Up,0.57,0.41,28.1,886,1.03,0.98,stopped,65.0,20.0,8.741,6.8774,-1.8636
2026-09-26 16:01:34,1790431294485,eth,1790431200,Down,0.63,0.53,15.9,806,1.03,1.02,stopped,65.1,20.0,11.1478,8.059,-3.0888
2026-09-26 16:04:14,1790431454484,eth,1790431200,Down,0.51,0.41,19.6,646,1.03,0.91,hedged,55.0,20.0,18.8909,20.0,1.1091
2026-09-26 16:04:14,1790431454483,btc,1790431200,Down,0.43,0.36,16.3,646,1.03,0.94,stopped,60.0,20.0,7.7263,8.059,0.3326
2026-09-26 16:06:04,1790431564479,btc,1790431200,Down,0.44,0.22,50.0,536,1.03,0.88,hedged,15.0,20.0,18.1664,20.0,1.8336
2026-09-26 16:05:24,1790431524466,eth,1790431200,Up,0.49,0.39,20.4,576,1.03,0.98,stopped,60.5,20.0,8.336,6.0954,-2.2406
2026-09-26 16:09:04,1790431744498,btc,1790431200,Down,0.44,0.34,22.7,356,1.03,0.95,stopped,60.0,20.0,7.3185,6.6815,-0.637
2026-09-26 16:09:19,1790431759486,eth,1790431200,Down,0.61,0.45,26.2,341,1.04,0.94,stopped,60.0,20.0,9.5478,8.8522,-0.6955
2026-09-26 16:10:39,1790431839493,eth,1790431200,Down,0.49,0.4,18.4,261,1.03,1.03,stopped,60.0,20.0,8.5387,4.5446,-3.994
2026-09-26 16:11:49,1790431909490,eth,1790431200,Down,0.26,0.18,30.8,191,1.03,0.92,hedged,15.0,20.0,18.8914,20.0,1.1086
2026-09-26 16:12:09,1790431929573,eth,1790431200,Down,0.29,0.2,31.0,171,1.03,0.84,hedged,25.0,20.0,17.3586,20.0,2.6414
2026-09-26 16:12:09,1790431929572,btc,1790431200,Down,0.39,0.29,25.6,171,1.03,0.93,stopped,65.0,20.0,6.294,7.0737,0.7797
2026-09-26 16:13:54,1790432034519,btc,1790431200,Down,0.27,0.21,22.2,66,1.03,0.89,hedged,10.0,20.0,18.3498,20.0,1.6502
2026-09-26 16:14:29,1790432069543,btc,1790431200,Down,0.33,0.21,36.4,31,1.03,1.02,held_to_resolution,,20.0,4.6402,,
2026-09-26 16:13:19,1790431999502,eth,1790431200,Down,0.24,0.2,16.7,101,1.03,1.03,held_to_resolution,,20.0,4.4323,,
2026-09-26 16:17:49,1790432269545,eth,1790432100,Up,0.48,0.36,25.0,731,1.03,0.95,stopped,65.1,20.0,7.7263,7.4669,-0.2594
2026-09-26 16:21:14,1790432474565,eth,1790432100,Down,0.66,0.55,16.7,526,1.03,0.93,stopped,60.0,20.0,11.545,9.8501,-1.6948
2026-09-26 16:21:29,1790432489531,btc,1790432100,Down,0.43,0.32,25.6,511,1.03,0.96,stopped,60.0,20.0,6.9095,5.9005,-1.009
2026-09-26 16:22:39,1790432559580,eth,1790432100,Up,0.49,0.4,18.4,441,1.03,0.94,stopped,65.0,20.0,8.5387,8.455,-0.0836
2026-09-26 16:25:14,1790432714622,btc,1790432100,Down,0.21,0.14,33.3,286,1.03,0.92,hedged,14.9,20.0,18.8264,20.0,1.1736
2026-09-26 16:25:09,1790432709651,eth,1790432100,Down,0.59,0.44,25.4,291,1.04,0.91,hedged,19.9,20.0,18.8943,20.0,1.1057
2026-09-26 16:25:44,1790432744566,btc,1790432100,Down,0.29,0.23,20.7,256,1.03,1.02,stopped,60.0,20.0,5.0554,1.874,-3.1814
2026-09-26 16:25:44,1790432744568,eth,1790432100,Down,0.59,0.48,18.6,256,1.03,1.03,stopped,60.0,20.0,10.1499,4.1598,-5.9901
2026-09-26 16:27:14,1790432834615,btc,1790432100,Down,0.1,0.08,20.0,166,1.03,1.03,stopped,64.9,20.0,1.9147,0.1861,-1.7285
2026-09-26 16:27:19,1790432839565,eth,1790432100,Down,0.28,0.22,21.4,161,1.03,1.03,stopped,60.0,20.0,4.8479,1.874,-2.9739
2026-09-26 16:28:44,1790432924575,eth,1790432100,Down,0.16,0.08,50.0,76,1.03,1.02,held_to_resolution,,20.0,1.9147,,
2026-09-26 16:31:09,1790433069656,eth,1790433000,Down,0.47,0.38,19.1,831,1.03,1.03,stopped,64.9,20.0,8.1331,6.4858,-1.6472
2026-09-26 16:31:14,1790433074604,btc,1790433000,Down,0.39,0.31,20.5,826,1.03,1.02,stopped,65.0,20.0,6.7046,3.9677,-2.7369
2026-09-26 16:32:19,1790433139591,eth,1790433000,Down,0.36,0.28,22.2,761,1.03,0.99,stopped,60.0,20.0,6.0883,4.5446,-1.5436
2026-09-26 16:34:09,1790433249673,btc,1790433000,Down,0.19,0.16,15.8,651,1.03,0.92,stopped,65.0,20.0,3.5975,4.3521,0.7545
2026-09-26 16:34:19,1790433259604,eth,1790433000,Up,0.74,0.61,17.6,641,1.03,0.92,stopped,60.1,20.0,12.7298,12.6815,-0.0483
2026-09-26 16:36:44,1790433404626,eth,1790433000,Down,0.39,0.33,15.4,496,1.03,0.99,stopped,60.0,20.0,7.1142,6.2905,-0.8237
2026-09-26 16:37:14,1790433434668,btc,1790433000,Down,0.17,0.14,17.6,466,1.03,1.02,stopped,64.9,20.0,3.1785,2.0629,-1.1156
2026-09-26 16:38:04,1790433484592,eth,1790433000,Down,0.33,0.27,18.2,416,1.04,0.91,hedged,35.1,20.0,18.8086,20.0,1.1914
2026-09-26 16:38:29,1790433509625,btc,1790433000,Down,0.13,0.08,38.5,391,1.03,0.96,stopped,65.0,20.0,1.9147,1.6853,-0.2293
2026-09-26 16:39:34,1790433574634,eth,1790433000,Up,0.48,0.39,18.7,326,1.05,0.92,hedged,45.0,20.0,19.0854,20.0,0.9146
2026-09-26 16:40:19,1790433619629,btc,1790433000,Down,0.16,0.11,31.2,281,1.03,1.03,stopped,60.0,20.0,2.5478,0.1861,-2.3617
2026-09-26 16:40:24,1790433624623,eth,1790433000,Down,0.67,0.5,25.4,276,1.03,1.03,stopped,60.5,20.0,10.5499,3.9677,-6.5821
2026-09-26 16:42:04,1790433724667,eth,1790433000,Down,0.2,0.17,15.0,176,1.03,0.98,stopped,65.0,20.0,3.8066,1.3089,-2.4978
2026-09-26 16:43:14,1790433794702,eth,1790433000,Down,0.1,0.06,40.0,106,1.03,0.55,hedged,50.0,20.0,11.4406,20.0,8.5594
2026-09-26 16:44:09,1790433849686,eth,1790433000,Up,0.47,0.26,44.7,51,1.03,0.44,hedged,10.0,20.0,9.2735,20.0,10.7265
2026-09-26 16:44:34,1790433874685,eth,1790433000,Down,0.1,0.02,80.0,26,1.03,1.03,held_to_resolution,,20.0,0.6407,,
2026-09-26 16:45:44,1790433944653,btc,1790433900,Up,0.44,0.34,22.7,856,1.03,0.88,hedged,60.1,20.0,18.2672,20.0,1.7328
2026-09-26 16:45:44,1790433944655,eth,1790433900,Up,0.5,0.41,18.0,856,1.04,0.83,hedged,60.1,20.0,17.2797,20.0,2.7203
2026-09-26 16:46:49,1790434009664,eth,1790433900,Down,0.51,0.4,21.6,791,1.04,0.96,stopped,60.0,20.0,8.5387,8.455,-0.0836
2026-09-26 16:48:24,1790434104687,eth,1790433900,Up,0.56,0.42,25.0,696,1.03,0.94,stopped,60.0,20.0,8.9431,7.664,-1.2791
2026-09-26 16:49:04,1790434144691,btc,1790433900,Down,0.59,0.39,33.9,656,1.03,0.98,stopped,60.0,20.0,8.336,7.4669,-0.8691
2026-09-26 16:50:14,1790434214708,btc,1790433900,Down,0.41,0.34,17.1,586,1.03,0.99,stopped,60.1,20.0,7.3185,4.9306,-2.3879
2026-09-26 16:50:39,1790434239694,eth,1790433900,Down,0.54,0.3,44.4,561,1.03,0.96,stopped,60.0,20.0,6.4995,5.706,-0.7935
2026-09-26 16:51:25,1790434285140,btc,1790433900,Down,0.31,0.25,19.4,516,1.03,1.01,stopped,60.1,20.0,5.4694,3.776,-1.6934
2026-09-26 16:52:29,1790434349721,eth,1790433900,Down,0.31,0.26,16.1,451,1.03,0.9,hedged,40.0,20.0,18.6023,20.0,1.3977
2026-09-26 16:54:19,1790434459686,eth,1790433900,Down,0.32,0.27,15.6,341,1.03,0.91,hedged,40.0,20.0,18.8086,20.0,1.1914
2026-09-26 16:55:05,1790434505181,eth,1790433900,Down,0.39,0.3,23.1,296,1.03,0.96,stopped,64.6,20.0,6.4995,1.6853,-4.8141
2026-09-26 16:55:59,1790434559722,btc,1790433900,Down,0.2,0.17,15.0,241,1.03,1.03,stopped,65.0,20.0,3.8066,0.7462,-3.0604
2026-09-26 16:56:25,1790434585182,eth,1790433900,Down,0.17,0.14,17.6,216,1.04,1.01,stopped,64.5,20.0,3.1785,0.9335,-2.245
2026-09-26 16:57:54,1790434674714,btc,1790433900,Down,0.21,0.17,19.0,126,1.03,0.85,hedged,20.5,20.0,17.7113,20.0,2.2887
2026-09-26 16:57:49,1790434669745,eth,1790433900,Down,0.2,0.14,30.0,131,1.03,0.58,hedged,25.5,20.0,12.1216,20.0,7.8784
2026-09-26 16:58:19,1790434699756,eth,1790433900,Up,0.67,0.49,26.9,101,1.03,0.92,hedged,20.0,20.0,19.091,20.0,0.909
2026-09-26 16:58:49,1790434729705,eth,1790433900,Down,0.41,0.24,41.5,71,1.08,0.75,hedged,5.0,20.0,15.6125,20.0,4.3875
2026-09-26 16:59:04,1790434744753,btc,1790433900,Down,0.26,0.15,42.3,56,1.03,1.03,held_to_resolution,,20.0,3.3882,,
2026-09-26 16:58:59,1790434739728,eth,1790433900,Down,0.24,0.2,16.7,61,1.03,1.03,held_to_resolution,,20.0,4.4323,,
2026-09-26 17:01:19,1790434879735,btc,1790434800,Up,0.59,0.48,18.6,821,1.03,0.98,stopped,65.0,20.0,10.1499,9.0513,-1.0986
2026-09-26 17:01:29,1790434889761,eth,1790434800,Up,0.64,0.54,15.6,811,1.04,0.92,hedged,55.0,20.0,19.0728,20.0,0.9272
2026-09-26 17:03:04,1790434984730,btc,1790434800,Down,0.54,0.45,16.7,716,1.03,0.93,stopped,60.0,20.0,9.5478,9.2506,-0.2972
2026-09-26 17:03:04,1790434984732,eth,1790434800,Down,0.41,0.34,17.1,716,1.03,0.98,stopped,60.0,20.0,7.3185,6.8774,-0.4411
2026-09-26 17:04:24,1790435064755,btc,1790434800,Down,0.45,0.38,15.6,636,1.03,0.99,stopped,60.0,20.0,8.1331,6.4858,-1.6472
2026-09-26 17:04:34,1790435074776,eth,1790434800,Down,0.38,0.29,23.7,626,1.03,0.99,stopped,60.0,20.0,6.294,4.3521,-1.9419
2026-09-26 17:06:14,1790435174814,eth,1790434800,Up,0.76,0.62,18.4,526,1.03,0.89,hedged,50.0,20.0,18.3957,20.0,1.6043
2026-09-26 17:07:09,1790435229770,btc,1790434800,Up,0.65,0.55,15.4,471,1.03,1.01,stopped,65.1,20.0,11.545,10.4522,-1.0927
2026-09-26 17:09:04,1790435344804,eth,1790434800,Down,0.37,0.31,16.2,356,1.03,1.02,stopped,60.6,20.0,6.7046,4.5446,-2.16
2026-09-26 17:11:04,1790435464779,eth,1790434800,Down,0.26,0.22,15.4,236,1.03,1.03,stopped,60.0,20.0,4.8479,1.3089,-3.5391
2026-09-26 17:12:34,1790435554787,btc,1790434800,Down,0.32,0.26,18.8,146,1.03,1.03,stopped,60.0,20.0,5.6759,0.5593,-5.1167
2026-09-26 17:13:44,1790435624783,btc,1790434800,Up,0.91,0.64,29.7,76,1.03,0.91,hedged,30.1,20.0,18.7879,20.0,1.2121
2026-09-26 17:14:19,1790435659783,btc,1790434800,Down,0.3,0.16,46.7,41,1.03,0.95,held_to_resolution,,20.0,3.5975,,
2026-09-26 17:12:49,1790435569829,eth,1790434800,Down,0.06,0.05,16.7,131,1.03,1.03,held_to_resolution,,20.0,1.279,,
2026-09-26 17:15:35,1790435735270,btc,1790435700,Down,0.49,0.4,18.4,866,1.03,1.02,stopped,64.5,20.0,8.5387,6.6815,-1.8572
2026-09-26 17:15:35,1790435735271,eth,1790435700,Down,0.51,0.42,17.6,866,1.03,1.03,stopped,64.5,20.0,8.9431,6.0954,-2.8478
2026-09-26 17:20:49,1790436049813,btc,1790435700,Down,0.35,0.24,31.4,551,1.03,0.91,hedged,20.1,20.0,18.7767,20.0,1.2233
2026-09-26 17:20:49,1790436049815,eth,1790435700,Down,0.38,0.29,23.7,551,1.03,0.93,stopped,60.1,20.0,6.294,6.6815,0.3875
2026-09-26 17:22:19,1790436139840,eth,1790435700,Up,0.58,0.47,19.0,461,1.04,0.91,hedged,50.0,20.0,18.8926,20.0,1.1074
2026-09-26 17:22:14,1790436134882,btc,1790435700,Up,0.67,0.49,26.9,466,1.03,0.97,stopped,60.1,20.0,10.35,10.0506,-0.2994
2026-09-26 17:24:04,1790436244892,eth,1790435700,Down,0.46,0.23,50.0,356,1.03,1.01,stopped,60.4,20.0,5.0554,3.3934,-1.662
2026-09-26 17:24:04,1790436244890,btc,1790435700,Down,0.45,0.21,53.3,356,1.03,0.97,stopped,65.1,20.0,4.6402,4.7375,0.0973
2026-09-26 17:25:59,1790436359831,btc,1790435700,Down,0.18,0.14,22.2,241,1.03,1.03,stopped,65.1,20.0,3.1785,1.121,-2.0575
2026-09-26 17:25:59,1790436359832,eth,1790435700,Down,0.32,0.14,56.2,241,1.03,1.0,stopped,65.1,20.0,3.1785,1.874,-1.3045
2026-09-26 17:27:09,1790436429911,btc,1790435700,Down,0.09,0.07,22.2,171,1.03,1.03,stopped,65.0,20.0,1.703,0.1861,-1.5169
2026-09-26 17:27:09,1790436429912,eth,1790435700,Down,0.17,0.12,29.4,171,1.03,1.03,stopped,65.0,20.0,2.7583,0.1861,-2.5722
2026-09-26 17:30:19,1790436619900,btc,1790436600,Down,0.53,0.4,24.5,881,1.03,1.03,stopped,65.5,20.0,8.5387,4.7375,-3.8012
2026-09-26 17:30:19,1790436619901,eth,1790436600,Down,0.57,0.4,29.8,881,1.08,1.03,stopped,65.5,20.0,8.5387,3.9677,-4.5709
2026-09-26 17:32:04,1790436724903,btc,1790436600,Down,0.23,0.19,17.4,776,1.03,1.02,stopped,65.0,20.0,4.224,1.874,-2.35
2026-09-26 17:32:04,1790436724905,eth,1790436600,Down,0.24,0.16,33.3,776,1.03,1.01,stopped,65.0,20.0,3.5975,0.9335,-2.664
2026-09-26 17:34:24,1790436864895,eth,1790436600,Down,0.14,0.11,21.4,636,1.03,0.92,hedged,55.1,20.0,18.7718,20.0,1.2282
2026-09-26 17:35:09,1790436909984,btc,1790436600,Down,0.14,0.11,21.4,591,1.03,0.95,stopped,65.0,20.0,2.5478,0.9335,-1.6143
2026-09-26 17:35:29,1790436929973,eth,1790436600,Down,0.16,0.13,18.8,571,1.03,1.03,stopped,64.9,20.0,2.9686,0.5593,-2.4093
2026-09-26 17:36:39,1790436999912,btc,1790436600,Down,0.06,0.05,16.7,501,1.03,0.97,stopped,60.0,20.0,1.279,1.121,-0.1579
2026-09-26 17:38:09,1790437089974,btc,1790436600,Down,0.08,0.05,37.5,411,1.03,0.99,stopped,65.0,20.0,1.279,0.9335,-0.3455
2026-09-26 17:39:19,1790437159923,eth,1790436600,Down,0.13,0.11,15.4,341,1.03,1.03,stopped,60.0,20.0,2.5478,0.3726,-2.1753
2026-09-26 17:40:24,1790437224924,eth,1790436600,Down,0.05,0.04,20.0,276,1.03,0.86,hedged,15.0,20.0,17.6731,20.0,2.3269
2026-09-26 17:40:04,1790437204916,btc,1790436600,Down,0.06,0.04,33.3,296,1.03,0.96,stopped,60.1,20.0,1.0665,1.3089,0.2424
2026-09-26 17:41:00,1790437260001,eth,1790436600,Up,0.83,0.69,16.9,241,1.03,0.92,hedged,10.0,20.0,18.9342,20.0,1.0658
2026-09-26 17:41:34,1790437294918,btc,1790436600,Down,0.08,0.06,25.0,206,1.03,1.03,stopped,60.0,20.0,1.4911,0.5593,-0.9319
2026-09-26 17:41:59,1790437319935,eth,1790436600,Down,0.18,0.15,16.7,181,1.03,0.97,stopped,65.0,20.0,3.3882,1.121,-2.2671
2026-09-26 17:42:49,1790437369960,btc,1790436600,Down,0.05,0.04,20.0,131,1.03,1.03,held_to_resolution,,20.0,1.0665,,
2026-09-26 17:43:54,1790437434972,eth,1790436600,Down,0.06,0.05,16.7,66,1.04,1.04,held_to_resolution,,20.0,1.279,,
2026-09-26 17:45:34,1790437534950,eth,1790437500,Up,0.49,0.4,18.4,866,1.03,1.03,stopped,60.0,20.0,8.5387,5.1241,-3.4146
2026-09-26 17:47:14,1790437634980,eth,1790437500,Up,0.28,0.23,17.9,766,1.04,1.03,stopped,60.0,20.0,5.0554,3.3934,-1.662
2026-09-26 17:49:39,1790437779950,btc,1790437500,Up,0.42,0.34,19.0,621,1.03,1.03,stopped,60.0,20.0,7.3185,4.5446,-2.7739
2026-09-26 17:51:30,1790437890044,btc,1790437500,Down,0.75,0.58,22.7,511,1.03,0.91,hedged,34.9,20.0,18.8433,20.0,1.1567
2026-09-26 17:51:54,1790437914971,eth,1790437500,Up,0.18,0.12,33.3,486,1.03,0.73,hedged,35.0,20.0,15.0943,20.0,4.9057
2026-09-26 17:52:29,1790437949987,btc,1790437500,Down,0.65,0.33,49.2,451,1.03,1.03,stopped,65.0,20.0,7.1142,4.5446,-2.5695
2026-09-26 17:53:50,1790438030017,btc,1790437500,Up,0.76,0.63,17.1,371,1.03,0.92,hedged,30.0,20.0,19.0048,20.0,0.9952
2026-09-26 17:53:50,1790438030018,eth,1790437500,Up,0.52,0.35,32.7,371,1.03,0.91,hedged,35.0,20.0,19.0675,20.0,0.9325
2026-09-26 17:54:39,1790438079959,eth,1790437500,Down,0.5,0.4,20.0,321,1.04,0.84,hedged,55.1,20.0,17.4818,20.0,2.5182
2026-09-26 17:55:10,1790438110048,btc,1790437500,Down,0.19,0.16,15.8,291,1.03,0.84,hedged,35.0,20.0,17.3071,20.0,2.6929
2026-09-26 17:55:45,1790438145004,eth,1790437500,Up,0.45,0.35,22.2,256,1.03,0.89,hedged,40.4,20.0,18.4713,20.0,1.5287
2026-09-26 17:56:10,1790438170019,btc,1790437500,Down,0.3,0.25,16.7,231,1.03,1.0,stopped,60.0,20.0,5.4694,2.8215,-2.6479
2026-09-26 17:57:24,1790438244990,btc,1790437500,Down,0.18,0.15,16.7,156,1.03,1.03,stopped,60.0,20.0,3.3882,0.9335,-2.4547
2026-09-26 17:58:30,1790438310002,btc,1790437500,Down,0.08,0.06,25.0,91,1.03,1.03,held_to_resolution,,20.0,1.4911,,
2026-09-26 17:58:44,1790438324997,eth,1790437500,Down,0.34,0.28,17.6,76,1.03,1.03,held_to_resolution,,20.0,6.0883,,
2026-09-26 18:00:29,1790438429988,eth,1790438400,Up,0.45,0.37,17.8,871,1.03,1.02,stopped,60.0,20.0,7.9298,6.0954,-1.8345
2026-09-26 18:02:00,1790438520056,btc,1790438400,Up,0.43,0.35,18.6,781,1.03,0.96,stopped,65.0,20.0,7.5226,7.4669,-0.0556
2026-09-26 18:05:00,1790438700054,eth,1790438400,Up,0.31,0.25,19.4,601,1.03,0.98,stopped,60.0,20.0,5.4694,4.1598,-1.3096
2026-09-26 18:07:05,1790438825077,eth,1790438400,Up,0.24,0.2,16.7,476,1.03,1.02,stopped,65.0,20.0,4.4323,3.0118,-1.4204
2026-09-26 18:10:25,1790439025056,btc,1790438400,Up,0.38,0.3,21.1,276,1.03,1.02,stopped,60.5,20.0,6.4995,0.9335,-5.566
2026-09-26 18:10:40,1790439040066,eth,1790438400,Up,0.19,0.12,36.8,261,1.03,1.0,stopped,65.0,20.0,2.7583,1.3089,-1.4495
2026-09-26 18:11:35,1790439095078,btc,1790438400,Up,0.07,0.05,28.6,206,1.03,0.94,stopped,60.0,20.0,1.279,1.121,-0.1579
2026-09-26 18:11:55,1790439115035,eth,1790438400,Up,0.09,0.07,22.2,186,1.03,1.03,stopped,60.0,20.0,1.703,0.1861,-1.5169
2026-09-26 18:12:50,1790439170079,btc,1790438400,Up,0.08,0.06,25.0,131,1.03,1.03,stopped,65.0,20.0,1.4911,0.1861,-1.305
2026-09-26 18:16:10,1790439370115,eth,1790439300,Up,0.49,0.39,20.4,831,1.03,0.95,stopped,65.0,20.0,8.336,8.2569,-0.0791
2026-09-26 18:18:10,1790439490159,eth,1790439300,Down,0.56,0.45,19.6,711,1.03,1.0,stopped,64.9,20.0,9.5478,8.2569,-1.2909
2026-09-26 18:18:15,1790439495147,btc,1790439300,Down,0.6,0.51,15.0,706,1.03,1.01,stopped,65.0,20.0,10.7494,9.2506,-1.4989
2026-09-26 18:20:05,1790439605099,btc,1790439300,Up,0.49,0.41,16.3,596,1.03,1.03,stopped,60.0,20.0,8.741,4.7375,-4.0035
2026-09-26 18:20:05,1790439605572,eth,1790439300,Up,0.54,0.4,25.9,596,1.03,1.03,stopped,64.6,20.0,8.5387,3.9677,-4.5709
2026-09-26 18:21:20,1790439680130,btc,1790439300,Up,0.3,0.24,20.0,521,1.03,0.94,stopped,60.0,20.0,5.2625,4.5446,-0.7179
2026-09-26 18:21:20,1790439680131,eth,1790439300,Up,0.23,0.13,43.5,521,1.03,0.94,stopped,60.0,20.0,2.9686,3.5845,0.616
2026-09-26 18:23:25,1790439805110,eth,1790439300,Up,0.19,0.16,15.8,396,1.03,0.92,hedged,20.0,20.0,18.86,20.0,1.14
2026-09-26 18:24:05,1790439845125,eth,1790439300,Up,0.31,0.25,19.4,356,1.03,1.03,stopped,60.5,20.0,5.4694,2.6314,-2.8379
2026-09-26 18:24:40,1790439880118,btc,1790439300,Up,0.26,0.22,15.4,321,1.03,1.03,stopped,60.0,20.0,4.8479,2.2522,-2.5958
2026-09-26 18:26:10,1790439970146,btc,1790439300,Up,0.13,0.11,15.4,231,1.03,0.98,stopped,60.0,20.0,2.5478,1.874,-0.6738
2026-09-26 18:27:25,1790440045102,btc,1790439300,Up,0.12,0.05,58.3,156,1.03,1.03,stopped,60.1,20.0,1.279,0.1861,-1.0928
2026-09-26 18:27:25,1790440045104,eth,1790439300,Up,0.06,0.04,33.3,156,1.03,1.03,held_to_resolution,,20.0,1.0665,,
2026-09-26 18:31:15,1790440275181,eth,1790440200,Down,0.42,0.35,16.7,826,1.03,1.03,stopped,60.1,20.0,7.5226,1.874,-5.6486
2026-09-26 18:31:55,1790440315170,btc,1790440200,Down,0.43,0.35,18.6,786,1.03,1.01,stopped,60.0,20.0,7.5226,5.5117,-2.0108
2026-09-26 18:32:55,1790440375196,eth,1790440200,Down,0.12,0.09,25.0,726,1.03,1.01,stopped,65.0,20.0,2.126,1.121,-1.005
2026-09-26 18:37:30,1790440650181,eth,1790440200,Down,0.1,0.07,30.0,451,1.03,1.03,stopped,60.0,20.0,1.703,0.5593,-1.1438
2026-09-26 18:38:05,1790440685210,btc,1790440200,Down,0.17,0.14,17.6,416,1.03,1.03,stopped,65.0,20.0,3.1785,1.3089,-1.8696
2026-09-26 18:38:35,1790440715182,eth,1790440200,Down,0.06,0.05,16.7,386,1.03,1.03,stopped,65.0,20.0,1.279,0.1861,-1.0928
2026-09-26 18:40:45,1790440845186,btc,1790440200,Down,0.06,0.05,16.7,256,1.03,0.99,stopped,60.0,20.0,1.279,0.9335,-0.3455
2026-09-26 18:42:15,1790440935299,btc,1790440200,Down,0.06,0.05,16.7,166,1.03,1.03,stopped,64.9,20.0,1.279,0.1861,-1.0928
2026-09-26 18:45:15,1790441115219,btc,1790441100,Up,0.47,0.34,27.7,886,1.03,0.95,stopped,60.0,20.0,7.3185,7.0737,-0.2448
2026-09-26 18:46:15,1790441175264,eth,1790441100,Up,0.37,0.3,18.9,826,1.03,0.92,hedged,25.0,20.0,19.0325,20.0,0.9675
2026-09-26 18:46:40,1790441200250,btc,1790441100,Down,0.61,0.5,18.0,801,1.03,1.0,stopped,60.0,20.0,10.5499,7.8613,-2.6885
2026-09-26 18:47:15,1790441235248,eth,1790441100,Down,0.55,0.45,18.2,766,1.03,0.92,hedged,50.0,20.0,19.0955,20.0,0.9045
2026-09-26 18:48:25,1790441305244,btc,1790441100,Up,0.47,0.33,29.8,696,1.03,0.99,stopped,65.0,20.0,7.1142,6.6815,-0.4327
2026-09-26 18:48:25,1790441305245,eth,1790441100,Up,0.41,0.24,41.5,696,1.03,0.94,stopped,65.0,20.0,5.2625,5.9005,0.638
2026-09-26 18:49:35,1790441375254,btc,1790441100,Down,0.71,0.58,18.3,626,1.03,0.91,hedged,45.0,20.0,18.8433,20.0,1.1567
2026-09-26 18:50:25,1790441425233,btc,1790441100,Up,0.45,0.31,31.1,576,1.03,1.03,stopped,60.5,20.0,6.7046,5.1241,-1.5806
2026-09-26 18:50:25,1790441425234,eth,1790441100,Up,0.38,0.23,39.5,576,1.03,1.03,stopped,60.5,20.0,5.0554,3.5845,-1.4708
2026-09-26 18:52:15,1790441535248,eth,1790441100,Up,0.16,0.13,18.8,466,1.03,0.97,stopped,60.1,20.0,2.9686,3.2025,0.2339
2026-09-26 18:53:30,1790441610283,eth,1790441100,Up,0.18,0.12,33.3,391,1.04,1.03,stopped,65.0,20.0,2.7583,0.9335,-1.8248
2026-09-26 18:54:00,1790441640261,btc,1790441100,Up,0.21,0.14,33.3,361,1.03,1.03,stopped,60.0,20.0,3.1785,1.3089,-1.8696
2026-09-26 18:55:05,1790441705277,btc,1790441100,Down,0.92,0.7,23.9,296,1.03,0.89,hedged,15.0,20.0,18.2949,20.0,1.7051
2026-09-26 18:55:00,1790441700269,eth,1790441100,Up,0.08,0.06,25.0,301,1.03,0.94,stopped,60.1,20.0,1.4911,1.497,0.0058
2026-09-26 18:55:35,1790441735287,btc,1790441100,Up,0.18,0.11,38.9,266,1.03,0.99,stopped,65.0,20.0,2.5478,0.3726,-2.1753
2026-09-26 18:56:10,1790441770265,eth,1790441100,Up,0.1,0.06,40.0,231,1.03,1.03,stopped,60.0,20.0,1.4911,0.1861,-1.305
2026-09-26 18:57:00,1790441820288,btc,1790441100,Up,0.06,0.04,33.3,181,1.03,0.93,stopped,60.0,20.0,1.0665,0.5593,-0.5072
2026-09-26 18:57:30,1790441850280,eth,1790441100,Up,0.21,0.15,28.6,151,1.03,1.0,stopped,60.0,20.0,3.3882,0.1861,-3.202
2026-09-26 18:58:15,1790441895447,btc,1790441100,Up,0.05,0.02,60.0,106,1.03,1.009,held_to_resolution,,20.0,0.6407,,
2026-09-26 19:00:45,1790442045310,eth,1790442000,Up,0.53,0.45,15.1,856,1.03,0.92,hedged,30.0,20.0,19.0955,20.0,0.9045
2026-09-26 19:01:20,1790442080286,eth,1790442000,Down,0.51,0.41,19.6,821,1.03,0.97,stopped,60.0,20.0,8.741,8.455,-0.286
2026-09-26 19:03:15,1790442195367,btc,1790442000,Up,0.5,0.41,18.0,706,1.04,1.04,stopped,60.0,20.0,8.741,5.5117,-3.2293
2026-09-26 19:03:15,1790442195369,eth,1790442000,Up,0.48,0.38,20.8,706,1.03,1.03,stopped,60.0,20.0,8.1331,4.1598,-3.9733
2026-09-26 19:05:00,1790442300334,eth,1790442000,Up,0.26,0.21,19.2,601,1.03,1.03,stopped,65.0,20.0,4.6402,2.2522,-2.3881
2026-09-26 19:05:55,1790442355304,btc,1790442000,Up,0.34,0.27,20.6,546,1.03,1.03,stopped,60.0,20.0,5.8822,3.9677,-1.9145
2026-09-26 19:06:50,1790442410353,eth,1790442000,Up,0.14,0.09,35.7,491,1.03,1.03,stopped,65.0,20.0,2.126,0.3726,-1.7534
2026-09-26 19:07:20,1790442440311,btc,1790442000,Up,0.21,0.17,19.0,461,1.03,1.02,stopped,60.0,20.0,3.8066,2.2522,-1.5545
2026-09-26 19:09:25,1790442565373,btc,1790442000,Up,0.17,0.13,23.5,336,1.03,0.98,stopped,65.0,20.0,2.9686,0.5593,-2.4093
2026-09-26 19:09:55,1790442595371,eth,1790442000,Up,0.06,0.05,16.7,306,1.03,1.03,stopped,60.0,20.0,1.279,0.1861,-1.0928
2026-09-26 19:10:40,1790442640319,btc,1790442000,Up,0.05,0.04,20.0,261,1.03,1.02,stopped,60.0,20.0,1.0665,0.1861,-0.8804
2026-09-26 19:13:40,1790442820349,btc,1790442000,Up,0.063,0.04,36.5,81,1.03,1.03,held_to_resolution,,20.0,1.0665,,
2026-09-26 19:17:25,1790443045402,eth,1790442900,Down,0.66,0.54,18.2,755,1.04,0.87,hedged,35.0,20.0,18.0511,20.0,1.9489
2026-09-26 19:19:10,1790443150384,btc,1790442900,Up,0.34,0.26,23.5,650,1.03,0.9,hedged,55.0,20.0,18.6023,20.0,1.3977
2026-09-26 19:19:10,1790443150385,eth,1790442900,Up,0.39,0.32,17.9,650,1.03,0.99,stopped,60.0,20.0,6.9095,6.4858,-0.4237
2026-09-26 19:20:15,1790443215405,btc,1790442900,Up,0.39,0.33,15.4,585,1.03,0.96,stopped,60.1,20.0,7.1142,6.4858,-0.6283
2026-09-26 19:21:25,1790443285843,btc,1790442900,Up,0.36,0.27,25.0,515,1.03,1.0,stopped,64.5,20.0,5.8822,4.7375,-1.1447
2026-09-26 19:22:10,1790443330450,eth,1790442900,Up,0.25,0.2,20.0,470,1.03,0.9,hedged,35.1,20.0,18.5317,20.0,1.4683
2026-09-26 19:23:35,1790443415405,btc,1790442900,Up,0.38,0.25,34.2,385,1.05,0.97,stopped,60.0,20.0,5.4694,4.3521,-1.1173
2026-09-26 19:23:35,1790443415407,eth,1790442900,Up,0.44,0.32,27.3,385,1.03,0.98,stopped,60.0,20.0,6.9095,6.4858,-0.4237
2026-09-26 19:24:50,1790443490427,eth,1790442900,Up,0.4,0.34,15.0,310,1.03,0.88,hedged,65.0,20.0,18.2672,20.0,1.7328
2026-09-26 19:26:00,1790443560430,eth,1790442900,Down,0.61,0.5,18.0,240,1.03,1.03,stopped,60.0,20.0,10.5499,4.9306,-5.6192
2026-09-26 19:26:20,1790443580433,btc,1790442900,Up,0.33,0.22,33.3,220,1.03,1.03,stopped,60.0,20.0,4.8479,3.2025,-1.6455
2026-09-26 19:27:05,1790443625441,eth,1790442900,Down,0.33,0.25,24.2,175,1.03,1.03,stopped,65.0,20.0,5.4694,2.4417,-3.0277
2026-09-26 19:27:25,1790443645455,btc,1790442900,Up,0.19,0.16,15.8,155,1.03,1.03,stopped,65.0,20.0,3.5975,0.5593,-3.0383
2026-09-26 19:28:25,1790443705450,eth,1790442900,Down,0.14,0.08,42.9,95,1.03,0.64,hedged,45.0,20.0,13.2612,20.0,6.7388
2026-09-26 19:29:15,1790443755568,eth,1790442900,Down,0.47,0.39,17.0,45,1.04,0.56,hedged,9.9,20.0,11.7242,20.0,8.2758
2026-09-26 19:28:45,1790443725456,btc,1790442900,Up,0.05,0.04,20.0,75,1.03,1.03,held_to_resolution,,20.0,1.0665,,
2026-09-26 19:29:30,1790443770454,eth,1790442900,Up,0.15,0.09,40.0,30,1.04,1.0,held_to_resolution,,20.0,2.126,,
2026-09-26 19:30:30,1790443830472,btc,1790443800,Down,0.46,0.37,19.6,870,1.03,0.91,hedged,30.1,20.0,18.8786,20.0,1.1214
2026-09-26 19:30:30,1790443830473,eth,1790443800,Down,0.45,0.38,15.6,870,1.03,0.9,stopped,65.0,20.0,8.1331,8.6535,0.5204
2026-09-26 19:34:30,1790444070426,eth,1790443800,Up,0.52,0.43,17.3,630,1.03,0.89,hedged,55.0,20.0,18.4915,20.0,1.5085
2026-09-26 19:36:35,1790444195487,eth,1790443800,Down,0.48,0.4,16.7,505,1.03,1.03,stopped,65.0,20.0,8.5387,5.1241,-3.4146
2026-09-26 19:37:05,1790444225469,btc,1790443800,Down,0.39,0.33,15.4,475,1.03,1.03,stopped,65.0,20.0,7.1142,5.3178,-1.7964
2026-09-26 19:39:50,1790444390487,btc,1790443800,Down,0.27,0.17,37.0,310,1.03,0.85,hedged,40.0,20.0,17.5162,20.0,2.4838
2026-09-26 19:39:50,1790444390489,eth,1790443800,Down,0.38,0.23,39.5,310,1.03,0.65,hedged,40.0,20.0,13.594,20.0,6.406
2026-09-26 19:40:40,1790444440507,eth,1790443800,Down,0.61,0.49,19.7,260,1.03,0.92,hedged,55.0,20.0,19.091,20.0,0.909
2026-09-26 19:40:40,1790444440506,btc,1790443800,Down,0.35,0.23,34.3,260,1.03,1.03,stopped,60.0,20.0,5.0554,2.2522,-2.8032
2026-09-26 19:41:45,1790444505537,btc,1790443800,Up,0.87,0.69,20.7,195,1.03,0.81,hedged,20.0,20.0,16.6311,20.0,3.3689
2026-09-26 19:41:45,1790444505539,eth,1790443800,Up,0.38,0.25,34.2,195,1.03,0.79,hedged,20.0,20.0,16.4181,20.0,3.5819
2026-09-26 19:42:40,1790444560506,btc,1790443800,Down,0.09,0.07,22.2,140,1.03,1.03,stopped,65.0,20.0,1.703,0.1861,-1.5169
2026-09-26 19:42:50,1790444570540,eth,1790443800,Down,0.57,0.41,28.1,130,1.04,1.04,stopped,65.0,20.0,8.741,5.5117,-3.2293
2026-09-26 19:44:00,1790444640501,eth,1790443800,Down,0.34,0.25,26.5,60,1.03,1.03,held_to_resolution,,20.0,5.4694,,
2026-09-26 19:46:05,1790444765497,eth,1790444700,Down,0.49,0.41,16.3,835,1.03,0.97,stopped,60.1,20.0,8.741,7.8613,-0.8797
2026-09-26 19:47:25,1790444845506,btc,1790444700,Down,0.38,0.32,15.8,755,1.03,1.01,stopped,60.0,20.0,6.9095,5.3178,-1.5918
2026-09-26 19:47:20,1790444840512,eth,1790444700,Down,0.45,0.37,17.8,760,1.03,1.0,stopped,65.0,20.0,7.9298,4.1598,-3.7701
2026-09-26 19:49:45,1790444985541,eth,1790444700,Up,0.78,0.62,20.5,615,1.03,1.03,stopped,65.0,20.0,12.9263,9.2506,-3.6758
2026-09-26 19:51:05,1790445065541,eth,1790444700,Up,0.51,0.43,15.7,535,1.03,1.01,stopped,60.0,20.0,9.145,8.059,-1.086
2026-09-26 19:52:10,1790445130532,eth,1790444700,Down,0.58,0.44,24.1,470,1.03,1.0,stopped,65.0,20.0,9.3465,8.2569,-1.0896
2026-09-26 19:52:15,1790445135646,btc,1790444700,Down,0.37,0.3,18.9,465,1.03,1.03,stopped,65.0,20.0,6.4995,5.1241,-1.3754
2026-09-26 19:54:15,1790445255595,eth,1790444700,Up,0.56,0.46,17.9,345,1.04,0.92,hedged,39.9,20.0,19.0952,20.0,0.9048
2026-09-26 19:54:15,1790445255593,btc,1790444700,Up,0.75,0.62,17.3,345,1.03,0.92,hedged,55.0,20.0,19.0146,20.0,0.9854
2026-09-26 19:56:05,1790445365565,btc,1790444700,Down,0.2,0.17,15.0,235,1.03,1.03,stopped,60.0,20.0,3.8066,0.1861,-3.6205
2026-09-26 19:56:45,1790445405539,eth,1790444700,Down,0.5,0.16,68.0,195,1.03,1.03,stopped,60.0,20.0,3.5975,1.497,-2.1006
2026-09-26 19:58:00,1790445480604,eth,1790444700,Down,0.09,0.06,33.3,120,1.03,1.03,stopped,60.0,20.0,1.4911,0.1861,-1.305
2026-09-26 20:00:43,1790445643858,eth,1790445600,Up,0.45,0.37,17.8,857,1.04,1.04,stopped,60.0,20.0,7.9298,4.7375,-3.1923
2026-09-26 20:00:53,1790445653875,btc,1790445600,Up,0.45,0.38,15.6,847,1.03,0.99,stopped,60.0,20.0,8.1331,7.0737,-1.0594
2026-09-26 20:02:23,1790445743898,eth,1790445600,Down,0.7,0.57,18.6,757,1.04,0.96,stopped,60.1,20.0,11.941,11.259,-0.6821
2026-09-26 20:03:48,1790445828897,btc,1790445600,Up,0.45,0.37,17.8,672,1.03,0.9,hedged,35.0,20.0,18.8786,20.0,1.1214
2026-09-26 20:03:48,1790445828899,eth,1790445600,Down,0.6,0.38,36.7,672,1.03,1.01,stopped,60.0,20.0,8.1331,6.0954,-2.0377
2026-09-26 20:05:13,1790445913993,eth,1790445600,Up,0.6,0.49,18.3,587,1.03,0.92,hedged,14.9,20.0,19.091,20.0,0.909
2026-09-26 20:04:38,1790445878949,btc,1790445600,Down,0.49,0.35,28.6,622,1.04,0.92,hedged,65.0,20.0,19.0675,20.0,0.9325
2026-09-26 20:07:38,1790446058983,eth,1790445600,Up,0.41,0.33,19.5,442,1.03,1.03,stopped,65.0,20.0,7.1142,2.0629,-5.0512
2026-09-26 20:07:58,1790446078939,btc,1790445600,Up,0.36,0.24,33.3,422,1.03,1.02,stopped,60.0,20.0,5.2625,3.2025,-2.06
2026-09-26 20:11:14,1790446274021,eth,1790445600,Up,0.06,0.05,16.7,227,1.03,1.03,stopped,90.0,20.0,1.279,0.1861,-1.0928
2026-09-26 20:12:28,1790446348923,btc,1790445600,Up,0.06,0.05,16.7,152,1.03,1.03,stopped,60.0,20.0,1.279,0.1861,-1.0928
2026-09-26 20:15:23,1790446523952,eth,1790446500,Up,0.45,0.37,17.8,877,1.03,1.03,stopped,60.0,20.0,7.9298,5.9005,-2.0293
2026-09-26 20:16:13,1790446573985,btc,1790446500,Up,0.39,0.31,20.5,827,1.03,0.99,stopped,60.0,20.0,6.7046,5.5117,-1.1929
2026-09-26 20:17:38,1790446658985,eth,1790446500,Up,0.36,0.3,16.7,742,1.03,0.92,hedged,50.1,20.0,19.0325,20.0,0.9675
2026-09-26 20:18:43,1790446723990,btc,1790446500,Up,0.39,0.33,15.4,677,1.03,1.02,stopped,65.0,20.0,7.1142,4.3521,-2.7621
2026-09-26 20:18:43,1790446723992,eth,1790446500,Up,0.43,0.36,16.3,677,1.04,1.0,stopped,65.0,20.0,7.7263,5.9005,-1.8258
2026-09-26 20:21:14,1790446874004,eth,1790446500,Down,0.72,0.54,25.0,527,1.03,0.95,stopped,60.0,20.0,11.3465,6.8774,-4.4691
2026-09-26 20:21:34,1790446894035,btc,1790446500,Up,0.37,0.3,18.9,507,1.03,0.86,hedged,45.0,20.0,17.846,20.0,2.154
2026-09-26 20:22:19,1790446939008,eth,1790446500,Down,0.47,0.29,38.3,462,1.03,0.84,hedged,30.0,20.0,17.4418,20.0,2.5582
2026-09-26 20:25:04,1790447104017,btc,1790446500,Up,0.3,0.18,40.0,297,1.03,1.03,stopped,65.0,20.0,4.0155,0.7462,-3.2692
2026-09-26 20:25:04,1790447104019,eth,1790446500,Up,0.36,0.29,19.4,297,1.03,1.01,stopped,65.0,20.0,6.294,5.5117,-0.7823
2026-09-26 20:26:33,1790447193997,eth,1790446500,Up,0.26,0.13,50.0,207,1.03,0.91,hedged,20.1,20.0,18.6165,20.0,1.3835
2026-09-26 20:26:14,1790447174001,btc,1790446500,Up,0.06,0.05,16.7,227,1.03,1.03,stopped,65.0,20.0,1.279,0.1861,-1.0928
2026-09-26 20:27:13,1790447233996,eth,1790446500,Down,0.78,0.57,26.9,167,1.03,0.8,hedged,45.0,20.0,16.5813,20.0,3.4187
2026-09-26 20:28:03,1790447283992,eth,1790446500,Up,0.31,0.22,29.0,117,1.04,1.04,stopped,60.1,20.0,4.8479,0.5593,-4.2887
2026-09-26 20:29:09,1790447349000,eth,1790446500,Up,0.05,0.04,20.0,52,1.04,1.04,held_to_resolution,,20.0,1.0665,,
2026-09-26 20:32:29,1790447549012,eth,1790447400,Down,0.48,0.39,18.7,752,1.03,0.88,hedged,50.0,20.0,18.2854,20.0,1.7146
2026-09-26 20:34:04,1790447644085,btc,1790447400,Down,0.51,0.39,23.5,657,1.03,0.92,hedged,25.0,20.0,19.0854,20.0,0.9146
2026-09-26 20:34:09,1790447649060,eth,1790447400,Down,0.54,0.44,18.5,652,1.04,0.82,hedged,25.0,20.0,17.0728,20.0,2.9272
2026-09-26 20:34:34,1790447674041,btc,1790447400,Up,0.52,0.41,21.2,627,1.03,0.91,hedged,25.0,20.0,18.8909,20.0,1.1091
2026-09-26 20:36:34,1790447794035,eth,1790447400,Up,0.41,0.28,31.7,507,1.03,1.03,stopped,65.0,20.0,6.0883,2.6314,-3.4568
2026-09-26 20:37:19,1790447839033,btc,1790447400,Up,0.63,0.5,20.6,462,1.03,0.96,stopped,60.1,20.0,10.5499,9.2506,-1.2993
2026-09-26 20:37:54,1790447874035,eth,1790447400,Up,0.17,0.14,17.6,427,1.03,1.01,stopped,60.0,20.0,3.1785,1.121,-2.0575
2026-09-26 20:38:59,1790447939084,eth,1790447400,Up,0.09,0.07,22.2,362,1.03,1.0,stopped,65.0,20.0,1.703,0.7462,-0.9568
2026-09-26 20:39:24,1790447964073,btc,1790447400,Up,0.46,0.28,39.1,337,1.03,0.99,stopped,60.0,20.0,6.0883,5.706,-0.3823
2026-09-26 20:40:29,1790448029069,btc,1790447400,Up,0.23,0.19,17.4,272,1.03,1.03,stopped,60.5,20.0,4.224,2.0629,-2.1611
2026-09-26 20:40:29,1790448029070,eth,1790447400,Up,0.06,0.04,33.3,272,1.04,1.04,stopped,60.5,20.0,1.0665,0.1861,-0.8804
2026-09-26 20:41:39,1790448099088,btc,1790447400,Up,0.12,0.08,33.3,202,1.03,1.02,stopped,65.0,20.0,1.9147,0.3726,-1.5421
2026-09-26 20:47:34,1790448454093,btc,1790448300,Up,0.41,0.33,19.5,747,1.03,0.95,stopped,60.0,20.0,7.1142,5.5117,-1.6024
2026-09-26 20:47:29,1790448449204,eth,1790448300,Up,0.5,0.33,34.0,752,1.05,1.01,stopped,64.9,20.0,7.1142,5.3178,-1.7964
2026-09-26 20:50:04,1790448604148,btc,1790448300,Up,0.41,0.32,22.0,597,1.03,1.03,stopped,65.0,20.0,6.9095,4.7375,-2.172
2026-09-26 20:50:04,1790448604149,eth,1790448300,Up,0.43,0.35,18.6,597,1.03,1.03,stopped,65.0,20.0,7.5226,4.1598,-3.3628
2026-09-26 20:51:14,1790448674149,btc,1790448300,Up,0.27,0.19,29.6,527,1.03,0.92,hedged,45.0,20.0,18.9062,20.0,1.0938
2026-09-26 20:51:24,1790448684120,eth,1790448300,Down,0.8,0.66,17.5,517,1.03,1.03,stopped,65.0,20.0,13.7095,11.664,-2.0455
2026-09-26 20:53:59,1790448839106,eth,1790448300,Down,0.64,0.5,21.9,362,1.04,1.02,stopped,60.0,20.0,10.5499,7.4669,-3.0829
2026-09-26 20:54:44,1790448884124,btc,1790448300,Up,0.23,0.18,21.7,317,1.03,1.02,stopped,65.1,20.0,4.0155,2.0629,-1.9525
2026-09-26 20:56:04,1790448964136,btc,1790448300,Up,0.12,0.08,33.3,237,1.03,1.01,stopped,60.0,20.0,1.9147,1.121,-0.7936
2026-09-26 20:57:14,1790449034205,eth,1790448300,Down,0.38,0.27,28.9,167,1.03,0.86,hedged,39.9,20.0,17.8233,20.0,2.1767
2026-09-26 20:57:24,1790449044148,btc,1790448300,Up,0.14,0.11,21.4,157,1.03,1.03,stopped,60.0,20.0,2.5478,0.3726,-2.1753
2026-09-26 20:58:34,1790449114115,eth,1790448300,Down,0.54,0.31,42.6,87,1.04,0.94,stopped,60.0,20.0,6.7046,1.6853,-5.0193
2026-09-26 21:00:14,1790449214170,btc,1790449200,Down,0.38,0.32,15.8,887,1.03,1.02,stopped,60.1,20.0,6.9095,4.7375,-2.172
2026-09-26 21:01:29,1790449289650,btc,1790449200,Down,0.25,0.2,20.0,812,1.03,0.9,hedged,44.6,20.0,18.5317,20.0,1.4683
2026-09-26 21:02:04,1790449324170,eth,1790449200,Down,0.23,0.19,17.4,777,1.03,1.03,stopped,60.0,20.0,4.224,2.8215,-1.4025
2026-09-26 21:04:59,1790449499184,eth,1790449200,Down,0.29,0.24,17.2,602,1.03,1.02,stopped,65.0,20.0,5.2625,3.5845,-1.678
2026-09-26 21:07:39,1790449659187,btc,1790449200,Down,0.3,0.24,20.0,442,1.03,0.97,stopped,60.0,20.0,5.2625,4.3521,-0.9104
2026-09-26 21:09:09,1790449749603,eth,1790449200,Down,0.17,0.11,35.3,352,1.03,0.94,stopped,60.1,20.0,2.5478,2.4417,-0.1062
2026-09-26 21:09:39,1790449779173,btc,1790449200,Up,0.78,0.63,19.2,322,1.03,1.01,stopped,60.0,20.0,13.1226,12.2737,-0.8489
2026-09-26 21:10:49,1790449849188,eth,1790449200,Down,0.18,0.13,27.8,252,1.04,0.92,hedged,10.2,20.0,18.8088,20.0,1.1912
2026-09-26 21:11:49,1790449909230,btc,1790449200,Down,0.31,0.18,41.9,192,1.03,1.03,stopped,60.0,20.0,4.0155,0.7462,-3.2692
2026-09-26 21:11:49,1790449909231,eth,1790449200,Down,0.24,0.16,33.3,192,1.04,1.03,stopped,60.0,20.0,3.5975,0.7462,-2.8513
2026-09-26 21:13:14,1790449994292,btc,1790449200,Down,0.06,0.05,16.7,107,1.03,1.03,held_to_resolution,,20.0,1.279,,
2026-09-26 21:12:59,1790449979220,eth,1790449200,Down,0.07,0.05,28.6,122,1.03,1.03,held_to_resolution,,20.0,1.279,,
2026-09-26 21:19:04,1790450344266,btc,1790450100,Down,0.48,0.4,16.7,657,1.03,0.98,stopped,60.0,20.0,8.5387,8.2569,-0.2818
2026-09-26 21:19:34,1790450374271,eth,1790450100,Up,0.41,0.32,22.0,627,1.03,0.98,stopped,65.0,20.0,6.9095,5.3178,-1.5918
2026-09-26 21:20:49,1790450449273,eth,1790450100,Up,0.29,0.17,41.4,552,1.06,1.06,stopped,65.0,20.0,3.8066,1.874,-1.9326
2026-09-26 21:20:54,1790450454306,btc,1790450100,Down,0.41,0.33,19.5,547,1.04,0.92,hedged,65.0,20.0,19.0552,20.0,0.9448
2026-09-26 21:22:29,1790450549244,eth,1790450100,Up,0.11,0.09,18.2,452,1.03,1.02,stopped,60.0,20.0,2.126,0.9335,-1.1925
2026-09-26 21:23:09,1790450589276,btc,1790450100,Down,0.36,0.3,16.7,412,1.03,0.94,stopped,65.0,20.0,6.4995,5.706,-0.7935
2026-09-26 21:26:09,1790450769298,eth,1790450100,Up,0.09,0.07,22.2,232,1.03,1.02,stopped,60.0,20.0,1.703,0.1861,-1.5169
2026-09-26 21:27:09,1790450829314,btc,1790450100,Down,0.29,0.21,27.6,172,1.03,1.01,stopped,60.0,20.0,4.6402,1.6853,-2.9549
2026-09-26 21:28:19,1790450899299,btc,1790450100,Down,0.11,0.09,18.2,102,1.03,1.01,held_to_resolution,,20.0,2.126,,
2026-09-26 21:30:34,1790451034340,btc,1790451000,Up,0.4,0.33,17.5,867,1.03,0.95,stopped,65.0,20.0,7.1142,6.8774,-0.2367
2026-09-26 21:30:49,1790451049285,eth,1790451000,Down,0.7,0.55,21.4,852,1.04,0.97,stopped,60.0,20.0,11.545,10.6535,-0.8915
2026-09-26 21:32:19,1790451139323,eth,1790451000,Up,0.42,0.35,16.7,762,1.03,0.99,stopped,60.0,20.0,7.5226,6.2905,-1.2321
2026-09-26 21:34:54,1790451294319,eth,1790451000,Down,0.68,0.53,22.1,607,1.04,1.0,stopped,60.0,20.0,11.1478,5.3178,-5.83
2026-09-26 21:36:04,1790451364339,btc,1790451000,Up,0.34,0.23,32.4,537,1.03,1.03,stopped,60.0,20.0,5.0554,2.6314,-2.4239
2026-09-26 21:37:19,1790451439329,btc,1790451000,Up,0.14,0.08,42.9,462,1.03,1.01,stopped,60.0,20.0,1.9147,0.1861,-1.7285
2026-09-26 21:37:19,1790451439330,eth,1790451000,Up,0.5,0.34,32.0,462,1.03,0.94,stopped,60.0,20.0,7.3185,4.9306,-2.3879
2026-09-26 21:38:29,1790451509346,eth,1790451000,Up,0.29,0.24,17.2,392,1.03,1.03,stopped,60.0,20.0,5.2625,2.0629,-3.1996
2026-09-26 21:38:34,1790451514327,btc,1790451000,Up,0.05,0.03,40.0,387,1.03,1.03,stopped,60.0,20.0,0.8538,0.1861,-0.6676
2026-09-26 21:40:09,1790451609875,eth,1790451000,Up,0.12,0.1,16.7,292,1.03,0.91,hedged,14.5,20.0,18.5611,20.0,1.4389
2026-09-26 21:40:29,1790451629394,btc,1790451000,Up,0.059,0.04,32.2,272,1.021,1.021,stopped,60.4,20.0,1.0665,0.1861,-0.8804
2026-09-26 21:40:29,1790451629395,eth,1790451000,Up,0.23,0.13,43.5,272,1.03,1.03,stopped,60.4,20.0,2.9686,1.6853,-1.2832
2026-09-26 21:42:04,1790451724394,eth,1790451000,Up,0.1,0.08,20.0,177,1.03,1.03,stopped,65.0,20.0,1.9147,0.9335,-0.9812
2026-09-26 21:43:29,1790451809411,eth,1790451000,Up,0.05,0.04,20.0,92,1.03,1.03,stopped,60.0,20.0,1.0665,0.1861,-0.8804
2026-09-26 21:47:59,1790452079416,btc,1790451900,Down,0.53,0.44,17.0,721,1.03,1.03,stopped,65.0,20.0,9.3465,6.4858,-2.8607
2026-09-26 21:47:59,1790452079417,eth,1790451900,Down,0.46,0.3,34.8,721,1.04,1.04,stopped,65.0,20.0,6.4995,3.3934,-3.1061
2026-09-26 21:49:29,1790452169391,eth,1790451900,Down,0.19,0.15,21.1,631,1.03,0.88,hedged,50.0,20.0,18.0704,20.0,1.9296
2026-09-26 21:50:04,1790452204430,btc,1790451900,Up,0.68,0.53,22.1,596,1.03,1.03,stopped,65.0,20.0,11.1478,8.6535,-2.4943
2026-09-26 21:52:14,1790452334445,eth,1790451900,Down,0.37,0.24,35.1,466,1.03,0.88,hedged,10.1,20.0,18.1888,20.0,1.8112
2026-09-26 21:52:04,1790452324402,btc,1790451900,Up,0.43,0.34,20.9,476,1.03,1.01,stopped,60.0,20.0,7.3185,6.0954,-1.2231
2026-09-26 21:52:29,1790452349456,eth,1790451900,Down,0.38,0.32,15.8,451,1.06,1.06,stopped,65.0,20.0,6.9095,4.1598,-2.7498
2026-09-26 21:53:39,1790452419407,eth,1790451900,Down,0.23,0.16,30.4,381,1.04,1.01,stopped,65.0,20.0,3.5975,1.874,-1.7235
2026-09-26 21:53:59,1790452439400,btc,1790451900,Down,0.64,0.45,29.7,361,1.03,0.96,stopped,60.0,20.0,9.5478,6.4858,-3.0619
2026-09-26 21:54:59,1790452499423,eth,1790451900,Down,0.11,0.09,18.2,301,1.03,1.03,stopped,65.0,20.0,2.126,0.3726,-1.7534
2026-09-26 21:56:14,1790452574462,eth,1790451900,Down,0.05,0.04,20.0,226,1.03,1.03,stopped,60.0,20.0,1.0665,0.1861,-0.8804
2026-09-26 21:58:09,1790452689499,btc,1790451900,Down,0.22,0.17,22.7,111,1.03,1.03,stopped,65.0,20.0,3.8066,0.1861,-3.6205
2026-09-26 22:00:19,1790452819479,eth,1790452800,Up,0.52,0.41,21.2,881,1.03,1.03,stopped,65.0,20.0,8.741,4.5446,-4.1964
2026-09-26 22:02:49,1790452969488,btc,1790452800,Down,0.47,0.38,19.1,731,1.03,1.03,stopped,65.0,20.0,8.1331,3.5845,-4.5485
2026-09-26 22:02:49,1790452969489,eth,1790452800,Down,0.59,0.49,16.9,731,1.08,1.07,stopped,65.0,20.0,10.35,6.8774,-3.4726
2026-09-26 22:04:14,1790453054521,eth,1790452800,Up,0.66,0.51,22.7,646,1.05,1.0,stopped,65.0,20.0,10.7494,10.0506,-0.6989
2026-09-26 22:05:59,1790453159480,eth,1790452800,Down,0.44,0.35,20.5,541,1.03,0.86,hedged,50.0,20.0,17.8726,20.0,2.1274
2026-09-26 22:06:09,1790453169502,btc,1790452800,Down,0.16,0.13,18.8,531,1.04,0.98,stopped,60.0,20.0,2.9686,3.0118,0.0433
2026-09-26 22:07:04,1790453224489,eth,1790452800,Up,0.56,0.36,35.7,476,1.03,0.79,hedged,10.0,20.0,16.4674,20.0,3.5326
2026-09-26 22:07:19,1790453239461,eth,1790452800,Down,0.7,0.43,38.6,461,1.03,0.92,hedged,10.0,20.0,19.0944,20.0,0.9056
2026-09-26 22:07:14,1790453234518,btc,1790452800,Down,0.18,0.13,27.8,466,1.03,0.98,stopped,64.9,20.0,2.9686,1.497,-1.4716
2026-09-26 22:07:59,1790453279492,eth,1790452800,Down,0.54,0.45,16.7,421,1.05,0.82,hedged,30.0,20.0,17.0703,20.0,2.9297
2026-09-26 22:09:09,1790453349536,eth,1790452800,Up,0.3,0.24,20.0,351,1.03,1.03,stopped,60.5,20.0,5.2625,0.7462,-4.5163
2026-09-26 22:09:14,1790453354505,btc,1790452800,Up,0.87,0.53,39.1,346,1.03,1.03,stopped,65.0,20.0,11.1478,4.1598,-6.988
2026-09-26 22:10:24,1790453424489,btc,1790452800,Up,0.24,0.2,16.7,276,1.03,0.92,hedged,15.0,20.0,18.9205,20.0,1.0795
2026-09-26 22:10:44,1790453444516,btc,1790452800,Down,0.82,0.58,29.3,256,1.03,0.93,stopped,65.0,20.0,12.1387,8.2569,-3.8818
2026-09-26 22:11:34,1790453494515,eth,1790452800,Up,0.16,0.1,37.5,206,1.04,1.01,stopped,60.0,20.0,2.3371,0.5593,-1.7778
2026-09-26 22:13:29,1790453609484,btc,1790452800,Up,0.57,0.39,31.6,91,1.03,1.02,stopped,65.0,20.0,8.336,0.1861,-8.1499
2026-09-26 22:12:39,1790453559481,eth,1790452800,Up,0.05,0.04,20.0,141,1.04,1.04,held_to_resolution,,20.0,1.0665,,
2026-09-26 22:15:19,1790453719536,btc,1790453700,Down,0.47,0.38,19.1,881,1.03,1.03,stopped,60.0,20.0,8.1331,5.706,-2.4271
2026-09-26 22:16:59,1790453819531,btc,1790453700,Down,0.32,0.27,15.6,781,1.03,0.98,stopped,65.0,20.0,5.8822,3.9677,-1.9145
2026-09-26 22:17:04,1790453824505,eth,1790453700,Down,0.4,0.33,17.5,776,1.03,1.0,stopped,60.0,20.0,7.1142,5.1241,-1.9901
2026-09-26 22:18:14,1790453894542,eth,1790453700,Down,0.3,0.25,16.7,706,1.03,0.92,hedged,55.1,20.0,18.9835,20.0,1.0165
2026-09-26 22:18:14,1790453894540,btc,1790453700,Down,0.23,0.19,17.4,706,1.03,1.0,stopped,60.1,20.0,4.224,3.3934,-0.8306
2026-09-26 22:19:54,1790453994511,btc,1790453700,Down,0.19,0.16,15.8,606,1.03,1.02,stopped,60.0,20.0,3.5975,2.0629,-1.5346
2026-09-26 22:21:19,1790454079547,btc,1790453700,Down,0.23,0.19,17.4,521,1.03,1.02,stopped,60.0,20.0,4.224,2.2522,-1.9718
2026-09-26 22:23:09,1790454189577,btc,1790453700,Down,0.13,0.1,23.1,411,1.03,1.03,stopped,65.0,20.0,2.3371,0.9335,-1.4036
2026-09-26 22:24:39,1790454279554,eth,1790453700,Down,0.13,0.11,15.4,321,1.04,1.04,stopped,65.0,20.0,2.5478,0.3726,-2.1753
2026-09-26 22:25:09,1790454309621,btc,1790453700,Down,0.06,0.03,50.0,291,1.03,1.03,stopped,60.5,20.0,0.8538,0.1861,-0.6676
2026-09-26 22:26:19,1790454379569,eth,1790453700,Down,0.05,0.03,40.0,221,1.04,1.02,stopped,60.0,20.0,0.8538,0.1861,-0.6676
2026-09-26 22:30:59,1790454659639,eth,1790454600,Up,0.51,0.38,25.5,841,1.03,0.9,hedged,60.0,20.0,18.6829,20.0,1.3171
2026-09-26 22:31:59,1790454719605,btc,1790454600,Down,0.51,0.43,15.7,781,1.03,0.99,stopped,65.0,20.0,9.145,7.8613,-1.2836
2026-09-26 22:32:09,1790454729635,eth,1790454600,Up,0.42,0.34,19.0,771,1.03,0.85,hedged,55.0,20.0,17.6685,20.0,2.3315
2026-09-26 22:35:14,1790454914652,eth,1790454600,Up,0.52,0.44,15.4,586,1.03,1.03,stopped,60.5,20.0,9.3465,6.4858,-2.8607
2026-09-26 22:35:29,1790454929587,btc,1790454600,Up,0.59,0.44,25.4,571,1.03,0.93,stopped,60.4,20.0,9.3465,10.0506,0.7041
2026-09-26 22:37:09,1790455029672,eth,1790454600,Up,0.42,0.32,23.8,471,1.03,1.01,stopped,65.0,20.0,6.9095,4.5446,-2.3649
2026-09-26 22:38:34,1790455114578,eth,1790454600,Up,0.24,0.2,16.7,386,1.03,1.03,stopped,60.0,20.0,4.4323,1.121,-3.3112
2026-09-26 22:38:44,1790455124643,btc,1790454600,Up,0.52,0.41,21.2,376,1.03,1.02,stopped,65.0,20.0,8.741,1.121,-7.62
2026-09-26 22:39:54,1790455194603,btc,1790454600,Up,0.09,0.06,33.3,306,1.03,1.03,stopped,60.0,20.0,1.4911,0.1861,-1.305
2026-09-26 22:39:44,1790455184613,eth,1790454600,Up,0.09,0.03,66.7,316,1.03,1.01,stopped,105.9,20.0,0.8538,0.1861,-0.6676
2026-09-26 22:45:14,1790455514624,btc,1790455500,Down,0.39,0.31,20.5,886,1.03,1.03,stopped,60.0,20.0,6.7046,4.3521,-2.3526
2026-09-26 22:46:30,1790455590076,btc,1790455500,Down,0.24,0.2,16.7,811,1.03,0.9,hedged,39.6,20.0,18.5317,20.0,1.4683
2026-09-26 22:46:30,1790455590532,eth,1790455500,Down,0.26,0.2,23.1,811,1.03,0.75,hedged,44.2,20.0,15.58,20.0,4.42
2026-09-26 22:47:19,1790455639690,btc,1790455500,Up,0.68,0.56,17.6,761,1.03,1.03,stopped,65.0,20.0,11.7431,8.059,-3.6842
2026-09-26 22:47:39,1790455659686,eth,1790455500,Up,0.41,0.34,17.1,741,1.07,1.0,stopped,65.1,20.0,7.3185,5.706,-1.6125
2026-09-26 22:49:59,1790455799664,eth,1790455500,Up,0.27,0.22,18.5,601,1.03,0.73,stopped,60.0,20.0,4.8479,9.65,4.8021
2026-09-26 22:50:14,1790455814756,btc,1790455500,Down,0.68,0.55,19.1,586,1.03,1.03,stopped,60.0,20.0,11.545,4.1598,-7.3852
2026-09-26 22:51:44,1790455904684,eth,1790455500,Down,0.45,0.37,17.8,496,1.03,1.03,stopped,65.0,20.0,7.9298,4.3521,-3.5778
2026-09-26 22:51:54,1790455914664,btc,1790455500,Down,0.17,0.14,17.6,486,1.03,1.03,stopped,60.0,20.0,3.1785,1.121,-2.0575
2026-09-26 22:53:09,1790455989711,btc,1790455500,Down,0.08,0.06,25.0,411,1.03,1.03,stopped,65.0,20.0,1.4911,0.1861,-1.305
2026-09-26 22:53:14,1790455994706,eth,1790455500,Down,0.22,0.16,27.3,406,1.03,1.03,stopped,60.0,20.0,3.5975,1.874,-1.7235
2026-09-26 22:54:19,1790456059723,eth,1790455500,Down,0.12,0.09,25.0,341,1.03,1.02,stopped,65.0,20.0,2.126,0.1861,-1.9399
2026-09-26 23:01:44,1790456504796,btc,1790456400,Down,0.5,0.41,18.0,796,1.03,1.0,stopped,64.9,20.0,8.741,7.2702,-1.4709
2026-09-26 23:04:09,1790456649779,btc,1790456400,Down,0.39,0.3,23.1,651,1.03,1.03,stopped,65.0,20.0,6.4995,2.6314,-3.868
2026-09-26 23:04:09,1790456649780,eth,1790456400,Down,0.45,0.34,24.4,651,1.03,1.03,stopped,65.0,20.0,7.3185,3.2025,-4.116
2026-09-26 23:07:04,1790456824739,btc,1790456400,Down,0.13,0.11,15.4,476,1.03,0.98,stopped,60.1,20.0,2.5478,1.497,-1.0509
2026-09-26 23:07:24,1790456844766,eth,1790456400,Down,0.26,0.22,15.4,456,1.03,1.01,stopped,60.0,20.0,4.8479,3.5845,-1.2634
2026-09-26 23:08:44,1790456924748,btc,1790456400,Down,0.09,0.07,22.2,376,1.03,1.03,stopped,60.0,20.0,1.703,0.7462,-0.9568
2026-09-26 23:09:39,1790456979765,eth,1790456400,Down,0.14,0.11,21.4,321,1.03,1.03,stopped,60.0,20.0,2.5478,1.121,-1.4268
2026-09-26 23:10:09,1790457009755,btc,1790456400,Down,0.06,0.05,16.7,291,1.03,1.03,stopped,60.1,20.0,1.279,0.5593,-0.7197
2026-09-26 23:11:24,1790457084786,btc,1790456400,Down,0.05,0.04,20.0,216,1.03,1.03,held_to_resolution,,20.0,1.0665,,
2026-09-26 23:11:24,1790457084788,eth,1790456400,Down,0.07,0.03,57.1,216,1.03,1.02,held_to_resolution,,20.0,0.8538,,
2026-09-26 23:17:34,1790457454786,btc,1790457300,Down,0.4,0.34,15.0,746,1.03,1.03,stopped,60.0,20.0,7.3185,5.9005,-1.418
2026-09-26 23:18:04,1790457484803,eth,1790457300,Down,0.38,0.31,18.4,716,1.04,1.04,stopped,60.0,20.0,6.7046,3.9677,-2.7369
2026-09-26 23:19:24,1790457564797,btc,1790457300,Down,0.29,0.24,17.2,636,1.03,0.92,hedged,40.1,20.0,18.972,20.0,1.028
2026-09-26 23:19:24,1790457564799,eth,1790457300,Down,0.22,0.18,18.2,636,1.03,0.99,stopped,60.0,20.0,4.0155,3.776,-0.2395
2026-09-26 23:20:19,1790457619815,btc,1790457300,Up,0.67,0.55,17.9,581,1.03,1.03,stopped,60.0,20.0,11.545,7.2702,-4.2748
2026-09-26 23:22:39,1790457759829,btc,1790457300,Down,0.56,0.45,19.6,441,1.03,1.03,stopped,65.0,20.0,9.5478,6.8774,-2.6703
2026-09-26 23:22:39,1790457759831,eth,1790457300,Down,0.3,0.25,16.7,441,1.03,1.03,stopped,65.0,20.0,5.4694,3.2025,-2.2669
2026-09-26 23:24:14,1790457854857,eth,1790457300,Down,0.19,0.16,15.8,346,1.04,1.0,stopped,60.1,20.0,3.5975,0.7462,-2.8513
2026-09-26 23:24:49,1790457889833,btc,1790457300,Down,0.33,0.28,15.2,311,1.03,1.02,stopped,60.0,20.0,6.0883,0.9335,-5.1548
2026-09-26 23:25:29,1790457929829,eth,1790457300,Down,0.06,0.05,16.7,271,1.03,1.03,stopped,60.5,20.0,1.279,0.1861,-1.0928
2026-09-26 23:26:39,1790457999871,btc,1790457300,Down,0.06,0.05,16.7,201,1.03,1.02,stopped,65.0,20.0,1.279,0.1861,-1.0928
2026-09-26 23:30:14,1790458214871,btc,1790458200,Down,0.35,0.24,31.4,886,1.03,0.88,hedged,25.0,20.0,18.581,20.0,1.419
2026-09-26 23:30:39,1790458239833,eth,1790458200,Up,0.61,0.48,21.3,861,1.03,1.02,stopped,60.0,20.0,10.1499,6.6815,-3.4684
2026-09-26 23:34:44,1790458484894,btc,1790458200,Down,0.36,0.25,30.6,616,1.03,1.02,stopped,65.0,20.0,5.4694,3.776,-1.6934
2026-09-26 23:34:44,1790458484895,eth,1790458200,Down,0.49,0.31,36.7,616,1.03,1.01,stopped,65.0,20.0,6.7046,3.5845,-3.1201
2026-09-26 23:38:04,1790458684875,btc,1790458200,Down,0.29,0.24,17.2,416,1.03,1.01,stopped,60.0,20.0,5.2625,4.5446,-0.7179
2026-09-26 23:39:19,1790458759903,eth,1790458200,Down,0.45,0.36,20.0,341,1.04,0.88,hedged,10.0,20.0,18.2762,20.0,1.7238
2026-09-26 23:39:34,1790458774926,eth,1790458200,Up,0.62,0.5,19.4,326,1.04,1.04,stopped,65.0,20.0,10.5499,5.3178,-5.2321
2026-09-26 23:40:19,1790458819894,btc,1790458200,Up,0.74,0.62,16.2,281,1.03,1.03,stopped,60.1,20.0,12.9263,7.8613,-5.065
2026-09-26 23:41:34,1790458894931,btc,1790458200,Up,0.43,0.33,23.3,206,1.03,0.83,hedged,25.0,20.0,17.264,20.0,2.736
2026-09-26 23:42:04,1790458924873,btc,1790458200,Down,0.72,0.49,31.9,176,1.03,0.91,hedged,30.1,20.0,18.8887,20.0,1.1113
2026-09-26 23:43:04,1790458984906,eth,1790458200,Down,0.69,0.57,17.4,116,1.04,0.87,hedged,25.0,20.0,18.0293,20.0,1.9707
2026-09-26 23:43:04,1790458984904,btc,1790458200,Down,0.56,0.25,55.4,116,1.03,0.79,hedged,30.0,20.0,18.9835,20.0,1.0165
